metric,value
MAE,200.5279158713386
RMSE,254.1809531413474
R2,0.8823259831509572
