TransactionID,Transaction_DateTime,TransactionAmt,card4,card6,Customer_Email,Card_BIN,BIN_Risk_Level,Card_Last4,Customer_Status,Risk_Score,Rule_Triggered,Final_Outcome,Chargeback_Flag,Velocity_Attack_Flag,DeviceType,DeviceInfo,P_emaildomain,isFraud
3095550,2025-01-25 19:39:04,375,visa,credit,john.lim286@anonymous.com,459009,Medium,9077,New User,66,HIGH_AMOUNT,Rejected,No,No,desktop,Windows,anonymous.com,0
3549342,2025-06-22 13:10:50,106,mastercard,credit,tom.wong829@gmail.com,549793,Low,3104,New User,49,,Approved,No,No,desktop,0,,0
3105576,2025-01-27 19:25:26,20.988,visa,debit,tom.tan789@hotmail.com,458717,Low,4377,Existing User,45,,Approved,No,No,desktop,0,hotmail.com,0
3005391,2025-01-06 17:41:30,100,visa,credit,mike.chan183@yahoo.com,428539,Low,2364,Existing User,20,,Approved,No,No,desktop,Windows,yahoo.com,0
3018720,2025-01-10 00:25:30,37.079,mastercard,debit,amy.lee935@gmail.com,513796,Low,9462,New User,47,,Approved,No,No,desktop,Windows,gmail.com,0
3109545,2025-01-28 20:33:56,150,visa,credit,mike.teo796@anonymous.com,454482,Low,3826,Existing User,42,,Approved,No,No,desktop,Windows,anonymous.com,0
3327275,2025-04-07 22:25:06,100,visa,debit,sarah.wong945@gmail.com,416111,Low,9745,Existing User,31,,Approved,No,No,desktop,Windows,gmail.com,0
3033744,2025-01-13 21:24:42,50,visa,debit,mike.wong795@gmail.com,475700,Low,7030,Existing User,34,,Approved,No,No,desktop,Windows,gmail.com,0
3117563,2025-01-30 22:31:46,34.747,mastercard,debit,amy.lim361@hotmail.com,533329,Low,2020,Existing User,27,,Approved,No,No,mobile,7048A Build/LRX22G,hotmail.com,0
3338454,2025-04-11 05:04:19,150,discover,credit,anna.tan758@msn.com,633731,Low,2539,Existing User,34,,Approved,Yes,No,mobile,iOS Device,msn.com,1
3394752,2025-04-30 02:19:47,47.792,visa,debit,sarah.goh814@hotmail.com,429578,Low,8516,Existing User,41,,Approved,No,No,mobile,0,hotmail.com,0
3319939,2025-04-05 20:55:55,150,mastercard,debit,john.lee210@gmail.com,511679,Low,1128,New User,46,,Approved,No,No,mobile,iOS Device,gmail.com,0
3523313,2025-06-13 15:42:46,100,visa,credit,mike.wong755@comcast.net,412741,Low,7269,Existing User,26,,Approved,No,No,desktop,MacOS,comcast.net,0
3390355,2025-04-28 20:13:29,69.483,visa,credit,anna.chan428@yahoo.com.mx,492177,Low,5433,New User,49,,Approved,No,No,mobile,SM-A320Y Build/NRD90M,yahoo.com.mx,0
3075252,2025-01-22 14:59:26,150,visa,credit,alex.teo940@aol.com,497776,Low,6613,Existing User,29,,Approved,No,No,mobile,iOS Device,aol.com,0
3326726,2025-04-07 19:58:50,92.745,mastercard,debit,alex.tan510@hotmail.com,510978,Low,7608,New User,48,,Approved,No,No,desktop,Windows,hotmail.com,0
3390212,2025-04-28 19:26:32,12.93,mastercard,debit,john.chan143@gmail.com,521396,Low,2894,Existing User,24,,Approved,No,No,desktop,Trident/7.0,gmail.com,0
3554467,2025-06-24 01:12:57,33.814,visa,debit,anna.ong471@gmail.com,458093,Low,5936,New User,46,,Approved,No,No,desktop,0,gmail.com,0
3551241,2025-06-22 23:06:42,12.665,mastercard,debit,jason.chan342@gmail.com,558825,Low,5919,Existing User,40,,Approved,No,No,mobile,ALP-L09 Build/HUAWEIALP-L09S,gmail.com,0
3506362,2025-06-07 19:10:13,100,visa,credit,tom.goh789@gmail.com,416383,Low,5480,Existing User,29,,Approved,No,No,mobile,iOS Device,,0
3380704,2025-04-25 14:13:08,91.234,mastercard,debit,david.lee953@hotmail.com,554582,Low,3949,Existing User,42,,Approved,No,No,mobile,0,hotmail.com,0
3443200,2025-05-15 23:11:58,42.052,visa,debit,anna.ng584@anonymous.com,401395,Medium,5925,Existing User,54,,Approved,No,Yes,desktop,Windows,anonymous.com,0
3131148,2025-02-04 07:06:55,9.095,visa,credit,john.goh513@hotmail.com,468004,Low,1802,New User,34,,Approved,Yes,No,desktop,Windows,hotmail.com,1
3021150,2025-01-10 19:24:40,150,mastercard,credit,amy.tan259@aol.com,512276,Low,5668,Existing User,25,,Approved,No,No,mobile,iOS Device,aol.com,0
2987145,2025-01-02 00:40:05,100,american express,credit,john.tan61@anonymous.com,373426,Medium,5455,Existing User,53,,Approved,No,No,mobile,iOS Device,anonymous.com,0
3269318,2025-03-21 19:16:07,20,mastercard,debit,lisa.ong658@anonymous.com,539429,Medium,1866,Existing User,50,,Approved,No,No,desktop,MacOS,anonymous.com,0
3297374,2025-03-31 06:16:48,25,visa,debit,lisa.ng519@gmail.com,411492,Low,8517,Existing User,40,,Approved,No,No,desktop,MacOS,gmail.com,0
3042683,2025-01-15 22:43:29,140.328,mastercard,debit,lisa.tan203@gmail.com,533158,Low,5450,Existing User,33,,Approved,Yes,No,mobile,ALE-L23 Build/HuaweiALE-L23,gmail.com,1
3394338,2025-04-30 00:11:49,73.229,visa,debit,david.lee736@gmail.com,478020,Low,4144,Existing User,35,,Approved,No,No,mobile,5011A Build/NRD90M,gmail.com,0
3423990,2025-05-08 21:38:13,25.084,mastercard,debit,tom.tan857@gmail.com,546384,Low,4306,Existing User,22,,Approved,No,No,desktop,Windows,gmail.com,0
3560067,2025-06-26 01:57:10,75,visa,debit,john.koh660@gmail.com,470968,Low,5587,Existing User,28,,Approved,No,No,desktop,Windows,,0
3335028,2025-04-10 04:20:11,11.903,visa,debit,anna.wong575@gmail.com,405397,Low,2540,Existing User,21,,Approved,No,No,desktop,Windows,,0
3388286,2025-04-28 00:54:58,25,visa,debit,tom.koh536@anonymous.com,494524,Low,1135,Existing User,47,,Approved,Yes,No,desktop,rv:52.0,anonymous.com,1
3196422,2025-02-25 22:51:59,300,visa,credit,alex.wong68@gmail.com,436789,Low,5356,Existing User,31,,Approved,Yes,No,desktop,rv:11.0,gmail.com,1
3563433,2025-06-27 11:55:52,35,mastercard,debit,anna.lim53@gmail.com,517888,Low,1597,Existing User,30,,Approved,Yes,No,desktop,Windows,,1
3108145,2025-01-28 15:15:23,20,visa,credit,amy.lee619@gmail.com,402627,Low,1930,New User,42,,Approved,No,No,desktop,Windows,,0
3391715,2025-04-29 03:43:24,39.394,visa,debit,tom.lim142@hotmail.com,477252,Low,2935,Existing User,36,,Approved,No,No,mobile,Tmovi Build/Vision,hotmail.com,0
3059868,2025-01-19 19:01:08,18.656,visa,credit,jason.lim955@gmail.com,425678,Low,8257,Existing User,25,,Approved,Yes,No,desktop,Windows,gmail.com,1
3451733,2025-05-19 13:09:47,16.231,visa,debit,david.lee993@gmail.com,481249,Low,9946,Existing User,39,,Approved,No,No,mobile,Alcatel_5098O Build/MMB29M,gmail.com,0
3084581,2025-01-23 21:41:15,250,visa,debit,lisa.chan171@bellsouth.net,470743,Medium,9893,New User,52,,Approved,No,No,desktop,MacOS,bellsouth.net,0
3380263,2025-04-25 03:23:26,81.446,visa,credit,alex.wong167@gmail.com,417175,Low,4673,Existing User,24,,Approved,No,No,desktop,Windows,gmail.com,0
3205950,2025-03-01 04:58:02,152.621,visa,debit,anna.lee515@hotmail.com,472022,Low,3570,Existing User,43,,Approved,No,Yes,mobile,0,hotmail.com,0
3482464,2025-05-30 21:10:06,150,visa,credit,david.koh845@gmail.com,452605,Low,6090,Existing User,23,,Approved,No,No,desktop,Windows,gmail.com,0
3058212,2025-01-19 14:33:42,250,visa,credit,alex.teo82@gmail.com,453855,Low,9687,Existing User,37,,Approved,No,No,desktop,Windows,gmail.com,0
3100124,2025-01-26 14:20:40,50,mastercard,debit,anna.lee93@gmail.com,538580,Low,5057,Existing User,28,,Approved,No,No,mobile,Linux x86_64,,0
3083438,2025-01-23 19:18:55,50,visa,credit,anna.lee241@gmail.com,476280,Low,6534,Existing User,18,,Approved,No,No,desktop,Windows,gmail.com,0
2995308,2025-01-03 21:47:33,35,visa,debit,mike.koh382@gmail.com,425331,Low,2774,Existing User,41,,Approved,No,No,mobile,iOS Device,gmail.com,0
2996872,2025-01-04 13:52:31,50,visa,credit,lisa.lee686@gmail.com,478857,Low,2018,New User,44,,Approved,No,No,desktop,MacOS,gmail.com,0
3035447,2025-01-14 05:51:44,25.069,visa,debit,anna.ng645@hotmail.com,473226,Low,1720,Existing User,31,,Approved,No,No,desktop,Windows,hotmail.com,0
3076947,2025-01-22 19:13:28,200,visa,credit,jason.koh684@comcast.net,464724,Low,1457,Existing User,21,,Approved,No,No,desktop,Windows,comcast.net,0
3476177,2025-05-28 16:26:15,50,visa,credit,david.tan674@comcast.net,404898,Low,5813,New User,37,,Approved,No,No,desktop,MacOS,comcast.net,0
3011592,2025-01-08 04:01:32,100,mastercard,debit,amy.ng166@gmail.com,512815,Low,3220,Existing User,34,,Approved,No,No,mobile,SM-N950U Build/NMF26X,gmail.com,0
3509573,2025-06-08 20:59:22,128.617,visa,credit,anna.chan539@hotmail.com,442634,Low,9341,Existing User,27,,Approved,Yes,No,mobile,SAMSUNG SM-G610M Build/MMB29K,hotmail.com,1
3081295,2025-01-23 15:15:33,125,visa,debit,sarah.lee533@outlook.com,420687,Low,7865,New User,38,,Approved,No,No,desktop,MacOS,outlook.com,0
3224388,2025-03-06 21:18:48,125,mastercard,debit,john.ng772@gmail.com,527940,Low,8994,Existing User,28,,Approved,No,No,desktop,Windows,gmail.com,0
3382138,2025-04-25 21:59:55,20.301,visa,debit,jason.lee363@outlook.com,451495,Low,8080,New User,49,,Approved,No,No,mobile,ALE-L23 Build/HuaweiALE-L23,outlook.com,0
3204030,2025-02-28 16:45:35,63.26,visa,debit,david.lee873@gmail.com,441916,Low,4179,Existing User,39,,Approved,No,No,mobile,SM-J510MN Build/MMB29M,gmail.com,0
3520868,2025-06-12 18:57:54,23.608,visa,debit,david.wong798@gmail.com,443313,Medium,7691,New User,61,NEW_USER_RULE,Rejected,No,No,mobile,0,gmail.com,0
3088000,2025-01-24 15:43:13,75,visa,credit,anna.lim589@gmail.com,427731,Low,6990,Existing User,21,,Approved,No,No,desktop,MacOS,gmail.com,0
3449482,2025-05-18 17:43:50,10,mastercard,credit,david.ng676@yahoo.com,537165,Low,3455,Existing User,24,,Approved,No,No,desktop,Windows,,0
3194899,2025-02-25 14:13:14,18.306,visa,credit,lisa.ong735@hotmail.com,466232,Low,3953,Existing User,29,,Approved,No,No,mobile,ZTE BLADE A512 Build/MMB29M,hotmail.com,0
3409660,2025-05-04 20:23:42,250,visa,credit,sarah.wong791@gmail.com,426033,Low,8641,Existing User,36,,Approved,No,No,mobile,iOS Device,gmail.com,0
3311562,2025-04-03 20:05:43,40.481,visa,credit,mike.ong446@hotmail.com,455302,Low,9336,Existing User,49,,Approved,No,No,mobile,0,hotmail.com,0
3535511,2025-06-17 16:55:47,100,visa,debit,tom.wong848@gmail.com,429741,Low,6639,Existing User,39,,Approved,No,No,mobile,SM-G930V Build/NRD90M,gmail.com,0
3013201,2025-01-08 18:40:43,15,mastercard,debit,jason.koh59@me.com,525167,Medium,3329,New User,58,,Approved,No,No,mobile,iOS Device,me.com,0
2989091,2025-01-02 15:35:05,100,visa,credit,amy.ng172@comcast.net,401529,Low,1944,Existing User,19,,Approved,No,No,desktop,rv:57.0,comcast.net,0
3148252,2025-02-09 12:51:15,6,mastercard,debit,amy.tan733@yahoo.com,538258,Low,4216,Existing User,25,,Approved,No,No,desktop,Windows,,0
3040441,2025-01-15 15:30:44,100,visa,debit,david.goh486@gmail.com,419122,Low,2055,Existing User,25,,Approved,No,No,desktop,Trident/7.0,gmail.com,0
2996972,2025-01-04 14:47:07,24.017,visa,credit,john.lim942@yahoo.es,458174,Low,5924,Existing User,32,,Approved,No,No,desktop,0,yahoo.es,0
3334911,2025-04-10 03:15:57,300,visa,credit,john.koh811@gmail.com,429847,Low,6180,Existing User,25,,Approved,No,No,desktop,Windows,gmail.com,0
3525292,2025-06-14 02:47:23,100,visa,debit,david.ong791@aol.com,466361,Low,3542,Existing User,39,,Approved,No,No,mobile,iOS Device,aol.com,0
3446123,2025-05-17 02:53:22,35.781,visa,credit,david.goh450@anonymous.com,471194,Medium,8498,Existing User,54,,Approved,No,No,mobile,HUAWEI VNS-L53 Build/HUAWEIVNS-L53,anonymous.com,0
3070753,2025-01-21 18:02:50,500,mastercard,credit,amy.chan454@anonymous.com,548707,Medium,6050,Existing User,56,,Approved,No,No,desktop,Windows,anonymous.com,0
3069370,2025-01-21 14:24:46,40,visa,credit,alex.ong52@anonymous.com,480643,Low,4153,Existing User,43,,Approved,No,No,desktop,Trident/7.0,anonymous.com,0
3008504,2025-01-07 14:24:46,100,mastercard,credit,david.goh303@anonymous.com,536048,Low,5989,Existing User,41,,Approved,No,No,desktop,rv:11.0,anonymous.com,0
3290635,2025-03-28 22:52:19,58.728,visa,debit,amy.goh36@gmail.com,495471,Low,8088,Existing User,28,,Approved,No,No,desktop,Windows,gmail.com,0
3044248,2025-01-16 06:14:04,50,visa,credit,lisa.goh648@me.com,480710,Low,2171,New User,43,,Approved,No,No,desktop,MacOS,me.com,0
3249150,2025-03-14 22:36:43,150,visa,credit,anna.wong713@cox.net,460763,Low,8766,New User,49,,Approved,No,No,mobile,iOS Device,cox.net,0
3078648,2025-01-22 23:39:53,250,visa,credit,john.ong937@anonymous.com,430758,Medium,1810,New User,68,,Approved,No,No,desktop,MacOS,anonymous.com,0
3307747,2025-04-03 04:50:55,15.951,visa,debit,jason.tan247@hotmail.com,453442,Low,7592,Existing User,43,,Approved,No,No,desktop,0,hotmail.com,0
3001208,2025-01-05 17:18:51,100,visa,credit,jason.tan112@yahoo.com,498498,Low,9799,New User,40,,Approved,No,Yes,desktop,Windows,yahoo.com,0
3347187,2025-04-14 07:29:29,25,visa,credit,jason.tan495@gmail.com,445459,Low,3529,Existing User,27,,Approved,No,No,mobile,E6810,gmail.com,0
3385414,2025-04-27 02:51:33,54.378,visa,credit,tom.teo144@gmail.com,464307,Low,3827,Existing User,28,,Approved,Yes,No,desktop,0,gmail.com,1
3071237,2025-01-21 19:06:35,95.845,visa,debit,lisa.teo287@hotmail.com,420172,Low,6671,Existing User,29,,Approved,No,No,desktop,Windows,hotmail.com,0
3113974,2025-01-30 01:33:45,30,visa,debit,alex.lim361@gmail.com,470404,Low,2540,Existing User,43,,Approved,No,No,mobile,iOS Device,gmail.com,0
3087039,2025-01-24 05:33:02,62.615,visa,credit,sarah.lim76@hotmail.com,431067,Low,1741,Existing User,38,,Approved,No,No,mobile,0,hotmail.com,0
3440441,2025-05-15 00:08:07,6.767,visa,credit,john.lee176@outlook.com,430675,Low,3235,Existing User,20,,Approved,No,No,desktop,Windows,outlook.com,0
3075907,2025-01-22 16:51:01,100,visa,debit,john.lim344@anonymous.com,419195,Medium,9745,New User,69,,Approved,No,No,desktop,Windows,anonymous.com,0
3007568,2025-01-07 01:56:15,41.327,visa,credit,sarah.ong585@gmail.com,496400,Low,7236,Existing User,32,,Approved,No,No,mobile,LG-D693n Build/LRX22G,gmail.com,0
3380019,2025-04-25 01:21:53,33.352,visa,debit,david.koh305@anonymous.com,488217,Low,7762,Existing User,48,,Approved,No,No,desktop,Windows,anonymous.com,0
3284000,2025-03-26 21:39:31,250,american express,credit,amy.teo414@anonymous.com,373457,Medium,4031,Existing User,60,,Approved,No,No,mobile,iOS Device,anonymous.com,0
3014875,2025-01-09 01:16:36,50,visa,credit,amy.chan791@hotmail.com,468191,Low,2881,Existing User,28,,Approved,No,No,mobile,iOS Device,hotmail.com,0
3197358,2025-02-26 04:37:27,32.356,visa,debit,mike.lee762@hotmail.com,453645,Low,2426,Existing User,48,,Approved,No,No,mobile,0,hotmail.com,0
3408868,2025-05-04 17:03:10,100,visa,credit,mike.koh710@hotmail.com,448852,Low,9211,New User,39,,Approved,No,No,desktop,Windows,,0
3391773,2025-04-29 04:16:52,69.483,mastercard,credit,tom.chan617@gmail.com,536854,Low,4702,Existing User,27,,Approved,No,No,mobile,SM-G610M Build/MMB29K,gmail.com,0
3012479,2025-01-08 16:12:15,42.052,visa,credit,john.ong561@gmail.com,447561,Low,7839,Existing User,20,,Approved,No,No,desktop,rv:57.0,gmail.com,0
3526404,2025-06-14 16:17:09,106,mastercard,credit,lisa.ong818@yahoo.com,543411,Low,1241,Existing User,17,,Approved,No,No,desktop,Windows,,0
3277574,2025-03-24 20:39:19,4.229,visa,debit,john.koh419@hotmail.com,454452,Low,3930,Existing User,31,,Approved,No,No,desktop,Windows,hotmail.com,0
3307651,2025-04-03 04:00:34,22.053,mastercard,credit,lisa.koh100@gmail.com,526553,Low,6349,Existing User,18,,Approved,No,No,desktop,Windows,gmail.com,0
3018296,2025-01-09 22:54:30,45.241,mastercard,credit,lisa.chan471@hotmail.com,536975,Medium,3802,New User,56,,Approved,No,No,mobile,0,hotmail.com,0
3210993,2025-03-03 01:04:56,36.735,visa,debit,mike.koh59@hotmail.com,409981,Medium,8228,New User,56,,Approved,No,No,mobile,0,hotmail.com,0
3065609,2025-01-20 19:21:52,18.656,visa,credit,david.chan483@gmail.com,465738,Low,5566,Existing User,22,,Approved,Yes,No,desktop,Windows,gmail.com,1
3120901,2025-01-31 21:58:46,50,visa,debit,tom.tan517@gmail.com,405886,Low,5147,Existing User,26,,Approved,No,No,desktop,MacOS,gmail.com,0
3271811,2025-03-22 20:33:10,8.641,mastercard,debit,alex.koh670@gmail.com,525370,Low,2083,Existing User,26,,Approved,No,No,mobile,M4,gmail.com,0
3112950,2025-01-29 20:56:40,400,mastercard,credit,david.chan375@gmail.com,529081,Low,5537,Existing User,46,,Approved,Yes,No,mobile,LG-K330,gmail.com,1
3057521,2025-01-19 05:10:45,55.56,visa,debit,sarah.koh817@gmail.com,402745,Low,4952,Existing User,26,,Approved,No,No,mobile,PRA-LX3 Build/HUAWEIPRA-LX3,gmail.com,0
3151511,2025-02-10 15:03:38,100,visa,credit,john.chan379@yahoo.com,460090,Low,6677,Existing User,27,,Approved,No,No,desktop,Windows,yahoo.com,0
3518941,2025-06-12 00:53:31,2.846,visa,debit,amy.teo613@gmail.com,465542,Low,2323,New User,49,,Approved,No,No,desktop,0,gmail.com,0
3138918,2025-02-06 05:06:59,20.23,mastercard,credit,david.koh718@gmail.com,557185,Low,3021,Existing User,19,,Approved,No,No,desktop,Windows,gmail.com,0
3323213,2025-04-06 19:27:08,100,visa,credit,lisa.goh407@aol.com,498664,Low,1801,Existing User,18,,Approved,No,No,desktop,Windows,aol.com,0
3281903,2025-03-26 04:45:34,40.959,visa,debit,mike.lim866@hotmail.com,458255,Low,6972,Existing User,25,,Approved,No,No,mobile,PRA-LX3 Build/HUAWEIPRA-LX3,hotmail.com,0
3228317,2025-03-07 23:38:51,52.686,visa,credit,jason.lee660@yahoo.com.mx,467647,Low,1652,Existing User,46,,Approved,No,No,mobile,0,yahoo.com.mx,0
3099431,2025-01-26 07:00:45,35,visa,debit,david.wong13@gmail.com,436572,Low,5557,Existing User,37,,Approved,No,Yes,mobile,iOS Device,gmail.com,0
3442170,2025-05-15 18:29:20,82.691,mastercard,credit,anna.ong473@mail.com,547688,Low,5320,Existing User,22,,Approved,No,No,desktop,Windows,mail.com,0
3384713,2025-04-26 22:23:46,66.22,visa,debit,jason.chan239@hotmail.com,499139,Low,8604,Existing User,45,,Approved,No,Yes,mobile,0,hotmail.com,0
3158492,2025-02-12 21:17:16,130.709,visa,debit,tom.wong806@hotmail.com,448977,Low,5524,New User,43,,Approved,No,No,desktop,Windows,hotmail.com,0
2988778,2025-01-02 14:34:04,50,discover,credit,john.goh534@hotmail.com,636556,Low,9089,New User,33,,Approved,No,No,desktop,Windows,hotmail.com,0
3099617,2025-01-26 09:52:41,100,mastercard,credit,david.ng668@gmail.com,534311,Low,9687,Existing User,40,,Approved,No,No,mobile,iOS Device,gmail.com,0
3368375,2025-04-21 15:01:46,300,visa,credit,john.goh337@gmail.com,423049,Medium,9857,New User,60,HIGH_AMOUNT,Rejected,No,No,mobile,iOS Device,gmail.com,0
3106459,2025-01-27 22:51:30,200,visa,debit,lisa.tan801@icloud.com,461046,Low,4429,Existing User,43,,Approved,No,No,mobile,iOS Device,icloud.com,0
3525771,2025-06-14 13:21:08,64.8,visa,debit,jason.lee140@hotmail.com,440413,Medium,6778,New User,54,,Approved,Yes,No,mobile,0,hotmail.com,1
3567912,2025-06-29 13:22:15,100,visa,credit,sarah.lee495@gmail.com,486643,Low,7415,Existing User,32,,Approved,No,No,mobile,iOS Device,gmail.com,0
3064424,2025-01-20 16:18:13,250,visa,credit,tom.tan624@gmail.com,485632,Low,8761,New User,46,,Approved,No,No,desktop,Trident/7.0,gmail.com,0
3262578,2025-03-19 15:05:02,100,visa,debit,lisa.tan656@anonymous.com,469554,Medium,3557,Existing User,50,,Approved,No,No,desktop,Windows,anonymous.com,0
3039290,2025-01-15 02:48:15,50,mastercard,debit,anna.goh862@yahoo.com,558328,Low,6117,Existing User,27,,Approved,No,No,desktop,Windows,,0
3546741,2025-06-21 16:14:33,63.201,visa,debit,anna.koh203@gmail.com,450220,Low,4679,Existing User,48,,Approved,No,No,mobile,0,gmail.com,0
3062264,2025-01-20 01:13:11,75,visa,credit,tom.tan472@live.com,499475,Low,6980,Existing User,22,,Approved,No,No,desktop,Trident/7.0,live.com,0
3246863,2025-03-14 00:43:40,50,visa,debit,tom.goh955@gmail.com,488442,Low,4627,New User,40,,Approved,No,No,desktop,Windows,,0
3456068,2025-05-20 22:12:25,20.657,mastercard,credit,anna.lim563@gmail.com,557699,Low,6036,Existing User,16,,Approved,No,No,desktop,Moto G (5) Plus Build/NPN25.137-82,gmail.com,0
3246360,2025-03-13 22:43:02,14.993,visa,debit,amy.teo213@gmail.com,474372,Low,2854,Existing User,29,,Approved,No,No,mobile,Ilium LT510 Build/MRA58K,gmail.com,0
3035373,2025-01-14 04:55:27,30,visa,credit,david.lim375@gmail.com,468975,Low,4078,New User,38,,Approved,No,No,desktop,Windows,,0
3375610,2025-04-23 19:59:41,24.41,mastercard,credit,amy.chan597@hotmail.com,551172,Low,6263,Existing User,18,,Approved,No,No,desktop,Windows,hotmail.com,0
3434367,2025-05-12 20:42:33,5.797,visa,debit,lisa.chan707@outlook.com,411942,Low,3019,Existing User,32,,Approved,No,No,desktop,Moto E (4) Build/NMA26.42-69,outlook.com,0
3562797,2025-06-26 23:51:36,75,visa,credit,lisa.lim559@gmail.com,400963,Low,3346,New User,45,,Approved,No,No,mobile,iOS Device,gmail.com,0
3179630,2025-02-19 23:45:50,100,visa,credit,tom.lee773@anonymous.com,455004,Low,7084,Existing User,49,,Approved,No,No,desktop,MacOS,anonymous.com,0
2994138,2025-01-03 17:23:22,74.437,mastercard,debit,john.wong609@gmail.com,510679,Low,9036,New User,43,,Approved,No,No,desktop,Windows,gmail.com,0
3108336,2025-01-28 16:06:02,50,visa,credit,david.koh131@yahoo.com,421448,Low,6318,Existing User,15,,Approved,No,No,desktop,MacOS,yahoo.com,0
3568461,2025-06-29 17:21:05,100,mastercard,credit,anna.ong491@yahoo.com,558878,Low,2489,Existing User,29,,Approved,No,No,desktop,0,,0
3259119,2025-03-18 13:54:10,200,visa,credit,mike.chan359@aol.com,465683,Low,1697,New User,38,,Approved,No,No,desktop,Trident/7.0,aol.com,0
3130238,2025-02-04 00:30:15,24.836,mastercard,credit,amy.ng551@gmail.com,545701,Low,7525,Existing User,40,,Approved,No,No,mobile,0,gmail.com,0
3029198,2025-01-12 20:35:15,50,mastercard,credit,amy.lee490@gmail.com,512494,Low,8660,New User,44,,Approved,No,No,desktop,MacOS,gmail.com,0
3032934,2025-01-13 18:36:45,84.826,mastercard,credit,tom.goh719@hotmail.com,556428,Low,1189,New User,30,,Approved,No,No,desktop,Windows,hotmail.com,0
3082735,2025-01-23 18:00:26,75,visa,debit,tom.tan415@gmail.com,474903,Low,6449,New User,39,,Approved,No,No,desktop,MacOS,gmail.com,0
3237382,2025-03-11 00:03:46,50,discover,credit,john.chan518@gmail.com,629792,Low,4733,New User,30,,Approved,No,No,desktop,Windows,,0
3032240,2025-01-13 16:08:52,100,american express,credit,david.goh471@mac.com,375083,Low,1547,New User,34,,Approved,No,No,desktop,Windows,mac.com,0
3436346,2025-05-13 16:18:45,150,visa,credit,john.chan805@me.com,442479,Low,4058,Existing User,23,,Approved,No,No,desktop,MacOS,me.com,0
3066576,2025-01-20 21:57:54,31.482,visa,credit,david.wong328@hotmail.com,477747,Low,6557,Existing User,25,,Approved,Yes,No,desktop,0,hotmail.com,1
3051490,2025-01-17 20:39:51,200,visa,credit,anna.koh233@yahoo.com,413611,Low,1492,Existing User,34,,Approved,No,No,mobile,iOS Device,yahoo.com,0
3520640,2025-06-12 18:00:45,73.776,visa,credit,lisa.chan452@gmail.com,417192,Low,6486,New User,47,,Approved,Yes,No,mobile,SM-G850M,gmail.com,1
3528399,2025-06-15 03:10:16,30.924,mastercard,credit,david.wong273@hotmail.com,549615,Low,5623,New User,34,,Approved,No,No,desktop,Windows,hotmail.com,0
2987439,2025-01-02 02:02:09,66.885,mastercard,credit,tom.goh60@outlook.com,546556,Low,9528,Existing User,27,,Approved,No,No,mobile,SM-P550 Build/MMB29M,outlook.com,0
3390597,2025-04-28 21:23:50,33.835,visa,debit,tom.lim626@gmail.com,462989,Low,3076,Existing User,27,,Approved,No,No,desktop,SAMSUNG SM-N900W8 Build/LRX21V,gmail.com,0
3462051,2025-05-23 00:11:20,13.71,visa,debit,jason.ong979@hotmail.com,479478,Low,4716,Existing User,30,,Approved,No,No,mobile,5080A Build/MRA58K,hotmail.com,0
3115003,2025-01-30 13:49:05,27.051,visa,debit,anna.tan851@gmail.com,466102,Low,9948,Existing User,36,,Approved,No,No,mobile,XT1563 Build/MPDS24.107-52-5,gmail.com,0
3340432,2025-04-11 22:16:52,125,visa,debit,alex.ong16@gmail.com,441658,Medium,6068,New User,51,,Approved,No,No,mobile,iOS Device,gmail.com,0
3358625,2025-04-17 23:02:52,14.138,visa,debit,sarah.wong688@gmail.com,438546,Medium,4738,New User,68,,Approved,No,No,mobile,0,gmail.com,0
3096432,2025-01-25 21:25:48,50,visa,credit,david.ng847@yahoo.com,455036,Low,4804,Existing User,21,,Approved,No,No,desktop,MacOS,yahoo.com,0
3031773,2025-01-13 14:03:09,61.915,mastercard,credit,lisa.chan838@hotmail.com,527006,Low,2960,Existing User,48,,Approved,No,No,mobile,0,hotmail.com,0
3080505,2025-01-23 12:30:09,100,american express,credit,mike.ong835@anonymous.com,373028,Low,9262,Existing User,47,,Approved,No,No,desktop,Windows,anonymous.com,0
3079975,2025-01-23 04:26:55,60.399,visa,credit,sarah.lim649@gmail.com,404389,Low,6249,Existing User,26,,Approved,No,No,mobile,rv:57.0,gmail.com,0
3185013,2025-02-21 19:51:47,38,mastercard,debit,anna.lee890@hotmail.com,534528,Medium,4646,Existing User,50,,Approved,No,No,mobile,0,,0
3518450,2025-06-11 22:13:56,100,mastercard,credit,david.goh463@yahoo.com,542677,Low,6472,Existing User,36,,Approved,No,No,mobile,iOS Device,yahoo.com,0
3377444,2025-04-24 12:58:59,19.237,mastercard,debit,david.lim915@hotmail.com,511424,Medium,8740,New User,69,,Approved,No,No,mobile,0,hotmail.com,0
3013087,2025-01-08 18:17:22,26.403,mastercard,credit,lisa.lee304@gmail.com,520895,Low,9563,Existing User,30,,Approved,Yes,No,mobile,SM-A720F Build/MMB29K,gmail.com,1
3395168,2025-04-30 07:34:02,109.965,mastercard,credit,jason.teo566@gmail.com,536466,Low,2046,Existing User,20,,Approved,Yes,No,desktop,Windows,gmail.com,1
3245547,2025-03-13 19:19:08,20,visa,debit,sarah.lee782@gmail.com,478207,Low,2133,New User,49,,Approved,No,No,desktop,0,,0
3071367,2025-01-21 19:24:48,25,visa,debit,anna.tan623@anonymous.com,420547,High,4577,New User,80,HIGH_RISK_SCORE,Rejected,No,No,mobile,iOS Device,anonymous.com,0
3546538,2025-06-21 15:29:45,106,mastercard,credit,john.koh93@yahoo.com,544292,Low,5125,Existing User,19,,Approved,No,No,desktop,Windows,,0
3298595,2025-03-31 19:23:53,61.871,visa,credit,lisa.ng524@gmail.com,425320,Low,2781,New User,45,,Approved,Yes,No,mobile,SM-T285M,gmail.com,1
3124751,2025-02-02 03:23:10,50,mastercard,credit,tom.wong597@gmail.com,538480,Low,8791,Existing User,26,,Approved,No,No,desktop,MacOS,gmail.com,0
3197203,2025-02-26 03:06:12,36.612,mastercard,debit,john.chan118@gmail.com,511797,Low,2219,Existing User,20,,Approved,No,No,desktop,Windows,gmail.com,0
3529273,2025-06-15 15:35:48,24.961,visa,debit,david.tan873@anonymous.com,493876,Low,7580,Existing User,46,,Approved,No,No,desktop,Windows,anonymous.com,0
3329980,2025-04-08 20:51:17,11.661,mastercard,credit,anna.ong345@hotmail.com,542956,Low,1607,New User,42,,Approved,No,No,mobile,SM-G570M Build/MMB29K,hotmail.com,0
3448418,2025-05-18 03:41:14,5,visa,debit,alex.koh199@yahoo.com,499673,Low,2086,Existing User,35,,Approved,No,No,desktop,Windows,,0
3081337,2025-01-23 15:21:21,100,mastercard,debit,john.tan789@yahoo.com,540229,Low,3384,Existing User,34,,Approved,No,No,desktop,rv:57.0,yahoo.com,0
3208604,2025-03-02 06:54:33,100,visa,credit,john.lim32@gmail.com,400553,Low,1096,New User,39,,Approved,No,No,desktop,Windows,gmail.com,0
3270022,2025-03-21 22:48:26,200,mastercard,credit,jason.ong789@gmail.com,520198,Low,7407,New User,42,,Approved,Yes,No,desktop,Windows,gmail.com,1
3098176,2025-01-26 01:53:23,50,visa,credit,tom.lim606@gmail.com,489992,Low,8779,Existing User,22,,Approved,No,No,desktop,MacOS,gmail.com,0
3058713,2025-01-19 16:06:51,100,visa,debit,mike.lee96@gmail.com,409169,Low,3364,Existing User,25,,Approved,No,No,desktop,Windows,gmail.com,0
3342461,2025-04-12 20:17:16,100,visa,credit,david.chan274@anonymous.com,458136,Medium,5213,New User,62,,Approved,No,No,desktop,Windows,anonymous.com,0
3564558,2025-06-27 19:58:50,12.788,mastercard,debit,sarah.ong64@gmail.com,554502,Low,3947,Existing User,33,,Approved,No,No,mobile,SM-G532M Build/MMB29T,gmail.com,0
3049638,2025-01-17 14:42:55,58.417,visa,debit,lisa.ng451@gmail.com,448302,Low,1292,Existing User,37,,Approved,No,No,mobile,SM-G530H Build/KTU84P,gmail.com,0
3163451,2025-02-14 05:21:23,31.832,mastercard,debit,lisa.goh829@hotmail.com,520430,Low,7731,Existing User,43,,Approved,No,No,desktop,0,hotmail.com,0
3097433,2025-01-25 23:41:24,30,mastercard,credit,lisa.goh430@gmail.com,555641,Low,6793,New User,49,,Approved,No,No,mobile,iOS Device,gmail.com,0
3279797,2025-03-25 17:15:46,94.497,mastercard,credit,jason.goh516@hotmail.com,558442,Low,4134,Existing User,42,,Approved,No,No,desktop,0,hotmail.com,0
3569896,2025-06-30 04:43:14,6.824,visa,credit,david.lee921@yahoo.com,444215,Medium,4964,New User,53,,Approved,No,No,mobile,0,yahoo.com,0
3261876,2025-03-19 02:46:39,46.1,visa,debit,sarah.teo439@gmail.com,476727,Low,5092,New User,49,,Approved,No,No,mobile,Moto G (5) Build/NPP25.137-72,gmail.com,0
3299258,2025-03-31 22:33:34,14.622,mastercard,debit,anna.teo462@gmail.com,512667,Low,5306,New User,40,,Approved,No,No,mobile,Y635-L03 Build/HuaweiY635-L03,gmail.com,0
3161911,2025-02-13 20:54:57,9.678,mastercard,debit,amy.lim360@hotmail.com,525560,Low,7800,Existing User,42,,Approved,No,No,mobile,0,hotmail.com,0
3484729,2025-05-31 21:38:15,14.879,visa,debit,john.ong925@anonymous.com,419520,Medium,8617,Existing User,54,,Approved,No,No,desktop,Windows,anonymous.com,0
3454842,2025-05-20 15:19:52,35.966,mastercard,debit,mike.koh109@gmail.com,557484,Low,3535,New User,36,,Approved,No,No,desktop,Windows,gmail.com,0
3462751,2025-05-23 12:57:52,17.829,visa,debit,mike.tan702@gmail.com,496700,Medium,6040,New User,56,,Approved,No,No,0,0,gmail.com,0
3419836,2025-05-07 17:14:20,46.417,visa,debit,anna.chan130@gmail.com,491569,Low,9494,Existing User,48,,Approved,No,No,mobile,0,gmail.com,0
3022457,2025-01-10 23:49:08,31.948,mastercard,debit,alex.lee680@hotmail.com,515067,Medium,5873,New User,54,,Approved,No,No,mobile,SAMSUNG,hotmail.com,0
3505650,2025-06-07 13:26:43,25,visa,debit,sarah.chan779@yahoo.com,404941,Low,9204,Existing User,43,,Approved,No,No,mobile,iOS Device,yahoo.com,0
3187572,2025-02-22 20:36:39,80.629,mastercard,debit,john.lee660@hotmail.com,543454,Low,5394,Existing User,42,,Approved,No,No,desktop,0,hotmail.com,0
3256188,2025-03-17 15:23:02,20.664,visa,debit,tom.koh476@hotmail.com,419847,Medium,6203,New User,51,,Approved,Yes,No,mobile,SM-G610M Build/MMB29K,hotmail.com,1
3343669,2025-04-13 01:51:31,75,visa,debit,david.lim487@gmail.com,423121,Low,5289,Existing User,22,,Approved,No,No,desktop,MacOS,gmail.com,0
3029702,2025-01-12 22:12:06,22.037,mastercard,debit,alex.goh14@anonymous.com,547923,High,9221,New User,76,,Approved,No,No,desktop,0,anonymous.com,0
3072565,2025-01-21 22:35:58,50,visa,debit,john.tan887@aol.com,460346,Medium,6193,New User,55,,Approved,No,No,0,0,aol.com,0
3202880,2025-02-28 00:41:23,150,visa,credit,anna.tan686@comcast.net,433404,Low,9691,Existing User,31,,Approved,No,No,mobile,iOS Device,comcast.net,0
3100597,2025-01-26 15:47:01,125,visa,debit,tom.ng209@yahoo.com,492800,Low,1170,New User,47,,Approved,No,No,mobile,VS995 Build/NRD90M,yahoo.com,0
3229709,2025-03-08 17:23:15,46.886,visa,credit,john.goh235@hotmail.fr,475810,Low,9534,Existing User,34,,Approved,No,No,0,0,hotmail.fr,0
2994538,2025-01-03 18:50:58,5.075,mastercard,debit,anna.lim867@hotmail.com,559795,Low,3030,New User,37,,Approved,No,No,desktop,Windows,hotmail.com,0
3347669,2025-04-14 15:13:32,100,mastercard,credit,alex.ong463@anonymous.com,537430,Medium,4902,New User,57,,Approved,No,No,desktop,Trident/7.0,anonymous.com,0
3228067,2025-03-07 22:24:27,44.107,visa,debit,tom.lim373@live.com,496586,Low,3004,Existing User,27,,Approved,No,No,desktop,rv:48.0,live.com,0
3380271,2025-04-25 03:28:22,30.21,visa,debit,alex.teo502@gmail.com,437741,Low,2714,Existing User,31,,Approved,No,No,desktop,Windows,gmail.com,0
2996632,2025-01-04 05:35:43,17.522,visa,credit,mike.lee274@gmail.com,462895,Low,3762,New User,38,,Approved,No,No,mobile,SM-J700M Build/MMB29K,gmail.com,0
3089475,2025-01-24 19:12:18,50,visa,debit,david.chan677@gmail.com,474347,Low,7786,Existing User,41,,Approved,No,No,mobile,iOS Device,gmail.com,0
3203642,2025-02-28 13:10:54,20,mastercard,credit,tom.ng282@hotmail.com,545708,Low,2987,New User,39,,Approved,No,No,desktop,Windows,,0
3022908,2025-01-11 01:42:55,150,mastercard,credit,sarah.ng279@att.net,543624,Low,3320,New User,45,,Approved,No,No,desktop,Trident/7.0,att.net,0
3560859,2025-06-26 14:42:32,60,mastercard,credit,jason.koh228@yahoo.com,525499,Low,2143,Existing User,15,,Approved,No,No,desktop,Windows,,0
3261129,2025-03-18 23:02:42,325,visa,credit,jason.tan443@aol.com,421177,Low,1179,Existing User,49,,Approved,No,No,mobile,iOS Device,aol.com,0
3032748,2025-01-13 17:57:53,60,mastercard,credit,john.tan545@outlook.com,535050,Low,2755,New User,31,,Approved,No,No,desktop,Trident/7.0,,0
3182415,2025-02-20 21:39:35,34.28,visa,debit,sarah.lim225@hotmail.com,465484,Low,7459,Existing User,38,,Approved,Yes,No,mobile,SM-J701M Build/NRD90M,hotmail.com,1
3082156,2025-01-23 16:59:10,200,american express,credit,anna.teo807@hotmail.com,371904,Low,4424,New User,42,,Approved,No,No,desktop,MacOS,hotmail.com,0
3411654,2025-05-05 12:22:28,200,discover,credit,david.ng861@gmail.com,639539,Low,3246,New User,45,,Approved,No,No,desktop,Windows,gmail.com,0
3021127,2025-01-10 19:19:06,150,visa,credit,amy.tan836@sbcglobal.net,441628,Low,3010,Existing User,25,,Approved,No,No,desktop,Trident/7.0,sbcglobal.net,0
3006096,2025-01-06 20:16:53,100,visa,credit,john.chan292@anonymous.com,481611,Low,5753,Existing User,49,,Approved,No,No,desktop,Trident/7.0,anonymous.com,0
3478057,2025-05-29 03:46:47,31.97,visa,credit,jason.wong23@yahoo.com.mx,497867,Low,7585,New User,44,,Approved,No,No,mobile,SAMSUNG SM-J730GM Build/NRD90M,yahoo.com.mx,0
3022602,2025-01-11 00:21:28,50,american express,credit,mike.koh265@gmail.com,379412,Low,7133,New User,36,,Approved,No,No,desktop,MacOS,gmail.com,0
3088486,2025-01-24 16:58:44,150,american express,credit,lisa.ong739@yahoo.com,377324,Low,5884,Existing User,29,,Approved,No,No,desktop,MacOS,yahoo.com,0
3093155,2025-01-25 11:55:04,200,american express,credit,jason.lim553@aol.com,378633,Low,9344,Existing User,20,,Approved,No,No,desktop,Windows,aol.com,0
3092661,2025-01-25 04:02:28,200,visa,credit,alex.teo174@msn.com,477904,Low,6815,New User,45,,Approved,No,Yes,mobile,iOS Device,msn.com,0
3021769,2025-01-10 21:28:34,200,mastercard,credit,tom.wong962@aol.com,539470,Low,5244,Existing User,18,,Approved,No,No,desktop,Windows,aol.com,0
3127907,2025-02-03 15:07:25,34.105,visa,debit,mike.ng439@gmail.com,487267,Low,3527,Existing User,43,,Approved,No,No,desktop,0,gmail.com,0
3231706,2025-03-09 05:27:53,31.298,mastercard,credit,mike.lim691@gmail.com,554523,Low,7590,Existing User,43,,Approved,Yes,No,mobile,0,gmail.com,1
3398987,2025-05-01 14:31:39,20,visa,debit,jason.ng873@gmail.com,411746,Low,1786,Existing User,41,,Approved,No,No,mobile,iOS Device,,0
3197086,2025-02-26 02:16:58,8.629,mastercard,credit,alex.ong670@gmail.com,551837,Low,9191,Existing User,21,,Approved,No,No,desktop,Windows,,0
3069856,2025-01-21 15:53:29,50,mastercard,credit,jason.ong638@gmail.com,532958,Low,7238,Existing User,24,,Approved,No,No,desktop,Windows,gmail.com,0
3387622,2025-04-27 21:55:21,150,american express,credit,alex.ng932@anonymous.com,379342,Low,4953,Existing User,48,,Approved,No,No,desktop,Windows,anonymous.com,0
2987668,2025-01-02 03:31:49,24.047,visa,debit,lisa.ng509@gmail.com,467656,Low,2878,New User,45,,Approved,No,No,desktop,0,gmail.com,0
3066352,2025-01-20 21:21:14,250,american express,credit,anna.lee379@yahoo.com,374432,Medium,6540,New User,53,,Approved,No,No,mobile,iOS Device,yahoo.com,0
3089431,2025-01-24 19:06:00,30.782,mastercard,debit,tom.goh767@gmail.com,510086,Medium,1559,New User,62,,Approved,No,No,desktop,0,gmail.com,0
3527180,2025-06-14 20:08:46,29.203,mastercard,debit,alex.ong93@gmail.com,528021,Low,5335,Existing User,27,,Approved,No,No,desktop,Windows,gmail.com,0
3148325,2025-02-09 13:46:42,100,visa,debit,john.ong405@gmail.com,421892,Low,1592,Existing User,39,,Approved,No,No,desktop,MacOS,gmail.com,0
2995699,2025-01-03 23:17:51,41.327,mastercard,credit,tom.ong515@outlook.com,514617,Low,6950,Existing User,25,,Approved,Yes,No,desktop,Windows,,1
3039373,2025-01-15 03:12:11,75,mastercard,credit,david.wong703@gmail.com,545777,Low,4964,Existing User,39,,Approved,No,No,mobile,iOS Device,gmail.com,0
3426423,2025-05-09 20:21:51,50,visa,debit,mike.lee942@ymail.com,481451,Low,9492,Existing User,44,,Approved,No,No,mobile,KFTHWI Build/KTU84M,ymail.com,0
3120421,2025-01-31 20:02:44,150,mastercard,credit,mike.lee716@anonymous.com,511809,Low,5513,Existing User,44,,Approved,No,No,desktop,Windows,anonymous.com,0
3294892,2025-03-30 16:48:58,35.527,mastercard,debit,john.chan509@gmail.com,540515,Low,4326,New User,41,,Approved,No,No,desktop,Windows,gmail.com,0
3278833,2025-03-25 03:35:08,30.513,visa,credit,tom.ng423@outlook.com,431673,Medium,8337,New User,55,,Approved,No,No,0,0,outlook.com,0
2997064,2025-01-04 15:21:30,50,discover,credit,jason.wong274@hotmail.com,627528,Low,7606,Existing User,20,,Approved,No,No,desktop,MacOS,,0
3526676,2025-06-14 17:36:02,15.37,visa,debit,alex.lim152@anonymous.com,457938,Medium,2676,Existing User,63,ANONYMOUS_EMAIL,Rejected,No,No,mobile,0,anonymous.com,0
3110244,2025-01-28 23:36:16,50,mastercard,credit,alex.lim40@gmail.com,519207,Low,8602,Existing User,28,,Approved,No,No,desktop,Windows,gmail.com,0
3020868,2025-01-10 18:31:20,75,visa,credit,anna.goh959@hotmail.com,430706,Low,2077,Existing User,23,,Approved,Yes,No,desktop,Windows,hotmail.com,0
3507031,2025-06-07 23:00:54,100,visa,credit,sarah.chan214@outlook.com,420718,Low,8409,New User,45,,Approved,Yes,No,mobile,iOS Device,outlook.com,1
3375637,2025-04-23 20:07:19,17.522,mastercard,debit,anna.teo372@hotmail.com,544076,Low,4506,Existing User,36,,Approved,No,No,mobile,PRA-LX3 Build/HUAWEIPRA-LX3,hotmail.com,0
3113136,2025-01-29 21:39:33,38.944,visa,debit,tom.lee998@outlook.com,432254,Medium,6693,New User,53,,Approved,No,No,mobile,SM-J700M Build/LMY48B,outlook.com,0
3088426,2025-01-24 16:49:53,100,visa,credit,tom.koh247@yahoo.com,402118,Low,7067,Existing User,19,,Approved,No,No,desktop,Windows,yahoo.com,0
3398916,2025-05-01 14:14:01,100,visa,credit,david.lim40@anonymous.com,499237,Medium,1025,New User,70,,Approved,No,No,0,0,anonymous.com,0
3089469,2025-01-24 19:11:12,50,american express,credit,mike.ong143@optonline.net,374049,Low,3370,Existing User,36,,Approved,No,No,mobile,iOS Device,optonline.net,0
3221798,2025-03-06 05:27:14,27.854,visa,debit,anna.ng816@gmail.com,488176,Low,3251,Existing User,27,,Approved,No,No,mobile,Hisense L675 Build/MRA58K,gmail.com,0
3159402,2025-02-13 01:30:13,128.027,visa,credit,john.teo242@gmail.com,491535,Low,4624,Existing User,42,,Approved,No,No,mobile,0,gmail.com,0
3510885,2025-06-09 04:25:11,29.757,mastercard,credit,anna.lim96@anonymous.com,510601,Medium,2225,Existing User,54,,Approved,No,No,mobile,HTC_Desire_820,anonymous.com,0
3032169,2025-01-13 15:54:48,50,mastercard,debit,mike.teo744@gmail.com,516228,Low,3777,Existing User,34,,Approved,No,No,desktop,Windows,gmail.com,0
3569176,2025-06-29 22:23:51,29.663,visa,credit,amy.goh827@aol.com,435475,Low,5438,New User,41,,Approved,No,No,0,0,aol.com,0
3079093,2025-01-23 00:56:15,50,visa,debit,lisa.lee418@gmail.com,466626,Low,7757,Existing User,39,,Approved,No,No,mobile,iOS Device,gmail.com,0
3104024,2025-01-27 05:04:28,10.494,mastercard,debit,lisa.teo354@outlook.com,515925,Low,1428,Existing User,35,,Approved,No,No,mobile,F3213 Build/36.1.A.1.86,,0
3446613,2025-05-17 15:38:25,41,visa,credit,sarah.ong808@gmail.com,468452,Low,5718,Existing User,24,,Approved,No,No,desktop,Windows,gmail.com,0
3221085,2025-03-06 00:50:09,35.346,visa,debit,john.chan334@hotmail.com,408232,Low,1275,New User,44,,Approved,No,No,desktop,Windows,hotmail.com,0
3401765,2025-05-02 01:10:45,36.131,visa,debit,lisa.ong727@hotmail.es,404220,Low,9546,Existing User,40,,Approved,No,No,mobile,0,hotmail.es,0
3371136,2025-04-22 13:51:23,260.25,mastercard,credit,john.ong979@gmail.com,552093,Medium,7701,New User,57,,Approved,No,No,mobile,iOS Device,,0
3354424,2025-04-16 17:56:13,100,visa,credit,mike.lee487@gmail.com,411863,Low,6619,Existing User,28,,Approved,No,No,mobile,SM-G950U Build/NRD90M,gmail.com,0
2989880,2025-01-02 17:47:14,150,discover,credit,anna.tan272@comcast.net,649924,Low,3829,New User,38,,Approved,No,No,desktop,MacOS,comcast.net,0
3140916,2025-02-06 20:43:51,125,visa,debit,lisa.teo59@outlook.com,448240,Low,7771,Existing User,32,,Approved,No,No,mobile,iOS Device,outlook.com,0
3444188,2025-05-16 13:44:46,100,visa,credit,tom.lee89@hotmail.com,402662,Low,2438,Existing User,28,,Approved,No,No,desktop,rv:11.0,hotmail.com,0
3250061,2025-03-15 05:17:54,200,visa,credit,john.tan582@yahoo.com,427572,Low,8891,Existing User,31,,Approved,No,No,mobile,iOS Device,yahoo.com,0
3180253,2025-02-20 03:31:29,200,mastercard,credit,david.teo975@gmail.com,546260,Low,8027,New User,38,,Approved,No,No,desktop,Windows,gmail.com,0
3338553,2025-04-11 08:13:12,44.107,visa,debit,tom.teo622@yahoo.com,431443,Low,5972,Existing User,25,,Approved,No,No,mobile,SM-J500M Build/MMB29M,,0
3107416,2025-01-28 03:32:20,50,mastercard,credit,sarah.wong969@gmail.com,550220,Low,4373,Existing User,26,,Approved,No,No,mobile,iOS Device,gmail.com,0
3033568,2025-01-13 20:43:15,3.816,visa,debit,tom.ng650@hotmail.com,403393,Low,2219,New User,40,,Approved,No,No,desktop,rv:11.0,hotmail.com,0
3169293,2025-02-16 17:55:41,41.043,mastercard,credit,jason.ng148@gmail.com,533448,Low,4339,Existing User,21,,Approved,No,No,mobile,ALE-L23 Build/HuaweiALE-L23,gmail.com,0
3434205,2025-05-12 19:49:55,60,visa,credit,david.ng229@anonymous.com,495164,Medium,1274,Existing User,52,,Approved,No,No,desktop,Windows,anonymous.com,0
3307294,2025-04-03 01:40:22,100,american express,credit,amy.ong233@anonymous.com,378470,Low,6456,Existing User,41,,Approved,No,Yes,desktop,Windows,anonymous.com,0
3096672,2025-01-25 21:55:33,100,visa,debit,anna.koh425@gmail.com,480752,Low,8065,Existing User,27,,Approved,No,No,desktop,MacOS,gmail.com,0
3573568,2025-07-01 17:23:37,150,visa,debit,alex.lee362@anonymous.com,483312,Medium,3450,Existing User,56,,Approved,No,No,desktop,Windows,anonymous.com,0
3386840,2025-04-27 18:30:17,50,visa,debit,david.ong899@anonymous.com,432470,Medium,9519,Existing User,59,,Approved,No,No,desktop,Trident/7.0,anonymous.com,0
3118459,2025-01-31 02:00:23,34.28,mastercard,debit,alex.ng967@anonymous.com,512012,Medium,8713,Existing User,67,ANONYMOUS_EMAIL,Rejected,No,No,0,0,anonymous.com,0
3096436,2025-01-25 21:26:00,50,visa,debit,anna.tan661@gmail.com,403588,Low,5908,Existing User,34,,Approved,No,No,mobile,iOS Device,gmail.com,0
3148134,2025-02-09 06:49:43,48.972,mastercard,credit,amy.tan535@gmail.com,541747,Low,7330,Existing User,20,,Approved,No,No,mobile,HTC Desire 510 Build/KOT49H,gmail.com,0
3335547,2025-04-10 14:40:21,30,visa,credit,sarah.koh967@gmail.com,457709,Medium,9993,New User,53,,Approved,No,No,mobile,iOS Device,gmail.com,0
3287950,2025-03-27 23:24:03,28.277,mastercard,credit,sarah.wong870@anonymous.com,534894,Low,6162,Existing User,45,,Approved,No,No,desktop,Windows,anonymous.com,0
3225292,2025-03-07 00:17:02,40.602,mastercard,credit,mike.teo462@anonymous.com,528116,Medium,2148,Existing User,59,,Approved,No,No,desktop,0,anonymous.com,0
3024025,2025-01-11 17:01:45,25,mastercard,credit,amy.wong756@aol.com,523447,Low,6504,Existing User,22,,Approved,No,No,desktop,Windows,aol.com,0
3403387,2025-05-02 18:17:59,30.21,mastercard,debit,lisa.ng861@hotmail.com,521163,Low,7532,Existing User,32,,Approved,No,No,desktop,Windows,hotmail.com,0
3205177,2025-02-28 22:42:23,25,mastercard,credit,anna.goh11@gmail.com,545645,Low,5604,Existing User,35,,Approved,No,No,desktop,MacOS,gmail.com,0
3154071,2025-02-11 06:24:11,50,visa,debit,mike.teo571@yahoo.com,458657,Medium,3502,New User,55,,Approved,No,No,mobile,0,,0
3555439,2025-06-24 14:47:23,30,mastercard,credit,lisa.koh94@gmail.com,510157,Low,7489,Existing User,28,,Approved,No,No,mobile,iOS Device,gmail.com,0
3185990,2025-02-22 00:51:21,100,visa,debit,lisa.chan718@gmail.com,453886,Low,3722,Existing User,32,,Approved,Yes,No,mobile,Z981 Build/MMB29M,gmail.com,1
3028366,2025-01-12 18:03:39,50,visa,debit,anna.lim850@gmail.com,497949,Low,9208,Existing User,33,,Approved,No,No,desktop,Windows,,0
3403377,2025-05-02 18:16:19,9.909,visa,debit,sarah.teo729@hotmail.com,453457,Low,2584,Existing User,39,,Approved,No,No,mobile,SM-J730GM Build/NRD90M,hotmail.com,0
3514801,2025-06-10 17:49:57,100,mastercard,debit,sarah.lee442@anonymous.com,527342,Low,9171,Existing User,49,,Approved,No,No,desktop,Windows,anonymous.com,0
3376834,2025-04-24 01:54:15,142.108,visa,credit,tom.goh711@gmail.com,477635,Low,4522,Existing User,27,,Approved,No,No,desktop,0,gmail.com,0
3567682,2025-06-29 04:21:12,18.321,visa,debit,amy.goh378@hotmail.com,455805,Low,4351,Existing User,31,,Approved,No,No,desktop,Windows,hotmail.com,0
3102203,2025-01-26 19:58:47,100,american express,credit,anna.ng386@mac.com,376537,Low,8423,Existing User,33,,Approved,No,No,desktop,MacOS,mac.com,0
3394193,2025-04-29 23:23:10,10.876,visa,debit,john.koh257@hotmail.com,468018,Low,2131,Existing User,28,,Approved,No,No,desktop,Windows,hotmail.com,0
3210516,2025-03-02 23:01:11,33.593,visa,credit,anna.lee984@hotmail.com,400776,Low,6834,Existing User,25,,Approved,No,No,mobile,HUAWEI VNS-L53 Build/HUAWEIVNS-L53,hotmail.com,0
3084320,2025-01-23 21:08:59,37.662,visa,debit,mike.chan977@outlook.es,459913,Low,1304,New User,38,,Approved,No,No,desktop,Windows,outlook.es,0
3328147,2025-04-08 03:04:37,115.825,mastercard,debit,john.lee417@hotmail.com,528762,Low,2454,Existing User,35,,Approved,No,No,mobile,SAMSUNG SM-G532M Build/MMB29T,hotmail.com,0
3066739,2025-01-20 22:23:08,50,mastercard,debit,anna.koh96@gmail.com,543563,Low,3015,New User,48,,Approved,No,No,desktop,Windows,gmail.com,0
3094865,2025-01-25 18:09:37,85.118,visa,credit,jason.ong979@gmail.com,467511,Low,1865,New User,46,,Approved,No,No,desktop,0,gmail.com,0
3048212,2025-01-17 00:28:14,31.365,visa,debit,amy.goh196@gmail.com,478490,Low,8612,Existing User,26,,Approved,No,No,desktop,Windows,gmail.com,0
3560605,2025-06-26 12:41:45,150,mastercard,credit,john.lim995@gmail.com,514276,Low,9471,Existing User,38,,Approved,Yes,No,mobile,FRD-L09 Build/HUAWEIFRD-L09,gmail.com,1
3221594,2025-03-06 03:31:49,9.546,visa,debit,sarah.tan760@gmail.com,475339,Low,8118,Existing User,41,,Approved,No,No,mobile,0,gmail.com,0
3539521,2025-06-18 22:19:41,8.747,visa,credit,jason.chan644@outlook.com,499259,Low,5576,Existing User,21,,Approved,No,No,desktop,Windows,outlook.com,0
3520783,2025-06-12 18:36:39,35.966,mastercard,debit,amy.wong277@gmail.com,557397,Low,2852,Existing User,40,,Approved,Yes,No,mobile,TRT-L53 Build/HUAWEITRT-L53,gmail.com,0
3257282,2025-03-17 20:55:13,44.952,visa,debit,alex.lim916@anonymous.com,499364,Low,4445,Existing User,47,,Approved,No,No,desktop,rv:11.0,anonymous.com,0
3089224,2025-01-24 18:38:22,100,visa,debit,amy.chan575@msn.com,460577,Low,4217,Existing User,30,,Approved,No,No,mobile,iOS Device,msn.com,0
3083450,2025-01-23 19:19:50,150,mastercard,credit,lisa.ong263@gmail.com,550667,Low,9379,Existing User,21,,Approved,No,No,desktop,Windows,gmail.com,0
3034776,2025-01-14 01:30:11,200,visa,credit,sarah.koh643@gmail.com,445184,Low,6696,Existing User,25,,Approved,No,No,desktop,Windows,gmail.com,0
3172266,2025-02-17 18:05:12,27.751,visa,credit,sarah.tan471@gmail.com,426733,Medium,6776,New User,54,,Approved,No,No,desktop,0,gmail.com,0
3345899,2025-04-13 21:59:29,17.159,visa,debit,alex.ng694@hotmail.com,456995,Low,4718,Existing User,35,,Approved,No,No,mobile,LG-D693n Build/LRX22G,hotmail.com,0
3058649,2025-01-19 15:58:14,150,visa,credit,david.tan524@gmail.com,438587,Low,8985,Existing User,20,,Approved,No,No,desktop,Windows,gmail.com,0
3159699,2025-02-13 03:28:48,9.211,mastercard,debit,john.ng342@hotmail.com,524616,Low,3880,Existing User,36,,Approved,No,No,mobile,Moto G (4) Build/NPJS25.93-14-13,hotmail.com,0
3036019,2025-01-14 15:07:55,50,visa,debit,amy.lee970@comcast.net,488226,Medium,8465,New User,53,,Approved,No,Yes,mobile,iOS Device,comcast.net,0
3403172,2025-05-02 17:23:20,25,mastercard,credit,lisa.ng316@yahoo.com,547119,Medium,4069,New User,52,,Approved,No,No,mobile,iOS Device,yahoo.com,0
3081466,2025-01-23 15:39:14,750,visa,credit,sarah.tan435@comcast.net,437479,Low,3474,Existing User,42,,Approved,No,No,desktop,Windows,comcast.net,0
3158067,2025-02-12 19:14:38,20,visa,credit,alex.goh717@outlook.com,476860,Low,6681,Existing User,21,,Approved,No,No,desktop,Windows,,0
3341023,2025-04-12 03:02:08,50,american express,credit,mike.wong209@yahoo.com,374557,Low,6683,New User,42,,Approved,No,No,desktop,MacOS,,0
3490617,2025-06-02 17:44:03,100,visa,credit,anna.ong760@anonymous.com,457106,Low,5415,Existing User,44,,Approved,No,No,desktop,Windows,anonymous.com,0
3178020,2025-02-19 16:16:35,50.419,mastercard,credit,alex.goh383@hotmail.com,510127,Low,9681,Existing User,29,,Approved,No,No,desktop,Trident/7.0,hotmail.com,0
3021551,2025-01-10 20:52:12,75,visa,debit,tom.teo563@anonymous.com,496882,Medium,6042,New User,71,ANONYMOUS_EMAIL,Rejected,No,No,desktop,MacOS,anonymous.com,0
3019406,2025-01-10 03:55:23,22.97,mastercard,credit,sarah.ng700@gmail.com,539463,Low,1210,Existing User,29,,Approved,No,No,desktop,0,gmail.com,0
3376062,2025-04-23 21:53:11,157.817,visa,debit,david.ng736@outlook.com,407813,Medium,8965,Existing User,55,,Approved,No,No,mobile,0,outlook.com,0
3088636,2025-01-24 17:19:50,150,visa,credit,john.wong431@aol.com,452214,Low,6323,Existing User,32,,Approved,No,No,mobile,iOS Device,aol.com,0
3323248,2025-04-06 19:33:17,84.588,mastercard,credit,mike.chan465@anonymous.com,542911,Medium,6057,New User,55,,Approved,No,No,desktop,Windows,anonymous.com,0
3065215,2025-01-20 18:18:13,50,mastercard,debit,amy.ng277@yahoo.com,533921,Low,7293,Existing User,34,,Approved,No,No,desktop,Windows,yahoo.com,0
3302525,2025-04-01 22:12:47,20,mastercard,debit,mike.ng763@gmail.com,521658,Low,6432,New User,47,,Approved,No,No,desktop,Trident/7.0,,0
3230158,2025-03-08 19:39:37,52.686,visa,debit,amy.lim508@mail.com,407754,Low,8191,Existing User,30,,Approved,No,No,desktop,0,mail.com,0
3252480,2025-03-16 06:08:40,9.063,mastercard,debit,john.lee782@gmail.com,511031,Medium,7034,New User,69,NEW_USER_RULE,Rejected,No,No,mobile,0,gmail.com,0
3356782,2025-04-17 14:49:12,8.157,mastercard,credit,john.ong735@yahoo.com.mx,534346,Low,7184,Existing User,21,,Approved,No,No,desktop,Windows,yahoo.com.mx,0
3473484,2025-05-27 17:47:34,42.913,visa,credit,tom.koh899@gmail.com,409556,Low,9113,Existing User,37,,Approved,No,No,desktop,0,gmail.com,0
3098865,2025-01-26 04:18:58,100,visa,debit,alex.lee78@att.net,475280,Low,9626,Existing User,31,,Approved,No,No,desktop,Windows,att.net,0
3300397,2025-04-01 04:55:20,26.464,mastercard,credit,jason.ng225@anonymous.com,549499,Medium,2247,Existing User,53,,Approved,No,No,desktop,Windows,anonymous.com,0
3072188,2025-01-21 21:36:26,29.733,visa,credit,jason.ng934@gmail.com,417613,Low,7471,Existing User,30,,Approved,No,Yes,desktop,Windows,gmail.com,0
3175165,2025-02-18 17:16:18,10,mastercard,debit,alex.tan227@gmail.com,532242,Medium,7628,New User,57,,Approved,No,No,mobile,0,,0
3388080,2025-04-28 00:00:11,28.881,visa,credit,anna.lim143@hotmail.com,400987,Low,2421,Existing User,24,,Approved,No,No,mobile,SM-G850M Build/LRX22G,hotmail.com,0
2994464,2025-01-03 18:34:00,75,visa,debit,john.chan629@outlook.com,437893,Low,4573,Existing User,22,,Approved,No,No,desktop,Trident/7.0,,0
3102139,2025-01-26 19:41:30,25,visa,credit,david.goh814@gmail.com,426337,Low,5266,Existing User,33,,Approved,No,No,mobile,iOS Device,gmail.com,0
3451512,2025-05-19 06:29:18,30,mastercard,debit,amy.teo973@yahoo.com,510874,Low,8794,Existing User,25,,Approved,No,No,desktop,Windows,,0
3015959,2025-01-09 14:42:21,30.258,visa,credit,sarah.wong595@hotmail.com,435690,Low,5896,Existing User,26,,Approved,No,No,desktop,0,hotmail.com,0
3569729,2025-06-30 02:19:17,128.001,visa,credit,lisa.ng795@gmail.com,412522,Low,5210,New User,44,,Approved,No,No,desktop,rv:60.0,gmail.com,0
3473567,2025-05-27 18:12:33,37,visa,credit,amy.teo358@outlook.com,459019,Low,8579,Existing User,27,,Approved,Yes,No,desktop,MacOS,,1
3011453,2025-01-08 03:00:51,250,mastercard,credit,lisa.chan989@anonymous.com,540801,Medium,9852,Existing User,68,,Approved,No,No,mobile,iOS Device,anonymous.com,0
3323856,2025-04-06 21:59:12,87.005,mastercard,credit,john.lim326@hotmail.com,510005,Low,9239,New User,46,,Approved,No,No,desktop,0,hotmail.com,0
3277211,2025-03-24 18:56:52,20,visa,debit,amy.tan642@outlook.com,468765,Low,7398,Existing User,37,,Approved,No,No,0,0,,0
3028665,2025-01-12 19:00:42,50,visa,credit,amy.teo3@yahoo.com,476875,Low,5963,Existing User,34,,Approved,No,No,desktop,MacOS,yahoo.com,0
3121786,2025-02-01 02:17:46,100,visa,debit,sarah.goh529@gmail.com,473809,Low,2368,Existing User,20,,Approved,No,No,desktop,MacOS,gmail.com,0
3110915,2025-01-29 03:19:33,27.401,visa,credit,john.tan765@yahoo.com,432134,Low,7223,Existing User,31,,Approved,No,No,mobile,SM-T560NU Build/NMF26X,yahoo.com,0
3112083,2025-01-29 17:34:34,16.324,visa,debit,lisa.wong998@gmail.com,464619,Medium,5012,New User,52,,Approved,No,No,mobile,Moto E (4) Build/NMA26.42-69,gmail.com,0
3009105,2025-01-07 17:11:22,225,visa,credit,david.goh523@gmail.com,450760,Low,3804,Existing User,25,,Approved,Yes,No,desktop,Windows,gmail.com,1
3422947,2025-05-08 17:04:57,300,american express,credit,mike.lim377@anonymous.com,373114,Medium,1679,Existing User,67,,Approved,No,No,desktop,MacOS,anonymous.com,0
3292598,2025-03-29 20:18:31,14.017,mastercard,credit,john.lee48@hotmail.com,540919,Low,9210,New User,45,,Approved,No,No,mobile,E5506,hotmail.com,0
3081042,2025-01-23 14:38:17,150,visa,credit,john.koh776@yahoo.com,464964,Low,8505,New User,49,,Approved,No,Yes,mobile,iOS Device,yahoo.com,0
3445591,2025-05-16 22:40:44,100,mastercard,credit,amy.lee793@yahoo.com,534629,Low,3481,Existing User,31,,Approved,No,No,mobile,iOS Device,yahoo.com,0
3025113,2025-01-11 21:03:26,24.836,visa,credit,alex.lim351@gmail.com,462796,Low,2735,Existing User,28,,Approved,No,No,desktop,Windows,gmail.com,0
3186018,2025-02-22 01:03:38,300,mastercard,credit,jason.lim568@gmail.com,520671,Low,2829,Existing User,44,,Approved,Yes,No,mobile,iOS Device,gmail.com,1
3053826,2025-01-18 15:36:55,100,visa,credit,david.lim581@hotmail.com,407160,Low,6573,New User,39,,Approved,No,No,desktop,Trident/7.0,hotmail.com,0
3284524,2025-03-26 23:54:04,16.193,visa,debit,mike.lee449@hotmail.de,469884,Low,4919,Existing User,40,,Approved,No,No,mobile,SAMSUNG SM-A320FL Build/NRD90M,hotmail.de,0
3107819,2025-01-28 11:50:12,15,visa,debit,mike.ong51@yahoo.com,475238,Medium,9303,Existing User,55,,Approved,No,No,mobile,0,,0
3268911,2025-03-21 17:15:47,100,visa,debit,mike.tan443@att.net,425329,Low,9392,Existing User,30,,Approved,No,No,desktop,rv:11.0,att.net,0
3140611,2025-02-06 19:41:37,25,visa,credit,sarah.wong341@gmail.com,432094,Low,7403,Existing User,18,,Approved,No,No,desktop,Windows,gmail.com,0
3098830,2025-01-26 04:12:30,20,visa,debit,sarah.tan908@gmail.com,472573,Low,8573,Existing User,42,,Approved,No,No,mobile,iOS Device,gmail.com,0
3046017,2025-01-16 17:56:06,200,american express,credit,mike.ng754@me.com,379615,Low,6174,New User,43,,Approved,No,No,desktop,rv:57.0,me.com,0
3049953,2025-01-17 16:01:03,50,visa,debit,mike.tan290@yahoo.com,489622,Low,5032,Existing User,20,,Approved,No,No,desktop,MacOS,yahoo.com,0
3267897,2025-03-21 01:58:20,6.344,visa,debit,tom.tan546@hotmail.com,470173,Low,1477,Existing User,46,,Approved,No,No,mobile,0,hotmail.com,0
3093277,2025-01-25 13:33:02,50,visa,credit,mike.lee94@gmail.com,489379,Low,4629,Existing User,28,,Approved,No,No,desktop,Trident/7.0,gmail.com,0
3148823,2025-02-09 16:50:10,50,mastercard,credit,lisa.koh753@juno.com,528315,Low,2064,Existing User,40,,Approved,No,No,mobile,iOS Device,juno.com,0
3064153,2025-01-20 15:27:28,100,visa,credit,amy.lee34@gmail.com,433420,Low,9086,Existing User,28,,Approved,No,No,desktop,rv:57.0,,0
3063484,2025-01-20 10:09:31,200,visa,credit,amy.goh805@msn.com,485368,Low,2334,Existing User,27,,Approved,No,No,mobile,iOS Device,msn.com,0
3324671,2025-04-07 01:20:24,19.939,mastercard,debit,david.goh897@outlook.com,529455,Low,8225,Existing User,39,,Approved,No,No,desktop,0,outlook.com,0
3281380,2025-03-26 01:03:01,29.847,visa,debit,jason.lee711@hotmail.com,425587,Low,8160,Existing User,35,,Approved,No,No,mobile,SM-G532M Build/MMB29T,hotmail.com,0
3464366,2025-05-23 23:44:21,29.157,visa,debit,mike.goh267@gmail.com,418179,Low,6371,Existing User,25,,Approved,No,No,desktop,Windows,gmail.com,0
3338673,2025-04-11 13:30:12,225,visa,credit,tom.goh416@gmail.com,494023,Low,9741,Existing User,35,,Approved,No,No,desktop,Windows,gmail.com,0
3018068,2025-01-09 22:05:51,50,visa,debit,john.tan828@anonymous.com,497590,Medium,9657,Existing User,63,,Approved,No,No,mobile,iOS Device,anonymous.com,0
3095568,2025-01-25 19:41:22,50,visa,credit,jason.koh114@hotmail.com,462055,Low,3976,Existing User,35,,Approved,No,No,desktop,MacOS,hotmail.com,0
3051206,2025-01-17 19:52:02,250,visa,credit,david.lim288@yahoo.com,421740,Medium,3953,New User,53,,Approved,No,No,desktop,MacOS,yahoo.com,0
3093377,2025-01-25 14:07:54,150,mastercard,credit,mike.lee265@yahoo.com,518127,Low,2868,Existing User,33,,Approved,No,No,mobile,iOS Device,yahoo.com,0
3424367,2025-05-08 23:14:31,28.65,visa,credit,anna.ong357@gmail.com,497701,Low,9982,Existing User,28,,Approved,No,No,desktop,0,gmail.com,0
3285913,2025-03-27 14:49:22,32.264,visa,credit,jason.wong32@live.com.mx,454348,Low,3953,New User,37,,Approved,No,No,mobile,Moto X Play Build/NPD26.48-24-1,live.com.mx,0
3240243,2025-03-11 22:57:31,50,american express,credit,john.ng449@anonymous.com,378085,Medium,9875,Existing User,55,,Approved,No,No,desktop,Trident/7.0,anonymous.com,0
3062822,2025-01-20 03:00:41,100,visa,credit,amy.ng927@gmail.com,492243,Low,4469,Existing User,18,,Approved,No,No,desktop,Windows,gmail.com,0
3238422,2025-03-11 13:57:29,50,mastercard,debit,john.lee836@yahoo.com,537433,Low,8340,Existing User,31,,Approved,No,No,mobile,iOS Device,yahoo.com,0
3456980,2025-05-21 09:50:00,10,visa,credit,sarah.ng766@outlook.com,406616,Low,7942,New User,35,,Approved,No,No,desktop,Windows,,0
3546567,2025-06-21 15:33:40,106,mastercard,credit,lisa.wong996@hotmail.com,512947,Low,6057,Existing User,37,,Approved,No,No,desktop,0,,0
3055144,2025-01-18 20:26:42,21.921,mastercard,debit,tom.goh829@gmail.com,549388,Low,7938,Existing User,30,,Approved,No,No,mobile,CAM-L03 Build/HUAWEICAM-L03,gmail.com,0
3180003,2025-02-20 01:36:03,100,mastercard,credit,sarah.ng708@anonymous.com,558878,Medium,3198,New User,65,,Approved,No,No,desktop,Windows,anonymous.com,0
3050073,2025-01-17 16:22:22,100,visa,credit,tom.chan739@att.net,420557,Low,8897,New User,30,,Approved,No,No,desktop,Trident/7.0,att.net,0
3449754,2025-05-18 19:25:28,100,mastercard,credit,tom.koh873@gmail.com,534611,Medium,2788,New User,52,,Approved,No,No,mobile,XT1585 Build/NCK25.118-10.5,gmail.com,0
3201556,2025-02-27 19:26:38,10.151,mastercard,debit,amy.lim957@gmail.com,544217,Medium,6546,New User,70,NEW_USER_RULE,Rejected,No,No,mobile,0,gmail.com,0
3248183,2025-03-14 17:41:08,200,visa,debit,david.teo450@yahoo.com,487992,Low,2337,New User,46,,Approved,No,No,mobile,iOS Device,yahoo.com,0
3078926,2025-01-23 00:28:19,100,visa,credit,lisa.lee371@yahoo.com,414713,Low,5074,New User,49,,Approved,No,No,desktop,MacOS,yahoo.com,0
3548071,2025-06-21 23:20:23,125,mastercard,credit,sarah.ong242@yahoo.com,543461,Low,9818,Existing User,21,,Approved,No,No,desktop,Windows,,0
3526749,2025-06-14 17:56:35,125,visa,debit,jason.ong577@gmail.com,456456,Low,8537,Existing User,30,,Approved,No,No,mobile,iOS Device,gmail.com,0
3094067,2025-01-25 16:21:45,150,mastercard,credit,sarah.ng828@yahoo.com,513785,Low,6121,New User,34,,Approved,No,No,desktop,Windows,yahoo.com,0
3076699,2025-01-22 18:43:03,8.629,visa,debit,jason.ong116@hotmail.com,455075,Low,8940,Existing User,30,,Approved,No,Yes,mobile,SM-T230 Build/KOT49H,hotmail.com,0
3062128,2025-01-20 00:51:16,50,discover,credit,david.teo267@yahoo.com,600940,Low,6458,Existing User,17,,Approved,No,No,desktop,Windows,yahoo.com,0
3405487,2025-05-03 14:32:12,71.96,mastercard,debit,alex.wong313@outlook.com,558262,Low,7289,Existing User,32,,Approved,Yes,Yes,desktop,Windows,outlook.com,1
3108472,2025-01-28 16:39:42,15.741,visa,debit,john.teo440@gmail.com,405960,Low,3788,Existing User,30,,Approved,No,No,desktop,Windows,gmail.com,0
3273079,2025-03-23 04:37:22,100,visa,credit,tom.ong347@gmail.com,417542,Low,1257,Existing User,24,,Approved,No,No,desktop,Windows,gmail.com,0
3290710,2025-03-28 23:37:27,32.582,visa,credit,amy.ong450@hotmail.com,496932,Low,5004,Existing User,26,,Approved,No,No,desktop,Windows,hotmail.com,0
3377072,2025-04-24 04:04:45,10.936,mastercard,debit,david.lim820@hotmail.com,553319,Low,2581,Existing User,30,,Approved,No,No,desktop,0,hotmail.com,0
3362563,2025-04-19 16:16:21,31.056,mastercard,debit,amy.tan790@anonymous.com,537668,High,8960,New User,88,HIGH_RISK_SCORE,Rejected,No,No,mobile,0,anonymous.com,0
3081187,2025-01-23 15:00:05,100,visa,debit,lisa.ng26@gmail.com,414035,Low,1486,New User,47,,Approved,No,No,mobile,SM-G955U Build/NRD90M,gmail.com,0
3374876,2025-04-23 16:37:37,3.202,visa,debit,john.tan367@gmail.com,419594,Low,4415,Existing User,30,,Approved,No,No,desktop,rv:11.0,gmail.com,0
3367596,2025-04-21 02:24:53,41.327,visa,credit,jason.ng113@gmail.com,439802,Low,1421,New User,31,,Approved,No,No,desktop,Windows,gmail.com,0
3214370,2025-03-04 02:48:38,74.679,visa,debit,lisa.lee827@hotmail.com,490717,Low,7843,Existing User,25,,Approved,No,No,mobile,Moto G (4) Build/NPJS25.93-14-13,hotmail.com,0
3102944,2025-01-26 22:31:39,25.069,visa,credit,anna.koh396@outlook.es,444691,Low,1518,Existing User,20,,Approved,No,No,desktop,Windows,outlook.es,0
3082268,2025-01-23 17:10:42,200,american express,credit,anna.lee821@gmail.com,373945,Low,1448,Existing User,16,,Approved,No,No,desktop,Windows,gmail.com,0
3064525,2025-01-20 16:33:59,150,mastercard,debit,mike.lim563@anonymous.com,515621,Medium,1948,Existing User,52,,Approved,Yes,No,desktop,Trident/7.0,anonymous.com,0
3547560,2025-06-21 20:58:04,100,visa,credit,david.wong326@gmail.com,444743,Low,7049,Existing User,22,,Approved,No,No,mobile,iOS Device,gmail.com,0
3353329,2025-04-16 05:17:22,8.096,visa,debit,sarah.ong782@gmail.com,490406,Low,3477,Existing User,27,,Approved,No,No,mobile,SM-J700M Build/MMB29K,gmail.com,0
3078227,2025-01-22 22:25:02,100,visa,credit,anna.chan726@anonymous.com,414516,Medium,3551,New User,55,,Approved,No,No,desktop,Windows,anonymous.com,0
3539781,2025-06-18 23:43:15,100,visa,credit,lisa.chan870@yahoo.com,463623,Low,5334,Existing User,31,,Approved,No,No,mobile,iOS Device,yahoo.com,0
3069586,2025-01-21 15:05:37,100,mastercard,credit,lisa.koh215@gmail.com,522442,Low,1999,Existing User,32,,Approved,No,No,mobile,SM-G930V Build/NRD90M,gmail.com,0
3563452,2025-06-27 12:06:54,35,visa,debit,tom.wong931@gmail.com,463248,Low,5523,Existing User,30,,Approved,Yes,Yes,desktop,0,,1
3440476,2025-05-15 00:33:59,46.417,mastercard,credit,david.koh980@gmail.com,546557,Low,3414,Existing User,48,,Approved,Yes,No,mobile,0,gmail.com,1
3036476,2025-01-14 16:45:55,800,visa,credit,amy.wong367@cox.net,402541,Medium,7291,New User,55,,Approved,No,No,desktop,Windows,cox.net,0
3447877,2025-05-18 00:08:26,31.355,mastercard,debit,tom.koh967@hotmail.com,552404,Low,2645,Existing User,39,,Approved,No,No,mobile,LG-M700 Build/NMF26X,hotmail.com,0
3049811,2025-01-17 15:26:45,100,visa,credit,david.lee405@gmail.com,427265,Low,1872,Existing User,34,,Approved,No,No,mobile,iOS Device,gmail.com,0
3477839,2025-05-29 01:31:15,0.878,visa,debit,amy.wong99@gmail.com,490087,Low,1924,Existing User,29,,Approved,No,No,desktop,Windows,gmail.com,0
3046997,2025-01-16 20:48:21,125,visa,credit,anna.tan355@anonymous.com,427928,Low,2220,Existing User,41,,Approved,No,No,desktop,Windows,anonymous.com,0
3386483,2025-04-27 16:53:10,15.226,visa,debit,lisa.teo153@hotmail.com,476252,Low,8578,Existing User,33,,Approved,No,No,desktop,Windows,hotmail.com,0
3058861,2025-01-19 16:29:45,15,visa,debit,tom.chan312@hotmail.com,498714,Low,7736,Existing User,30,,Approved,No,No,desktop,Trident/7.0,,0
3248756,2025-03-14 20:39:12,2.84,visa,debit,lisa.ng516@outlook.com,423336,Low,9425,New User,40,,Approved,No,No,mobile,LG-K580 Build/MRA58K,outlook.com,0
3397969,2025-05-01 02:08:17,27.431,visa,debit,lisa.lee254@gmail.com,451938,Medium,7146,New User,52,,Approved,No,No,mobile,AX921 Build/MRA58K,gmail.com,0
3026624,2025-01-12 02:52:59,500,american express,credit,sarah.koh739@icloud.com,375533,Medium,4934,New User,62,,Approved,No,No,mobile,iOS Device,icloud.com,0
3154758,2025-02-11 16:41:52,27.672,visa,credit,sarah.wong457@gmail.com,447813,Low,6091,New User,43,,Approved,No,No,desktop,rv:11.0,gmail.com,0
3250353,2025-03-15 15:27:09,38.427,mastercard,debit,alex.lim621@gmail.com,519166,Low,7078,New User,40,,Approved,No,No,mobile,SAMSUNG SM-G610M Build/MMB29K,gmail.com,0
3083090,2025-01-23 18:39:55,100,discover,credit,mike.koh737@anonymous.com,616587,Medium,9476,New User,65,ANONYMOUS_EMAIL,Rejected,No,No,desktop,rv:11.0,anonymous.com,0
3224885,2025-03-06 23:00:15,35,visa,credit,amy.lim315@sbcglobal.net,468289,Low,6644,New User,42,,Approved,No,No,desktop,Windows,sbcglobal.net,0
3081504,2025-01-23 15:44:19,100,visa,debit,mike.wong664@anonymous.com,419319,Medium,5585,New User,64,,Approved,No,No,desktop,Windows,anonymous.com,0
3100378,2025-01-26 15:06:58,25,visa,credit,amy.teo781@frontier.com,479171,Low,7916,Existing User,31,,Approved,No,No,0,0,frontier.com,0
3350065,2025-04-15 03:34:24,61.569,visa,debit,jason.chan252@hotmail.com,409757,Low,8056,Existing User,29,,Approved,No,No,desktop,Windows,hotmail.com,0
3004367,2025-01-06 11:34:56,50,visa,debit,alex.ng742@aol.com,462029,Low,6230,Existing User,22,,Approved,No,No,desktop,Windows,aol.com,0
3251539,2025-03-15 22:57:33,9.305,mastercard,debit,david.lee569@gmail.com,552062,Low,2827,Existing User,32,,Approved,No,No,desktop,Windows,gmail.com,0
3081404,2025-01-23 15:30:00,750,american express,credit,tom.ng288@gmail.com,371650,Low,7010,Existing User,40,,Approved,No,No,desktop,Trident/7.0,gmail.com,0
3398181,2025-05-01 04:22:29,50,visa,debit,alex.chan868@gmail.com,497686,Low,2136,Existing User,35,,Approved,No,No,desktop,Windows,gmail.com,0
3090509,2025-01-24 21:35:37,100,visa,debit,sarah.lee533@yahoo.com,437651,Low,7391,Existing User,28,,Approved,No,No,desktop,Windows,yahoo.com,0
3156680,2025-02-12 03:12:14,75,visa,credit,david.lee634@anonymous.com,420121,Low,1312,Existing User,44,,Approved,No,No,desktop,Trident/7.0,anonymous.com,0
3003311,2025-01-06 00:36:07,25,visa,debit,tom.wong281@yahoo.com,417777,Low,6037,Existing User,35,,Approved,No,No,mobile,SM-G930V Build/NRD90M,yahoo.com,0
3084266,2025-01-23 21:03:21,250,visa,debit,lisa.koh872@yahoo.com,420131,Low,6985,Existing User,41,,Approved,No,No,mobile,iOS Device,yahoo.com,0
3243279,2025-03-12 23:20:29,200,visa,debit,mike.lim883@gmail.com,498521,Low,2679,New User,45,,Approved,No,No,mobile,iOS Device,gmail.com,0
3082867,2025-01-23 18:15:08,250,visa,credit,alex.ong70@gmail.com,458284,Low,8039,Existing User,35,,Approved,No,No,mobile,iOS Device,gmail.com,0
3359911,2025-04-18 14:24:38,4.713,visa,debit,mike.ng631@anonymous.com,465365,Medium,8639,Existing User,56,,Approved,No,No,desktop,Windows,anonymous.com,0
3431212,2025-05-11 18:46:01,150,visa,credit,amy.tan380@anonymous.com,496424,Low,2999,Existing User,48,,Approved,No,No,desktop,Windows,anonymous.com,0
3084575,2025-01-23 21:40:36,250,visa,debit,tom.tan975@me.com,417393,Medium,4180,New User,61,,Approved,No,No,desktop,MacOS,me.com,0
3574945,2025-07-02 01:02:01,17.522,mastercard,debit,alex.lim519@gmail.com,552257,Low,1426,New User,40,,Approved,No,No,desktop,Windows,gmail.com,0
3092500,2025-01-25 03:17:21,100,visa,credit,alex.tan321@gmail.com,471324,Low,7777,New User,41,,Approved,No,Yes,mobile,iOS Device,gmail.com,0
3312760,2025-04-03 22:25:05,100,visa,credit,mike.tan688@anonymous.com,421399,Low,6257,Existing User,44,,Approved,No,No,desktop,Trident/7.0,anonymous.com,0
3223003,2025-03-06 16:44:32,67.067,mastercard,credit,anna.lee890@hotmail.com,519554,Low,3786,Existing User,31,,Approved,Yes,No,desktop,0,hotmail.com,1
3436213,2025-05-13 15:30:51,250,mastercard,credit,alex.koh263@gmail.com,543558,Low,8015,Existing User,32,,Approved,No,No,desktop,Windows,,0
3551674,2025-06-23 01:25:25,18.628,visa,debit,tom.ong361@hotmail.com,448010,Low,4610,Existing User,42,,Approved,No,No,desktop,0,hotmail.com,0
3232117,2025-03-09 14:49:26,10.151,mastercard,debit,amy.ng491@gmail.com,532134,Low,9703,New User,46,,Approved,No,No,desktop,Windows,gmail.com,0
3424514,2025-05-09 00:02:27,9.099,visa,debit,david.teo163@outlook.com,400070,Medium,4854,New User,64,NEW_USER_RULE,Rejected,No,No,mobile,0,outlook.com,0
3151048,2025-02-10 03:56:13,6.821,visa,debit,mike.lim256@gmail.com,456245,Medium,8089,Existing User,50,,Approved,No,No,mobile,0,gmail.com,0
3060206,2025-01-19 19:48:42,25,mastercard,credit,mike.chan11@gmail.com,512944,Low,1180,Existing User,21,,Approved,No,No,desktop,MacOS,gmail.com,0
3065427,2025-01-20 18:53:02,100,american express,credit,tom.teo343@gmail.com,375971,Low,1647,New User,42,,Approved,No,No,desktop,MacOS,gmail.com,0
3251295,2025-03-15 21:40:00,171.593,visa,credit,sarah.ong46@gmail.com,429182,Medium,8009,New User,57,,Approved,Yes,No,mobile,0,gmail.com,1
3067954,2025-01-21 01:59:08,15,mastercard,credit,john.lim371@hotmail.com,536608,Low,7441,Existing User,21,,Approved,No,No,desktop,Windows,hotmail.com,0
3532180,2025-06-16 14:53:08,50,mastercard,credit,tom.lim877@msn.com,523674,Low,7175,Existing User,27,,Approved,Yes,No,mobile,iOS Device,msn.com,1
3235897,2025-03-10 17:05:16,100,visa,debit,anna.teo581@gmail.com,475452,Low,2956,Existing User,20,,Approved,No,No,desktop,Windows,gmail.com,0
3340507,2025-04-11 22:39:59,15,american express,credit,jason.chan957@gmail.com,375305,Low,2188,New User,33,,Approved,No,No,desktop,rv:11.0,,0
3112316,2025-01-29 18:24:11,132.394,visa,debit,mike.ong558@hotmail.com,456563,Low,4949,New User,41,,Approved,No,No,desktop,Windows,hotmail.com,0
3231168,2025-03-09 00:59:36,100,mastercard,credit,amy.lee164@gmail.com,516864,Low,2551,Existing User,29,,Approved,Yes,No,desktop,MacOS,gmail.com,1
3553956,2025-06-23 22:24:15,7.808,visa,credit,lisa.lim119@anonymous.com,493835,Low,3576,Existing User,47,,Approved,Yes,No,desktop,Windows,anonymous.com,1
3411191,2025-05-05 04:05:49,56.807,mastercard,debit,mike.chan623@live.com.mx,521220,Low,5436,Existing User,23,,Approved,No,No,desktop,Windows,live.com.mx,0
3460486,2025-05-22 16:34:29,200,american express,credit,tom.chan491@anonymous.com,376295,Low,9000,Existing User,46,,Approved,No,No,desktop,Windows,anonymous.com,0
3456599,2025-05-21 01:29:42,28.834,visa,debit,david.lim63@outlook.com,464305,Low,7987,Existing User,43,,Approved,No,No,desktop,0,outlook.com,0
3530780,2025-06-15 23:11:50,5.735,visa,debit,amy.ng760@hotmail.com,429110,Low,4298,Existing User,29,,Approved,No,No,mobile,Moto G (4) Build/NPJ25.93-14.7,hotmail.com,0
3166724,2025-02-15 18:02:38,100,visa,credit,lisa.chan868@gmail.com,432648,Low,7784,Existing User,17,,Approved,Yes,No,desktop,Windows,gmail.com,1
3008407,2025-01-07 13:41:06,75,visa,debit,jason.ng490@gmail.com,431239,Low,1867,Existing User,31,,Approved,No,No,mobile,SM-G950U Build/NRD90M,gmail.com,0
3103422,2025-01-27 00:36:48,25,visa,debit,tom.ng898@comcast.net,412292,Low,4993,Existing User,44,,Approved,No,No,mobile,iOS Device,comcast.net,0
3265616,2025-03-20 15:15:16,10.634,mastercard,debit,lisa.teo312@hotmail.com,527196,Low,5195,Existing User,39,,Approved,No,No,mobile,5010G Build/MRA58K,hotmail.com,0
3095107,2025-01-25 18:40:10,75,visa,credit,tom.ng281@gmail.com,436830,Low,1100,Existing User,28,,Approved,No,No,desktop,MacOS,gmail.com,0
3348769,2025-04-14 20:34:58,88.515,visa,debit,jason.ng803@anonymous.com,475097,Medium,4193,New User,72,,Approved,No,No,mobile,SM-G925I Build/NRD90M,anonymous.com,0
3258619,2025-03-18 03:51:03,73.108,visa,debit,jason.goh353@gmail.com,434410,Low,2231,New User,41,,Approved,No,No,desktop,Windows,gmail.com,0
3374026,2025-04-23 05:06:02,50,visa,credit,sarah.tan133@gmail.com,499730,Low,1968,Existing User,16,,Approved,No,No,desktop,Windows,,0
3373943,2025-04-23 04:03:11,25.135,visa,credit,john.chan318@gmail.com,460684,Low,8986,Existing User,45,,Approved,No,Yes,mobile,0,gmail.com,0
3247310,2025-03-14 03:38:35,200,visa,credit,tom.tan454@comcast.net,474662,Low,5524,Existing User,40,,Approved,No,No,mobile,iOS Device,comcast.net,0
3086878,2025-01-24 04:32:12,50,visa,debit,mike.lim623@hotmail.com,461815,Medium,7883,Existing User,54,,Approved,No,No,mobile,0,hotmail.com,0
3001788,2025-01-05 19:19:10,75,visa,credit,lisa.koh785@anonymous.com,469206,Medium,7687,Existing User,61,ANONYMOUS_EMAIL,Rejected,No,No,mobile,iOS Device,anonymous.com,0
3485330,2025-06-01 01:24:26,30.618,visa,debit,david.ong182@hotmail.com,464375,Low,6353,Existing User,25,,Approved,No,No,mobile,SM-G531H Build/LMY48B,hotmail.com,0
3213860,2025-03-04 00:01:50,102.593,mastercard,credit,david.ong926@anonymous.com,522730,Medium,3156,New User,70,,Approved,No,No,desktop,Trident/7.0,anonymous.com,0
3523009,2025-06-13 13:29:27,10,mastercard,debit,jason.lee466@outlook.com,527402,Medium,1064,Existing User,55,,Approved,No,No,mobile,0,,0
3099999,2025-01-26 14:00:21,200,visa,credit,mike.ng7@gmail.com,486511,Low,6574,Existing User,20,,Approved,No,No,desktop,Trident/7.0,gmail.com,0
3560099,2025-06-26 02:11:09,92.835,visa,debit,mike.koh359@gmail.com,490177,Low,3781,Existing User,35,,Approved,No,No,desktop,Windows,gmail.com,0
3531876,2025-06-16 13:09:14,55,mastercard,credit,mike.ong847@outlook.com,543549,Low,2113,Existing User,19,,Approved,No,No,desktop,Windows,,0
3077324,2025-01-22 20:10:01,25,visa,credit,amy.lee581@gmail.com,475728,Low,3064,New User,42,,Approved,No,No,desktop,Windows,gmail.com,0
3393617,2025-04-29 20:37:37,22.96,visa,debit,lisa.goh493@gmail.com,412314,Medium,6192,New User,52,,Approved,No,No,mobile,SM-G530H Build/LRX22G,gmail.com,0
3140947,2025-02-06 20:48:51,37.312,mastercard,credit,alex.lim222@live.com,536629,Low,2800,Existing User,30,,Approved,No,No,desktop,Windows,live.com,0
3447303,2025-05-17 20:25:24,17.46,mastercard,debit,david.chan786@gmail.com,548488,Low,1982,Existing User,45,,Approved,No,No,0,0,gmail.com,0
3246424,2025-03-13 22:57:07,125,american express,credit,tom.ong22@yahoo.com,374028,Low,6577,New User,30,,Approved,No,No,desktop,Windows,yahoo.com,0
3416044,2025-05-06 14:46:04,13.403,visa,debit,tom.tan859@gmail.com,428594,Low,5744,Existing User,29,,Approved,No,No,mobile,Redmi Note 4 Build/NRD90M,gmail.com,0
3060139,2025-01-19 19:39:08,50,visa,debit,david.goh240@gmail.com,499705,Low,4491,New User,39,,Approved,No,No,desktop,Trident/7.0,gmail.com,0
3059702,2025-01-19 18:37:15,50,visa,credit,jason.wong215@yahoo.com,488533,Low,1688,Existing User,26,,Approved,No,No,desktop,MacOS,yahoo.com,0
3510842,2025-06-09 03:50:26,43.958,visa,credit,amy.wong513@gmail.com,417354,Low,5016,New User,44,,Approved,No,No,mobile,HUAWEI RIO-L03 Build/HUAWEIRIO-L03,gmail.com,0
3368724,2025-04-21 16:54:48,33.954,visa,debit,tom.ong163@gmail.com,442528,Low,7638,Existing User,45,,Approved,No,No,mobile,0,gmail.com,0
3087166,2025-01-24 06:57:33,150,mastercard,debit,lisa.wong664@gmail.com,550332,Low,7539,Existing User,32,,Approved,No,No,desktop,Windows,gmail.com,0
3529958,2025-06-15 19:00:19,15,visa,debit,tom.teo848@hotmail.com,434349,Low,3677,Existing User,20,,Approved,No,No,desktop,Windows,hotmail.com,0
3513390,2025-06-10 01:48:12,150,american express,credit,sarah.teo544@aol.com,374742,Low,2797,Existing User,39,,Approved,No,No,mobile,iOS Device,aol.com,0
3548482,2025-06-22 00:40:49,106,mastercard,credit,lisa.goh530@hotmail.com,525813,Low,5745,Existing User,27,,Approved,No,No,desktop,Windows,,0
3008913,2025-01-07 16:27:37,100,visa,credit,jason.lee347@yahoo.com,448395,Low,4527,New User,40,,Approved,No,Yes,desktop,Windows,yahoo.com,0
3348760,2025-04-14 20:32:17,38.971,mastercard,credit,alex.chan36@gmail.com,544336,Medium,9897,Existing User,50,,Approved,No,No,mobile,0,gmail.com,0
3153663,2025-02-11 02:05:10,14.925,mastercard,debit,alex.wong994@hotmail.com,548127,Low,9848,Existing User,38,,Approved,No,No,mobile,LG-X230 Build/MRA58K,hotmail.com,0
3096764,2025-01-25 22:08:15,214.311,mastercard,credit,anna.lim52@anonymous.com,514091,Medium,5888,Existing User,54,,Approved,No,No,desktop,Windows,anonymous.com,0
3090503,2025-01-24 21:34:38,27.051,visa,debit,jason.koh954@outlook.com,410080,Low,3463,Existing User,20,,Approved,No,No,desktop,Windows,outlook.com,0
3075771,2025-01-22 16:28:55,21.338,visa,debit,alex.goh49@gmail.com,469290,Low,7220,Existing User,40,,Approved,No,No,mobile,0,gmail.com,0
3391657,2025-04-29 03:11:39,75.477,visa,credit,tom.teo386@gmail.com,496403,Low,4383,Existing User,40,,Approved,No,Yes,mobile,0,gmail.com,0
3207755,2025-03-01 23:47:06,44.227,visa,credit,sarah.ong619@anonymous.com,407144,Medium,8883,Existing User,52,,Approved,Yes,No,desktop,Windows,anonymous.com,1
3089102,2025-01-24 18:22:22,200,visa,credit,amy.koh287@gmail.com,463355,Low,3919,Existing User,39,,Approved,No,No,mobile,iOS Device,gmail.com,0
3383946,2025-04-26 18:19:00,25,visa,credit,john.lim159@optonline.net,451037,Low,4914,New User,37,,Approved,No,No,desktop,Trident/7.0,optonline.net,0
3216247,2025-03-04 20:56:12,8.459,visa,credit,anna.tan665@me.com,468317,Low,3359,Existing User,44,,Approved,No,No,mobile,0,me.com,0
3438900,2025-05-14 15:03:01,200,american express,credit,mike.tan987@yahoo.com,379694,Low,7686,Existing User,39,,Approved,No,No,mobile,iOS Device,yahoo.com,0
3559921,2025-06-26 00:51:22,22.563,mastercard,credit,jason.goh578@anonymous.com,547512,Medium,4738,Existing User,59,,Approved,No,No,mobile,SAMSUNG SM-G9650 Build/R16NW,anonymous.com,0
3131173,2025-02-04 07:21:00,8.681,visa,credit,david.tan865@gmail.com,413761,Low,1118,New User,36,,Approved,Yes,No,desktop,rv:57.0,gmail.com,1
3143535,2025-02-07 18:13:47,51.071,visa,credit,lisa.teo234@anonymous.com,465983,Medium,5411,New User,64,ANONYMOUS_EMAIL,Rejected,Yes,No,desktop,Windows,anonymous.com,0
3315485,2025-04-04 16:21:29,5.762,mastercard,debit,john.teo29@hotmail.com,554030,Low,9135,New User,42,,Approved,No,No,desktop,Windows,hotmail.com,0
3059209,2025-01-19 17:23:29,100,visa,credit,lisa.lee684@anonymous.com,421801,Medium,5283,Existing User,50,,Approved,No,No,desktop,Windows,anonymous.com,0
3562533,2025-06-26 22:37:53,10.267,mastercard,debit,sarah.lim353@gmail.com,528979,Low,7105,Existing User,34,,Approved,No,No,desktop,Windows,gmail.com,0
3499547,2025-06-05 03:37:15,76.604,mastercard,credit,lisa.ong723@yahoo.com,545624,Low,8838,Existing User,29,,Approved,No,No,desktop,Windows,yahoo.com,0
3059819,2025-01-19 18:55:07,31.249,mastercard,debit,tom.ong831@hotmail.com,526061,Medium,6055,New User,55,,Approved,No,No,desktop,0,hotmail.com,0
3310217,2025-04-03 18:14:57,155.279,visa,credit,jason.lee578@gmail.com,407890,Low,1711,New User,30,,Approved,No,No,desktop,Windows,gmail.com,0
3135546,2025-02-05 11:19:47,100,visa,credit,tom.wong719@hotmail.com,403370,Low,2961,Existing User,24,,Approved,No,No,desktop,Windows,,0
3388359,2025-04-28 01:15:48,50,visa,debit,mike.koh819@gmail.com,443416,Low,8139,Existing User,30,,Approved,No,No,mobile,iOS Device,gmail.com,0
3291703,2025-03-29 13:40:08,156.125,mastercard,credit,john.lim635@anonymous.com,534317,Medium,5855,Existing User,54,,Approved,No,No,desktop,0,anonymous.com,0
3049229,2025-01-17 06:34:58,150,mastercard,debit,lisa.tan314@anonymous.com,528643,Medium,6600,Existing User,59,,Approved,No,No,desktop,Trident/7.0,anonymous.com,0
3075246,2025-01-22 14:58:00,600,visa,credit,david.koh256@aol.com,492057,Low,2845,Existing User,37,,Approved,No,No,desktop,Windows,aol.com,0
3151330,2025-02-10 13:18:37,55,visa,debit,jason.ong842@yahoo.com,417430,Low,1611,Existing User,32,,Approved,No,Yes,desktop,0,,0
3192191,2025-02-24 15:02:44,20,visa,credit,anna.wong532@gmail.com,443694,Low,9177,Existing User,16,,Approved,No,No,desktop,MacOS,,0
3130651,2025-02-04 02:28:40,109.138,visa,debit,mike.lee874@hotmail.com,463881,Low,8938,Existing User,37,,Approved,No,No,desktop,0,hotmail.com,0
3452370,2025-05-19 16:54:34,25,visa,credit,anna.wong830@gmail.com,466648,Low,5497,New User,45,,Approved,No,No,desktop,Windows,gmail.com,0
3544312,2025-06-20 17:11:56,150,visa,debit,jason.lee257@hotmail.com,431215,Low,5565,Existing User,35,,Approved,No,No,desktop,MacOS,hotmail.com,0
3042261,2025-01-15 21:19:42,51.537,visa,debit,amy.goh434@outlook.com,481162,Low,7698,Existing User,37,,Approved,Yes,No,mobile,SM-J700M Build/MMB29K,,1
3470615,2025-05-26 16:45:02,100,visa,credit,david.ng208@yahoo.com,414113,Low,5389,Existing User,15,,Approved,No,No,desktop,Windows,yahoo.com,0
3337440,2025-04-10 23:00:44,8.338,visa,credit,alex.wong702@hotmail.com,411072,Low,1451,Existing User,25,,Approved,No,No,desktop,0,,0
3040909,2025-01-15 17:00:09,100,visa,credit,amy.chan920@hotmail.com,414671,Low,5850,Existing User,18,,Approved,No,No,desktop,Windows,hotmail.com,0
3539343,2025-06-18 21:24:02,87.793,mastercard,credit,sarah.lim558@gmail.com,525348,Low,1886,Existing User,25,,Approved,No,No,desktop,Windows,gmail.com,0
3281786,2025-03-26 03:42:09,7.432,visa,debit,mike.lee714@hotmail.com,491963,Low,9648,Existing User,34,,Approved,No,No,desktop,Windows,hotmail.com,0
3086080,2025-01-24 01:12:47,100,mastercard,credit,alex.lim193@anonymous.com,542383,Low,7354,Existing User,49,,Approved,No,No,desktop,rv:57.0,anonymous.com,0
3432160,2025-05-11 23:56:07,50,mastercard,credit,david.lim808@yahoo.com,534474,Low,5558,Existing User,28,,Approved,No,No,desktop,Windows,yahoo.com,0
3033285,2025-01-13 19:41:48,125,american express,credit,john.ng173@aol.com,376233,Low,7554,Existing User,19,,Approved,No,No,desktop,Windows,aol.com,0
3262018,2025-03-19 03:59:53,9.063,visa,debit,mike.koh137@gmail.com,486157,Medium,8146,New User,53,,Approved,No,No,mobile,SM-G531H Build/LMY48B,gmail.com,0
3203068,2025-02-28 01:49:57,30.936,mastercard,credit,sarah.ng954@gmail.com,528686,Low,4330,New User,44,,Approved,No,No,desktop,0,gmail.com,0
3363541,2025-04-19 22:02:28,50,visa,credit,sarah.lim825@yahoo.com,490729,Low,1083,New User,30,,Approved,No,No,desktop,Windows,yahoo.com,0
3042562,2025-01-15 22:20:24,100,visa,credit,anna.teo873@aol.com,497905,Low,8028,Existing User,31,,Approved,No,No,0,0,aol.com,0
3225543,2025-03-07 01:17:18,35.044,visa,debit,mike.ong670@anonymous.com,446154,Medium,9311,New User,64,,Approved,No,No,desktop,Windows,anonymous.com,0
3468712,2025-05-25 21:32:05,175,visa,debit,lisa.chan918@gmail.com,434904,Low,4175,Existing User,28,,Approved,No,No,desktop,MacOS,gmail.com,0
3079638,2025-01-23 02:51:11,20.755,visa,debit,alex.wong201@gmail.com,473178,Low,3540,Existing User,29,,Approved,No,No,mobile,GT-I9060M Build/KTU84P,gmail.com,0
3088728,2025-01-24 17:32:59,100,visa,debit,john.lim292@gmail.com,444813,Low,6194,Existing User,27,,Approved,No,No,desktop,Windows,gmail.com,0
3143716,2025-02-07 19:06:02,50,visa,credit,sarah.lee633@gmail.com,494474,Low,4683,Existing User,37,,Approved,No,No,mobile,iOS Device,gmail.com,0
3090745,2025-01-24 22:11:19,30,visa,debit,john.wong825@gmail.com,455778,Low,2037,Existing User,24,,Approved,No,No,desktop,Windows,gmail.com,0
3142486,2025-02-07 03:58:28,32.881,mastercard,credit,tom.lim867@hotmail.com,529638,Low,9726,Existing User,35,,Approved,No,No,desktop,0,hotmail.com,0
3478167,2025-05-29 05:51:23,178.23,visa,debit,david.teo205@gmail.com,481643,Low,5812,Existing User,30,,Approved,No,No,mobile,5010G Build/MRA58K,gmail.com,0
3375059,2025-04-23 17:30:36,150,discover,credit,anna.koh627@aol.com,605135,Low,1445,Existing User,15,,Approved,No,No,desktop,Windows,aol.com,0
3086141,2025-01-24 01:24:32,75,visa,debit,jason.lee905@gmail.com,476017,Low,8202,Existing User,36,,Approved,No,No,mobile,iOS Device,gmail.com,0
3083420,2025-01-23 19:16:57,75,mastercard,credit,sarah.tan828@anonymous.com,552817,Medium,2597,New User,65,,Approved,No,No,mobile,iOS Device,anonymous.com,0
3243161,2025-03-12 22:43:58,175,visa,credit,sarah.teo154@gmail.com,486609,Low,2930,Existing User,25,,Approved,Yes,No,desktop,Windows,gmail.com,1
3549031,2025-06-22 04:47:15,25.822,visa,credit,jason.chan630@gmail.com,416435,Low,3699,New User,38,,Approved,No,No,mobile,HUAWEI VNS-L53 Build/HUAWEIVNS-L53,gmail.com,0
3507750,2025-06-08 03:40:58,124.313,visa,credit,jason.koh937@anonymous.com,494811,Low,6864,Existing User,45,,Approved,No,No,desktop,Windows,anonymous.com,0
3116887,2025-01-30 20:27:52,42.909,visa,debit,tom.chan235@gmail.com,440097,Low,3770,Existing User,36,,Approved,No,No,mobile,SM-J730GM Build/NRD90M,gmail.com,0
3039649,2025-01-15 05:00:53,50,visa,debit,anna.koh423@gmail.com,484202,Low,8994,Existing User,31,,Approved,No,No,desktop,MacOS,gmail.com,0
3100257,2025-01-26 14:45:32,50,visa,debit,jason.koh927@gmail.com,454396,Low,6357,New User,42,,Approved,No,No,desktop,MacOS,gmail.com,0
3211614,2025-03-03 05:14:21,38.79,visa,debit,jason.goh404@hotmail.com,491066,Low,9609,Existing User,38,,Approved,No,No,mobile,SM-G610M Build/MMB29K,hotmail.com,0
3086028,2025-01-24 01:04:34,150,visa,credit,sarah.lim347@anonymous.com,400538,Medium,5692,Existing User,54,,Approved,No,No,desktop,Windows,anonymous.com,0
3099691,2025-01-26 12:04:34,150,mastercard,credit,david.chan561@anonymous.com,547852,Medium,6522,Existing User,52,,Approved,No,No,mobile,iOS Device,anonymous.com,0
3034916,2025-01-14 02:04:01,50,mastercard,debit,tom.teo941@gmail.com,535582,Low,2773,New User,48,,Approved,Yes,No,desktop,0,gmail.com,0
3166145,2025-02-15 07:08:09,15.741,visa,debit,amy.wong602@hotmail.com,428837,Low,9032,Existing User,27,,Approved,No,No,desktop,Windows,hotmail.com,0
3463091,2025-05-23 16:05:09,19.92,visa,credit,lisa.wong585@yahoo.com.mx,490522,Low,5593,New User,43,,Approved,No,No,desktop,Windows,yahoo.com.mx,0
3577244,2025-07-02 22:12:51,16.994,visa,credit,john.lim507@hotmail.com,439739,Low,2482,Existing User,42,,Approved,No,No,mobile,0,hotmail.com,0
3001269,2025-01-05 17:29:34,110.25,visa,credit,sarah.ong261@outlook.com,405568,Low,3261,Existing User,25,,Approved,No,No,desktop,Trident/7.0,,0
3369303,2025-04-21 19:59:34,200,american express,credit,jason.chan298@yahoo.com,370047,Low,3274,Existing User,28,,Approved,No,No,desktop,MacOS,yahoo.com,0
3560413,2025-06-26 08:21:00,250,american express,credit,tom.ng88@anonymous.com,373437,Medium,7659,Existing User,63,ANONYMOUS_EMAIL,Rejected,No,No,mobile,iOS Device,anonymous.com,0
3370746,2025-04-22 04:15:55,26.464,mastercard,debit,mike.lee341@hotmail.com,515700,Low,7949,Existing User,28,,Approved,No,No,desktop,Windows,hotmail.com,0
3057105,2025-01-19 03:02:14,30,visa,debit,tom.lee76@gmail.com,442494,Low,8298,New User,41,,Approved,No,No,desktop,MacOS,gmail.com,0
2989507,2025-01-02 16:44:56,100,visa,credit,amy.goh42@outlook.com,467564,Low,8383,Existing User,23,,Approved,No,No,desktop,Windows,,0
3067810,2025-01-21 01:29:54,4.256,visa,credit,lisa.lim145@gmail.com,485030,Low,6605,Existing User,47,,Approved,No,No,mobile,0,gmail.com,0
3129397,2025-02-03 21:09:39,30.199,visa,debit,jason.ong117@anonymous.com,473101,Medium,3250,Existing User,55,,Approved,No,No,mobile,F3213 Build/36.1.A.1.86,anonymous.com,0
3474085,2025-05-27 20:37:25,7.378,visa,debit,john.lee843@hotmail.com,475170,Low,3688,New User,42,,Approved,No,No,mobile,CAM-L03 Build/HUAWEICAM-L03,hotmail.com,0
3109042,2025-01-28 18:49:14,275.293,visa,debit,john.koh766@gmail.com,459731,Medium,5703,Existing User,60,MANUAL_REVIEW,Rejected,No,No,mobile,0,gmail.com,1
3071391,2025-01-21 19:27:53,250,visa,debit,lisa.koh299@yahoo.com,419754,Low,2621,Existing User,37,,Approved,No,No,desktop,rv:11.0,yahoo.com,0
3033777,2025-01-13 21:31:03,75,mastercard,credit,alex.ong278@gmail.com,518689,Low,1615,Existing User,27,,Approved,No,No,mobile,Trident/7.0,gmail.com,0
3149714,2025-02-09 21:03:45,3.867,visa,credit,alex.goh297@live.com.mx,480972,Low,5554,Existing User,26,,Approved,No,No,desktop,Windows,live.com.mx,0
3526748,2025-06-14 17:56:27,50,visa,debit,mike.lim501@anonymous.com,419158,High,9315,New User,80,HIGH_RISK_SCORE,Rejected,No,No,mobile,iOS Device,anonymous.com,0
3227081,2025-03-07 17:55:50,14.38,visa,credit,tom.tan937@hotmail.com,437203,Low,6190,Existing User,22,,Approved,No,No,desktop,Windows,hotmail.com,0
3238997,2025-03-11 17:14:52,75,visa,credit,anna.wong754@hotmail.com,412254,Low,7467,Existing User,29,,Approved,No,Yes,desktop,MacOS,hotmail.com,0
3212112,2025-03-03 15:41:54,66.825,mastercard,credit,mike.tan759@anonymous.com,553532,Medium,7457,New User,68,ANONYMOUS_EMAIL,Rejected,No,No,desktop,0,anonymous.com,0
3260803,2025-03-18 21:28:53,100,mastercard,credit,alex.wong142@yahoo.com,513616,Low,8795,Existing User,40,,Approved,No,No,mobile,iOS Device,yahoo.com,0
3147013,2025-02-08 22:14:54,200,visa,credit,john.koh590@anonymous.com,412842,Medium,3630,Existing User,64,ANONYMOUS_EMAIL,Rejected,No,No,0,0,anonymous.com,0
3544856,2025-06-20 20:27:47,13.034,mastercard,credit,tom.wong539@gmail.com,535213,Low,3416,New User,43,,Approved,No,No,desktop,Windows,gmail.com,0
3560194,2025-06-26 02:46:13,80.17,mastercard,credit,david.wong977@hotmail.com,549583,Low,6955,Existing User,44,,Approved,Yes,No,desktop,0,hotmail.com,1
3029812,2025-01-12 22:32:27,50,american express,credit,anna.tan506@yahoo.com,379759,Low,2668,New User,35,,Approved,No,No,desktop,Windows,yahoo.com,0
3395961,2025-04-30 16:23:51,150,visa,credit,lisa.koh467@gmail.com,489345,Low,4649,Existing User,35,,Approved,Yes,No,mobile,SM-J327T1 Build/NRD90M,gmail.com,1
3125266,2025-02-02 16:22:44,100,visa,debit,alex.tan105@gmail.com,402637,Medium,1563,New User,50,,Approved,No,No,desktop,MacOS,gmail.com,0
3040390,2025-01-15 15:20:36,15,visa,debit,tom.goh213@anonymous.com,470546,Medium,4817,New User,71,,Approved,No,No,0,0,anonymous.com,0
3152219,2025-02-10 19:00:28,250,mastercard,credit,lisa.teo576@yahoo.com,524704,Medium,4704,New User,58,,Approved,Yes,No,mobile,iOS Device,yahoo.com,1
3283302,2025-03-26 18:40:47,100,visa,debit,john.ng71@gmail.com,449897,Low,1770,Existing User,32,,Approved,Yes,No,desktop,rv:58.0,gmail.com,1
3034311,2025-01-13 23:33:40,250,mastercard,credit,tom.teo589@anonymous.com,544685,Medium,7961,Existing User,53,,Approved,No,No,desktop,Trident/7.0,anonymous.com,0
3242111,2025-03-12 17:26:49,44.227,visa,debit,tom.chan239@anonymous.com,437842,Low,3967,Existing User,45,,Approved,No,No,desktop,Windows,anonymous.com,0
3452049,2025-05-19 14:59:11,78.571,mastercard,debit,jason.ong432@gmail.com,549210,Low,2169,New User,44,,Approved,No,No,desktop,Windows,gmail.com,0
3218529,2025-03-05 15:06:35,100,american express,credit,tom.goh892@anonymous.com,378990,Medium,7954,Existing User,54,,Approved,No,No,desktop,Trident/7.0,anonymous.com,0
3473607,2025-05-27 18:24:25,100,mastercard,debit,alex.koh839@anonymous.com,539920,Low,5097,Existing User,45,,Approved,No,Yes,desktop,Trident/7.0,anonymous.com,0
2999968,2025-01-05 04:34:45,150,american express,credit,lisa.lee721@anonymous.com,370742,Medium,9566,Existing User,65,,Approved,No,No,mobile,iOS Device,anonymous.com,0
3536613,2025-06-17 22:31:32,125,american express,credit,mike.tan909@anonymous.com,376784,Low,3306,Existing User,49,,Approved,No,No,desktop,Trident/7.0,anonymous.com,0
3426772,2025-05-09 22:33:06,39.194,mastercard,debit,anna.koh269@gmail.com,548577,Low,7836,Existing User,32,,Approved,No,No,mobile,5011A Build/NRD90M,gmail.com,0
3388993,2025-04-28 10:17:48,22.96,visa,credit,jason.lim492@gmail.com,499192,Medium,8602,New User,59,,Approved,No,No,mobile,0,gmail.com,0
3074050,2025-01-22 03:26:32,125,visa,debit,john.chan805@gmail.com,446981,Low,5397,New User,49,,Approved,No,No,mobile,SM-G955U Build/NRD90M,gmail.com,0
3372069,2025-04-22 18:22:04,100,mastercard,debit,anna.wong644@charter.net,511704,Low,5738,New User,39,,Approved,No,No,desktop,Windows,charter.net,0
3215057,2025-03-04 14:57:03,11.057,visa,credit,anna.lee510@gmail.com,411462,Low,1276,Existing User,15,,Approved,No,No,desktop,Windows,gmail.com,0
3348721,2025-04-14 20:19:19,42.294,visa,debit,david.lee719@gmail.com,467793,Low,8140,New User,47,,Approved,No,No,mobile,moto x4 Build/OPWS27.57-40-6,gmail.com,0
3134920,2025-02-05 01:53:14,25.361,mastercard,credit,david.ng711@hotmail.com,553347,Low,3095,Existing User,15,,Approved,No,No,desktop,Trident/7.0,hotmail.com,0
3110494,2025-01-29 00:45:22,200,visa,credit,tom.tan844@anonymous.com,438758,Medium,3744,Existing User,51,,Approved,No,No,desktop,MacOS,anonymous.com,0
3065218,2025-01-20 18:18:49,100,visa,credit,david.teo655@anonymous.com,476469,Medium,7849,New User,67,ANONYMOUS_EMAIL,Rejected,No,No,desktop,Trident/7.0,anonymous.com,0
3293638,2025-03-30 01:42:22,10.03,mastercard,credit,david.lim344@live.com,516605,Low,9237,Existing User,23,,Approved,Yes,No,desktop,CHC-U03 Build/HuaweiCHC-U03,live.com,1
3242314,2025-03-12 18:32:46,18,mastercard,credit,john.chan229@gmail.com,512111,Low,9651,Existing User,36,,Approved,No,No,mobile,iOS Device,gmail.com,0
3334959,2025-04-10 03:41:47,10,visa,debit,lisa.ong751@outlook.com,415151,Low,2935,New User,41,,Approved,No,No,desktop,MacOS,,0
3538866,2025-06-18 19:03:04,23.608,mastercard,credit,lisa.koh445@hotmail.com,524572,Low,1085,New User,30,,Approved,No,No,desktop,Windows,hotmail.com,0
3079443,2025-01-23 02:09:21,100,american express,credit,lisa.tan280@anonymous.com,378477,Low,7857,Existing User,49,,Approved,No,No,desktop,MacOS,anonymous.com,0
3059420,2025-01-19 17:50:28,20,visa,debit,tom.lim788@gmail.com,490790,Low,6090,Existing User,25,,Approved,No,No,desktop,Trident/7.0,gmail.com,0
3547748,2025-06-21 22:00:17,125,mastercard,credit,david.goh361@hotmail.com,547575,Low,4142,Existing User,27,,Approved,No,No,desktop,Windows,,0
3074227,2025-01-22 04:24:00,150,visa,credit,sarah.ng66@gmail.com,484746,Low,5987,Existing User,17,,Approved,No,No,desktop,Windows,gmail.com,0
3095158,2025-01-25 18:46:47,50,visa,debit,anna.lim214@yahoo.com,457309,Low,7157,New User,42,,Approved,No,No,desktop,Windows,yahoo.com,0
3063411,2025-01-20 06:59:55,100,visa,credit,lisa.wong665@gmail.com,491026,Low,6549,Existing User,26,,Approved,No,No,desktop,MacOS,gmail.com,0
3254900,2025-03-17 00:09:21,50.994,mastercard,debit,amy.lim803@hotmail.com,553716,Low,8137,Existing User,24,,Approved,No,No,desktop,Windows,hotmail.com,0
3553266,2025-06-23 18:35:52,300,visa,debit,anna.lim975@aol.com,446552,Low,2712,Existing User,40,,Approved,Yes,No,desktop,Trident/7.0,aol.com,1
3237443,2025-03-11 00:21:59,30,american express,credit,sarah.lim992@hotmail.com,371714,Low,1498,Existing User,47,,Approved,No,No,mobile,0,,0
3367799,2025-04-21 04:32:56,140.779,visa,credit,sarah.ng802@hotmail.com,487083,Low,8847,Existing User,19,,Approved,No,No,desktop,Windows,hotmail.com,0
3260769,2025-03-18 21:21:29,50,visa,debit,david.ng618@gmail.com,434972,Low,5247,Existing User,36,,Approved,No,No,mobile,iOS Device,gmail.com,0
3065536,2025-01-20 19:10:42,50,mastercard,credit,lisa.lee860@att.net,542867,Low,4766,Existing User,29,,Approved,No,No,mobile,iOS Device,att.net,0
3056669,2025-01-19 01:28:39,36.846,visa,credit,lisa.teo176@hotmail.com,438274,Low,4452,Existing User,20,,Approved,No,Yes,desktop,Trident/7.0,hotmail.com,0
3091842,2025-01-25 00:59:23,50,visa,debit,sarah.koh158@hotmail.com,437722,Low,4680,Existing User,27,,Approved,No,No,desktop,Windows,hotmail.com,0
3045871,2025-01-16 17:30:13,300,american express,credit,anna.lee977@yahoo.com,372935,Low,8433,New User,41,,Approved,No,No,desktop,Trident/7.0,yahoo.com,0
3113245,2025-01-29 22:02:00,25,visa,debit,alex.koh568@gmail.com,407570,Low,1560,Existing User,25,,Approved,No,No,desktop,Windows,gmail.com,0
3051172,2025-01-17 19:47:40,76.023,visa,credit,mike.wong418@hotmail.com,403715,Low,9663,Existing User,15,,Approved,No,No,desktop,Windows,hotmail.com,0
3523058,2025-06-13 13:58:04,87.056,mastercard,credit,tom.ong733@hotmail.com,523874,Low,3802,Existing User,33,,Approved,No,No,mobile,SAMSUNG SM-A310F/A310FXXU4CRB1 Build/NRD90M,hotmail.com,0
3159996,2025-02-13 12:06:18,11.31,visa,debit,david.ng28@hotmail.com,491359,Low,9014,Existing User,40,,Approved,No,No,mobile,Moto E (4) Build/NMA26.42-19,hotmail.com,0
3222087,2025-03-06 12:23:43,49.786,visa,credit,john.koh81@anonymous.com,401901,Medium,1515,Existing User,55,,Approved,Yes,No,mobile,hi6210sft Build/MRA58K,anonymous.com,1
3043313,2025-01-16 00:54:43,40,visa,credit,mike.goh243@yahoo.com,485556,Low,2326,Existing User,30,,Approved,No,No,desktop,MacOS,,0
3571481,2025-06-30 20:40:08,250,visa,credit,john.chan89@anonymous.com,447585,Medium,7190,Existing User,61,,Approved,No,No,desktop,Windows,anonymous.com,0
3170255,2025-02-16 22:24:31,149.248,mastercard,credit,alex.wong827@gmail.com,537837,Low,9563,Existing User,20,,Approved,Yes,No,desktop,rv:57.0,gmail.com,1
3303300,2025-04-02 01:46:48,100,mastercard,credit,david.ng482@anonymous.com,548065,Medium,4375,Existing User,53,,Approved,No,No,desktop,MacOS,anonymous.com,0
3094091,2025-01-25 16:24:11,100,visa,credit,sarah.lee131@sbcglobal.net,485743,Low,7557,Existing User,29,,Approved,No,Yes,desktop,Windows,sbcglobal.net,0
3129506,2025-02-03 21:33:08,55.21,visa,debit,amy.ng819@hotmail.com,435124,Low,4570,Existing User,35,,Approved,No,No,desktop,Windows,hotmail.com,0
3059970,2025-01-19 19:15:50,42.559,visa,credit,jason.koh946@hotmail.com,409884,Low,3947,Existing User,27,,Approved,No,No,desktop,Trident/7.0,hotmail.com,0
3428930,2025-05-10 21:39:04,200,american express,credit,david.lee65@hotmail.com,372230,Low,3132,Existing User,18,,Approved,No,No,desktop,Windows,hotmail.com,0
3079895,2025-01-23 04:02:29,34.047,mastercard,credit,anna.goh36@hotmail.com,531476,Low,9208,New User,38,,Approved,No,No,desktop,Windows,hotmail.com,0
3561071,2025-06-26 15:47:19,6.36,mastercard,credit,anna.lee798@live.fr,516374,Low,9739,Existing User,35,,Approved,No,No,mobile,0,live.fr,0
3078703,2025-01-22 23:49:13,8.978,visa,debit,john.goh486@gmail.com,435699,Low,2167,Existing User,37,,Approved,No,No,0,0,gmail.com,0
3256510,2025-03-17 17:13:03,200,visa,credit,anna.koh562@gmail.com,445880,Low,3458,Existing User,27,,Approved,No,No,mobile,iOS Device,gmail.com,0
3499060,2025-06-05 00:23:44,50,visa,debit,alex.goh131@anonymous.com,471304,Medium,7432,Existing User,58,,Approved,No,No,desktop,MacOS,anonymous.com,0
3533524,2025-06-16 22:02:50,50,visa,debit,amy.lim596@anonymous.com,447655,Medium,9151,Existing User,67,ANONYMOUS_EMAIL,Rejected,No,No,mobile,iOS Device,anonymous.com,0
3138496,2025-02-06 01:33:03,28.217,visa,debit,david.ong1@hotmail.com,444974,Low,9746,Existing User,21,,Approved,No,No,desktop,Windows,hotmail.com,0
3219415,2025-03-05 18:28:05,44.288,mastercard,debit,sarah.chan316@gmail.com,533034,Low,7874,Existing User,47,,Approved,No,No,mobile,0,gmail.com,0
3101651,2025-01-26 18:22:22,32.007,mastercard,debit,amy.wong852@gmail.com,556869,Low,6887,Existing User,33,,Approved,No,Yes,mobile,GT-P3100,gmail.com,0
3388770,2025-04-28 04:27:15,25.86,mastercard,credit,john.goh890@gmail.com,528781,Low,5256,Existing User,20,,Approved,No,No,mobile,F5321 Build/34.3.A.0.238,gmail.com,0
3168082,2025-02-16 01:38:53,5.597,mastercard,debit,anna.lim901@gmail.com,551958,Low,2584,Existing User,26,,Approved,No,No,mobile,Moto G Play Build/MPIS24.241-15.3-7,gmail.com,0
3097331,2025-01-25 23:26:35,100,mastercard,debit,lisa.goh770@msn.com,531025,Low,6176,Existing User,27,,Approved,No,No,desktop,MacOS,msn.com,0
3353562,2025-04-16 12:30:44,150,mastercard,credit,john.lim21@yahoo.com,517652,Low,6074,Existing User,30,,Approved,No,No,desktop,Windows,yahoo.com,0
3303759,2025-04-02 04:28:14,20.543,visa,debit,lisa.teo797@hotmail.com,413370,Low,3296,Existing User,36,,Approved,No,No,desktop,0,hotmail.com,0
3250430,2025-03-15 16:07:11,14.017,mastercard,debit,anna.lim563@hotmail.com,539338,Medium,8396,New User,66,,Approved,Yes,No,mobile,0,hotmail.com,1
3155583,2025-02-11 20:40:29,300,mastercard,debit,john.tan527@gmail.com,539477,Medium,8232,New User,64,HIGH_AMOUNT,Rejected,No,No,mobile,iOS Device,gmail.com,0
3402178,2025-05-02 05:47:41,54.318,visa,debit,tom.lim321@gmail.com,490114,Medium,4523,Existing User,53,,Approved,No,No,mobile,0,gmail.com,0
3064790,2025-01-20 17:16:38,100,visa,debit,alex.koh423@gmail.com,474118,Low,2049,Existing User,38,,Approved,Yes,No,mobile,iOS Device,gmail.com,1
3206376,2025-03-01 16:24:18,23.262,mastercard,credit,amy.goh678@hotmail.com,550010,Low,5418,Existing User,44,,Approved,No,No,desktop,0,hotmail.com,0
3166120,2025-02-15 05:56:25,100,visa,debit,anna.goh159@gmail.com,442787,Low,7720,New User,45,,Approved,No,No,desktop,MacOS,gmail.com,0
3022980,2025-01-11 02:07:34,146.042,visa,credit,mike.ng561@gmail.com,422162,Low,1107,New User,30,,Approved,No,No,desktop,Windows,gmail.com,0
3086582,2025-01-24 03:04:59,23.67,mastercard,debit,david.ong769@hotmail.com,546169,Low,8409,Existing User,30,,Approved,No,No,desktop,Windows,hotmail.com,0
3041732,2025-01-15 19:38:38,100,visa,debit,tom.wong323@gmail.com,466928,Low,2103,Existing User,35,,Approved,No,Yes,desktop,Windows,gmail.com,0
3147832,2025-02-09 02:37:03,82.786,visa,debit,john.koh225@gmail.com,430463,Medium,7097,New User,52,,Approved,No,No,mobile,SM-G920V,gmail.com,0
3024905,2025-01-11 20:21:36,125,visa,credit,anna.lee987@aol.com,414295,Low,4997,Existing User,38,,Approved,No,No,mobile,iOS Device,aol.com,0
3098187,2025-01-26 01:56:41,100,mastercard,debit,mike.wong113@gmail.com,553996,Medium,5221,New User,55,,Approved,No,No,mobile,iOS Device,gmail.com,0
2995775,2025-01-03 23:37:13,14.38,visa,credit,anna.koh349@gmail.com,465446,Low,5993,Existing User,31,,Approved,Yes,No,mobile,SM-G935F Build/NRD90M,gmail.com,1
3235049,2025-03-10 05:06:30,14.905,mastercard,credit,sarah.lim867@yahoo.es,536042,Low,5779,New User,44,,Approved,No,No,desktop,0,yahoo.es,0
3427496,2025-05-10 04:43:01,77.649,visa,debit,mike.teo408@gmail.com,436735,Medium,5809,New User,60,NEW_USER_RULE,Rejected,No,No,desktop,0,gmail.com,1
3391264,2025-04-29 00:41:17,69.483,mastercard,debit,anna.goh887@gmail.com,557986,Low,7466,Existing User,45,,Approved,No,No,desktop,0,gmail.com,0
3134779,2025-02-05 01:23:06,100,american express,credit,amy.goh620@anonymous.com,379840,Medium,4805,New User,59,,Approved,No,Yes,desktop,Windows,anonymous.com,0
3122196,2025-02-01 07:07:08,17.723,mastercard,debit,amy.ong117@hotmail.com,547649,Low,5255,Existing User,33,,Approved,No,No,mobile,Moto G (5) Build/NPP25.137-38,hotmail.com,0
3035791,2025-01-14 13:55:24,100,american express,credit,sarah.ong957@anonymous.com,379160,Low,6603,Existing User,41,,Approved,No,No,desktop,Windows,anonymous.com,0
3388588,2025-04-28 02:36:57,25,visa,debit,david.ong251@outlook.com,405259,Low,5241,Existing User,27,,Approved,No,No,desktop,MacOS,,0
3055891,2025-01-18 22:49:27,50,mastercard,credit,anna.teo139@comcast.net,520994,Low,6310,New User,43,,Approved,No,No,mobile,iOS Device,comcast.net,0
3457435,2025-05-21 14:54:29,13.833,mastercard,debit,jason.koh634@gmail.com,545067,Low,5564,Existing User,27,,Approved,No,No,desktop,Moto G (5) Plus Build/NPN25.137-82,gmail.com,0
3178637,2025-02-19 19:16:56,84.652,visa,credit,john.ng692@anonymous.com,408664,Low,5466,Existing User,48,,Approved,No,No,desktop,Windows,anonymous.com,0
3217995,2025-03-05 11:43:51,75,visa,debit,alex.ong750@anonymous.com,430521,Medium,5676,Existing User,64,,Approved,No,No,mobile,iOS Device,anonymous.com,0
3274391,2025-03-23 19:25:32,8.096,visa,debit,john.ng853@gmail.com,473553,Low,3988,Existing User,20,,Approved,No,No,desktop,Windows,gmail.com,0
3076179,2025-01-22 17:28:14,119.632,visa,debit,jason.koh24@hotmail.com,479683,Low,8405,New User,45,,Approved,No,No,desktop,Windows,hotmail.com,0
3404914,2025-05-03 02:28:23,82.655,visa,debit,anna.koh979@anonymous.com,432391,Medium,6246,Existing User,69,ANONYMOUS_EMAIL,Rejected,No,No,mobile,0,anonymous.com,0
3228895,2025-03-08 03:00:05,64.649,mastercard,credit,anna.ong921@hotmail.com,534333,Low,5139,Existing User,40,,Approved,No,No,desktop,0,hotmail.com,0
3313516,2025-04-04 00:42:07,38.57,visa,debit,anna.lim55@gmail.com,488704,Low,2447,Existing User,33,,Approved,No,No,desktop,Windows,gmail.com,0
3297289,2025-03-31 04:50:33,22.537,mastercard,credit,lisa.lee637@hotmail.com,519705,Medium,4656,New User,55,,Approved,No,No,mobile,0,hotmail.com,0
3064750,2025-01-20 17:10:06,88.849,visa,debit,jason.lim191@hotmail.com,423777,Low,4369,Existing User,27,,Approved,No,No,desktop,Trident/7.0,hotmail.com,0
3303464,2025-04-02 02:32:26,33.352,visa,debit,lisa.chan316@gmail.com,467251,Low,5391,Existing User,28,,Approved,No,No,desktop,rv:39.0,gmail.com,0
3516605,2025-06-11 10:01:07,25,visa,credit,mike.lee103@gmail.com,485758,Low,7282,New User,37,,Approved,No,No,desktop,Windows,gmail.com,0
3031002,2025-01-13 02:59:32,50,visa,credit,tom.chan591@yahoo.com,437560,Low,5470,Existing User,18,,Approved,No,No,desktop,Windows,,0
3247423,2025-03-14 05:10:09,60.662,visa,debit,amy.lim919@gmail.com,421051,Low,7676,Existing User,22,,Approved,No,No,desktop,Trident/7.0,gmail.com,0
3472078,2025-05-27 01:23:10,19.366,visa,debit,john.tan745@gmail.com,455251,Low,5203,New User,41,,Approved,No,No,mobile,E5306,gmail.com,0
3391907,2025-04-29 07:32:21,20,visa,debit,jason.teo75@gmail.com,485489,Low,6623,Existing User,41,,Approved,Yes,No,mobile,0,,1
3006411,2025-01-06 21:29:12,100,visa,credit,lisa.lim933@anonymous.com,466923,Low,3347,Existing User,41,,Approved,No,No,desktop,Trident/7.0,anonymous.com,0
3104670,2025-01-27 15:57:06,100,mastercard,credit,alex.chan268@anonymous.com,543742,Medium,5198,New User,62,ANONYMOUS_EMAIL,Rejected,No,No,desktop,Windows,anonymous.com,0
3072706,2025-01-21 23:01:20,200,visa,credit,jason.wong906@gmail.com,488673,Low,9151,Existing User,25,,Approved,No,No,desktop,Windows,gmail.com,0
3201430,2025-02-27 18:56:26,50.994,visa,debit,david.lim477@gmail.com,447785,Medium,4706,New User,68,,Approved,No,No,mobile,0,gmail.com,0
3382698,2025-04-26 01:26:59,38.065,visa,credit,mike.lim155@gmail.com,476416,Low,4788,Existing User,21,,Approved,No,No,mobile,SM-A320Y Build/NRD90M,gmail.com,0
3095745,2025-01-25 20:01:02,40.693,mastercard,debit,john.teo215@live.com,534873,Low,7816,Existing User,39,,Approved,No,No,mobile,XT1053 Build/LPAS23.12-21.7-1,live.com,0
3100408,2025-01-26 15:14:19,50,visa,debit,tom.wong321@yahoo.com,478992,Low,3843,Existing User,44,,Approved,No,No,mobile,iOS Device,yahoo.com,0
3068384,2025-01-21 03:33:20,50,visa,debit,sarah.koh457@gmail.com,449482,Low,5781,New User,45,,Approved,No,No,desktop,Windows,gmail.com,0
3324064,2025-04-06 22:51:02,100,mastercard,credit,jason.ong654@outlook.com,556493,Low,6429,Existing User,16,,Approved,No,No,desktop,Windows,outlook.com,0
3466817,2025-05-25 02:33:10,7,visa,debit,amy.lee890@hotmail.com,465581,Low,2068,Existing User,43,,Approved,No,No,mobile,0,,0
3503606,2025-06-06 16:41:48,61.603,visa,debit,sarah.tan774@live.com,492074,Low,4051,New User,48,,Approved,No,No,mobile,SM-G955U Build/NRD90M,live.com,0
3243443,2025-03-13 00:13:35,15.77,mastercard,debit,jason.lee719@hotmail.com,558623,Low,5940,Existing User,35,,Approved,No,No,mobile,HTC One_M8 Build/MRA58K,hotmail.com,0
3235768,2025-03-10 16:28:33,30.693,mastercard,credit,alex.lee994@anonymous.com,520975,Medium,5816,New User,55,,Approved,No,No,desktop,Trident/7.0,anonymous.com,0
3122492,2025-02-01 15:25:10,200,mastercard,credit,anna.ng48@gmail.com,526394,Low,9836,Existing User,32,,Approved,No,No,mobile,iOS Device,gmail.com,0
3279138,2025-03-25 12:28:54,13.958,mastercard,debit,tom.ong191@hotmail.com,523201,Low,4743,Existing User,39,,Approved,No,No,mobile,SM-A520F Build/NRD90M,hotmail.com,0
3082316,2025-01-23 17:16:00,25,visa,debit,mike.goh586@yahoo.com,453649,Low,3946,Existing User,37,,Approved,No,No,mobile,iOS Device,yahoo.com,0
3062338,2025-01-20 01:23:16,125,american express,credit,lisa.ng771@gmail.com,372041,Low,3351,Existing User,29,,Approved,No,No,mobile,SM-N900T Build/LRX21V,gmail.com,0
2997095,2025-01-04 15:28:07,64.649,mastercard,debit,tom.wong634@gmail.com,520183,Low,4847,New User,43,,Approved,No,No,desktop,Windows,gmail.com,0
3500056,2025-06-05 13:30:21,125,mastercard,credit,anna.lee431@comcast.net,524106,Low,4847,New User,34,,Approved,No,No,desktop,Trident/7.0,comcast.net,0
3347223,2025-04-14 09:31:39,44.227,visa,credit,tom.koh751@outlook.com,498298,Low,1579,Existing User,22,,Approved,Yes,No,mobile,SM-J500M Build/LMY48B,outlook.com,1
2987461,2025-01-02 02:08:03,7,visa,credit,alex.ong355@hotmail.com,414582,Low,1161,Existing User,25,,Approved,No,No,desktop,rv:57.0,,0
3019950,2025-01-10 14:56:55,600,american express,credit,jason.ong239@yahoo.com,371093,Low,7192,Existing User,45,,Approved,No,No,desktop,MacOS,yahoo.com,0
3311427,2025-04-03 19:54:19,300,mastercard,credit,sarah.lim361@rocketmail.com,540486,Low,3751,Existing User,48,,Approved,No,No,mobile,iOS Device,rocketmail.com,0
3180955,2025-02-20 15:16:44,150,visa,credit,mike.chan1@anonymous.com,454808,Medium,3221,Existing User,55,,Approved,No,No,desktop,Windows,anonymous.com,0
3101862,2025-01-26 18:57:02,200,mastercard,credit,amy.teo478@comcast.net,559393,Low,1703,New User,30,,Approved,No,No,desktop,Windows,comcast.net,0
3076481,2025-01-22 18:15:30,150,american express,credit,sarah.lim836@aol.com,377805,Low,8682,Existing User,21,,Approved,No,No,desktop,Windows,aol.com,0
3085750,2025-01-24 00:19:36,34.105,mastercard,debit,anna.koh156@hotmail.com,555801,Low,6692,New User,40,,Approved,No,No,desktop,Windows,hotmail.com,0
3390415,2025-04-28 20:32:50,57.641,mastercard,debit,tom.teo904@hotmail.com,556485,Low,7535,Existing User,33,,Approved,No,No,desktop,Windows,hotmail.com,0
3107954,2025-01-28 13:47:43,5.247,visa,credit,lisa.ng198@gmail.com,415354,Low,6798,Existing User,40,,Approved,No,No,0,0,gmail.com,0
3063254,2025-01-20 05:10:38,34.344,visa,debit,mike.chan296@gmail.com,414231,Low,4820,Existing User,22,,Approved,No,No,desktop,Windows,gmail.com,0
3081440,2025-01-23 15:35:16,50,mastercard,credit,alex.lee491@gmail.com,551561,Low,5775,New User,32,,Approved,No,No,desktop,Windows,gmail.com,0
3363836,2025-04-19 23:27:15,35.346,mastercard,debit,sarah.ng938@gmail.com,512851,Low,4024,New User,45,,Approved,No,No,desktop,Windows,gmail.com,0
3102706,2025-01-26 21:38:12,100,visa,credit,anna.teo198@gmail.com,448357,Low,6272,Existing User,25,,Approved,No,No,desktop,MacOS,gmail.com,0
3341987,2025-04-12 17:25:39,13.496,mastercard,credit,alex.chan16@hotmail.com,551623,Medium,1910,New User,51,,Approved,No,No,mobile,0,,0
3302918,2025-04-01 23:58:24,22.96,mastercard,debit,sarah.goh825@live.com.mx,517105,Low,4445,New User,43,,Approved,No,No,mobile,LG-M700 Build/NMF26X,live.com.mx,0
3303769,2025-04-02 04:34:03,13.172,visa,debit,lisa.ng666@gmail.com,468287,Low,1749,Existing User,25,,Approved,No,No,mobile,ALCATEL,gmail.com,0
3389630,2025-04-28 16:23:32,50,visa,credit,lisa.ng547@anonymous.com,440126,Low,1908,Existing User,46,,Approved,No,No,desktop,rv:11.0,anonymous.com,0
3477468,2025-05-28 23:34:24,100,visa,debit,anna.ong199@gmail.com,468245,Low,6635,Existing User,32,,Approved,No,No,desktop,0,gmail.com,0
3036777,2025-01-14 17:40:29,100,mastercard,credit,amy.koh48@gmail.com,524113,Low,8676,Existing User,24,,Approved,No,No,desktop,Windows,gmail.com,0
3117867,2025-01-30 23:36:32,40,visa,debit,amy.teo208@gmail.com,442388,Low,1609,Existing User,37,,Approved,No,No,mobile,iOS Device,,0
3146447,2025-02-08 19:29:24,14.575,visa,debit,alex.goh713@hotmail.com,408128,Low,8272,New User,46,,Approved,No,No,desktop,0,hotmail.com,0
3233746,2025-03-09 22:06:21,15,visa,credit,tom.chan399@gmail.com,415042,Low,4919,Existing User,39,,Approved,No,No,mobile,iOS Device,gmail.com,0
3157839,2025-02-12 18:04:27,20,mastercard,debit,jason.lim868@yahoo.com,513925,Low,8369,Existing User,30,,Approved,No,No,mobile,QTASUN1,,0
3231695,2025-03-09 05:21:38,31.298,visa,credit,tom.chan21@hotmail.com,424065,Medium,5051,New User,56,,Approved,Yes,No,mobile,0,hotmail.com,1
3068645,2025-01-21 04:55:39,10,mastercard,debit,david.ong127@gmail.com,558169,Low,2796,Existing User,21,,Approved,No,No,desktop,Windows,,0
3019038,2025-01-10 01:45:47,30.316,visa,credit,amy.lee463@hotmail.com,430418,Low,8780,Existing User,28,,Approved,No,No,0,0,hotmail.com,0
3535668,2025-06-17 17:42:05,125,mastercard,credit,jason.teo748@mac.com,545745,Low,9090,Existing User,30,,Approved,No,No,desktop,MacOS,mac.com,0
3549339,2025-06-22 13:10:23,106,mastercard,credit,alex.lee580@hotmail.com,557155,Low,3764,Existing User,18,,Approved,No,No,desktop,Windows,,0
2998144,2025-01-04 20:22:19,6.405,visa,debit,sarah.lee361@servicios-ta.com,456871,Low,9125,Existing User,39,,Approved,No,No,mobile,SAMSUNG SM-G935F Build/NRD90M,servicios-ta.com,0
3513737,2025-06-10 05:46:25,56.562,visa,debit,john.ng42@gmail.com,426134,Medium,7738,New User,55,,Approved,No,No,desktop,0,gmail.com,0
3094225,2025-01-25 16:42:04,100,visa,credit,alex.teo6@comcast.net,497865,Low,7465,Existing User,26,,Approved,No,No,desktop,Windows,comcast.net,0
3068294,2025-01-21 03:08:29,47.806,visa,debit,amy.lee313@hotmail.com,479120,Low,9971,Existing User,30,,Approved,No,No,desktop,Trident/7.0,hotmail.com,0
3007566,2025-01-07 01:56:04,25,visa,debit,amy.koh917@embarqmail.com,480856,Low,9374,Existing User,22,,Approved,No,No,desktop,Trident/7.0,embarqmail.com,0
3269314,2025-03-21 19:15:07,20,visa,debit,david.lee884@anonymous.com,451032,Medium,7488,Existing User,65,,Approved,No,No,desktop,MacOS,anonymous.com,0
3102713,2025-01-26 21:39:40,70,visa,debit,amy.ng405@gmail.com,413307,Medium,3945,New User,54,,Approved,No,No,mobile,5054N,gmail.com,0
3133113,2025-02-04 19:34:33,250,mastercard,credit,anna.ong722@gmail.com,541000,Low,1047,New User,43,,Approved,Yes,No,desktop,Windows,gmail.com,1
3192573,2025-02-24 17:32:32,35,mastercard,debit,tom.tan495@outlook.com,550140,Low,7626,Existing User,33,,Approved,No,No,desktop,MacOS,,0
3082782,2025-01-23 18:06:10,38.012,visa,credit,amy.lee948@gmail.com,491920,Medium,1905,New User,59,,Approved,No,No,mobile,0,gmail.com,0
3013372,2025-01-08 19:19:55,27.915,mastercard,debit,amy.lim433@hotmail.com,523557,Low,1175,New User,47,,Approved,No,No,desktop,Windows,hotmail.com,0
3574398,2025-07-01 21:57:14,45,visa,credit,alex.wong935@yahoo.com,487533,Low,2349,New User,42,,Approved,No,No,desktop,Windows,,0
3082056,2025-01-23 16:47:25,20.755,visa,debit,anna.chan811@anonymous.com,475291,Medium,6749,Existing User,65,,Approved,No,No,desktop,0,anonymous.com,0
3288993,2025-03-28 08:12:00,450,visa,debit,amy.koh456@gmail.com,488141,Medium,6588,New User,51,,Approved,No,No,desktop,Windows,gmail.com,0
3354732,2025-04-16 19:37:17,22.597,mastercard,credit,david.goh873@hotmail.com,547539,Low,3727,Existing User,27,,Approved,Yes,No,desktop,0,hotmail.com,1
3056310,2025-01-19 00:17:42,16.79,visa,credit,lisa.tan771@hotmail.com,446337,Low,1483,Existing User,34,,Approved,Yes,No,0,0,hotmail.com,1
3563573,2025-06-27 13:40:42,116.443,visa,debit,anna.tan240@yahoo.com,438555,Low,5015,Existing User,34,,Approved,Yes,No,desktop,Windows,yahoo.com,1
3527151,2025-06-14 20:02:08,200,visa,credit,sarah.koh233@yahoo.com,451386,Low,1518,Existing User,15,,Approved,No,No,desktop,MacOS,yahoo.com,0
3405470,2025-05-03 14:25:21,71.96,mastercard,debit,jason.ong433@outlook.com,524401,Low,6143,Existing User,26,,Approved,Yes,No,desktop,Windows,outlook.com,1
3141909,2025-02-07 00:35:17,11.077,mastercard,credit,alex.goh566@gmail.com,516014,Low,5233,Existing User,29,,Approved,No,No,mobile,SM-J700M Build/MMB29K,gmail.com,0
3476326,2025-05-28 17:14:44,100,visa,credit,anna.koh529@anonymous.com,417954,Medium,2083,Existing User,55,,Approved,No,No,desktop,Windows,anonymous.com,0
3078341,2025-01-22 22:42:04,75,mastercard,credit,alex.koh306@comcast.net,538512,Low,1318,Existing User,15,,Approved,No,No,desktop,Windows,comcast.net,0
3076998,2025-01-22 19:20:53,50,visa,debit,amy.ong280@aol.com,493081,Medium,9263,New User,51,,Approved,No,No,desktop,MacOS,aol.com,0
3321316,2025-04-06 03:13:59,150,mastercard,credit,sarah.goh559@gmail.com,559488,Medium,1423,New User,54,,Approved,No,No,mobile,iOS Device,gmail.com,0
3259289,2025-03-18 14:46:23,25,visa,credit,tom.chan394@gmail.com,454543,Low,6714,New User,49,,Approved,No,No,mobile,iOS Device,gmail.com,0
3244487,2025-03-13 14:28:48,19.697,mastercard,debit,alex.tan423@hotmail.com,532293,Low,3086,New User,41,,Approved,No,No,desktop,rv:11.0,hotmail.com,0
3284935,2025-03-27 01:48:35,40,american express,credit,alex.lee125@yahoo.com,379380,Low,7053,Existing User,30,,Approved,No,No,desktop,Windows,,0
3107374,2025-01-28 03:13:46,25,visa,debit,tom.teo382@hotmail.com,444125,Low,4274,Existing User,31,,Approved,No,Yes,mobile,iOS Device,hotmail.com,0
3127479,2025-02-03 06:03:59,13.875,visa,debit,anna.lee365@gmail.com,430891,Low,1552,Existing User,38,,Approved,No,No,mobile,Lenovo PB2-650Y Build/MRA58K,gmail.com,0
3287940,2025-03-27 23:22:20,45.436,visa,debit,amy.lim786@hotmail.es,403483,Low,3076,Existing User,49,,Approved,No,No,mobile,0,hotmail.es,0
3029465,2025-01-12 21:24:01,150,mastercard,credit,mike.tan713@gmail.com,519840,Low,5733,New User,38,,Approved,No,No,desktop,Trident/7.0,gmail.com,0
3486360,2025-06-01 14:55:31,115.583,visa,debit,lisa.wong36@hotmail.co.uk,401193,Low,3150,New User,43,,Approved,No,No,desktop,Windows,hotmail.co.uk,0
3380509,2025-04-25 10:14:52,300,discover,credit,mike.goh586@yahoo.com,610289,Low,4392,Existing User,41,,Approved,Yes,No,mobile,SAMSUNG SM-J327T1 Build/NRD90M,yahoo.com,1
3552400,2025-06-23 13:42:40,400,mastercard,credit,alex.ong454@anonymous.com,549672,Medium,1458,Existing User,57,,Approved,No,Yes,desktop,rv:11.0,anonymous.com,0
3013851,2025-01-08 21:05:36,40,visa,debit,amy.lim106@comcast.net,447939,Low,1204,New User,49,,Approved,No,No,mobile,iOS Device,comcast.net,0
3379939,2025-04-25 00:56:10,34.742,visa,credit,alex.lim149@hotmail.com,400047,Low,3307,New User,32,,Approved,No,No,desktop,Windows,hotmail.com,0
3544196,2025-06-20 16:33:52,100,visa,debit,alex.lim371@comcast.net,493091,Low,1407,Existing User,43,,Approved,No,No,mobile,iOS Device,comcast.net,0
3359477,2025-04-18 04:02:30,17.22,visa,credit,lisa.ng28@gmail.com,464044,Low,9422,Existing User,20,,Approved,No,No,mobile,SM-G532M Build/MMB29T,gmail.com,0
3121059,2025-01-31 22:44:25,32.531,mastercard,debit,david.chan364@hotmail.com,548855,Low,3203,Existing User,34,,Approved,No,No,mobile,CAM-L03 Build/HUAWEICAM-L03,hotmail.com,0
3095947,2025-01-25 20:25:27,275,visa,debit,alex.tan376@yahoo.com,414974,Medium,4862,New User,57,,Approved,No,No,mobile,iOS Device,yahoo.com,0
3034865,2025-01-14 01:52:24,200,visa,credit,david.teo341@anonymous.com,414290,Medium,4989,Existing User,65,ANONYMOUS_EMAIL,Rejected,No,No,mobile,SM-T377V Build/NMF26X,anonymous.com,0
3432778,2025-05-12 04:34:22,8.607,visa,debit,amy.chan469@hotmail.com,493436,Low,3957,Existing User,21,,Approved,No,No,desktop,LG-D693n Build/LRX22G,hotmail.com,0
3106681,2025-01-27 23:43:45,20,visa,debit,lisa.goh217@gmail.com,424916,Low,6445,Existing User,30,,Approved,No,No,mobile,iOS Device,gmail.com,0
3081829,2025-01-23 16:24:57,200,visa,credit,jason.lee111@hotmail.com,478665,Low,5937,Existing User,25,,Approved,No,No,mobile,iOS Device,hotmail.com,0
3063625,2025-01-20 12:48:58,150,visa,credit,sarah.koh292@anonymous.com,489878,Medium,1502,Existing User,50,,Approved,No,No,desktop,Windows,anonymous.com,0
3025086,2025-01-11 20:54:29,100,visa,debit,amy.chan331@yahoo.com,452791,Low,1728,Existing User,33,,Approved,No,No,desktop,Windows,yahoo.com,0
3380518,2025-04-25 10:31:01,63.924,mastercard,debit,sarah.chan735@yahoo.com,550316,Low,1634,Existing User,29,,Approved,Yes,No,desktop,Trident/7.0,yahoo.com,1
3084585,2025-01-23 21:41:45,41.976,mastercard,credit,sarah.chan85@outlook.com,519433,Low,6900,Existing User,21,,Approved,Yes,No,desktop,Windows,outlook.com,1
3260829,2025-03-18 21:38:07,14.501,visa,debit,john.lee879@gmail.com,406165,Low,1790,Existing User,25,,Approved,No,No,mobile,LG-X220 Build/LMY47I,gmail.com,0
3559096,2025-06-25 20:26:43,70.702,mastercard,debit,john.wong651@yahoo.com.mx,540341,Low,7361,Existing User,36,,Approved,No,No,0,0,yahoo.com.mx,0
3248336,2025-03-14 18:21:10,40.844,mastercard,debit,david.wong112@gmail.com,510291,Low,3507,Existing User,28,,Approved,No,No,mobile,C6906,gmail.com,0
3191939,2025-02-24 11:05:00,25.477,visa,debit,mike.teo393@hotmail.com,489422,Low,8615,Existing User,37,,Approved,No,No,mobile,LG-X230 Build/MRA58K,hotmail.com,0
3455424,2025-05-20 18:39:42,13.403,mastercard,debit,john.goh663@gmail.com,528749,Low,4603,Existing User,49,,Approved,No,No,mobile,0,gmail.com,0
3479606,2025-05-29 18:58:55,11.066,visa,debit,mike.chan195@outlook.com,476369,Low,5305,Existing User,40,,Approved,No,No,mobile,HUAWEI VNS-L53 Build/HUAWEIVNS-L53,outlook.com,0
3520387,2025-06-12 16:53:45,14.879,mastercard,debit,sarah.koh10@gmail.com,550162,Low,1383,New User,45,,Approved,No,No,desktop,Windows,gmail.com,0
3359448,2025-04-18 03:42:54,29.183,visa,credit,amy.koh162@gmail.com,462307,Low,9857,New User,36,,Approved,No,No,mobile,Z981 Build/MMB29M,gmail.com,0
3062402,2025-01-20 01:33:16,50,visa,credit,mike.lee36@gmail.com,437888,Low,7186,Existing User,28,,Approved,No,No,desktop,MacOS,gmail.com,0
3048910,2025-01-17 03:16:43,300,visa,credit,tom.lee233@gmail.com,416401,Low,3268,Existing User,41,,Approved,No,No,mobile,iOS Device,gmail.com,0
3287241,2025-03-27 20:41:31,10,american express,credit,sarah.ng174@outlook.com,376101,Low,4812,New User,46,,Approved,No,No,desktop,0,,0
3336972,2025-04-10 21:07:44,70.329,visa,debit,jason.lim835@gmail.com,400699,Low,2920,Existing User,31,,Approved,No,No,desktop,0,,0
3063111,2025-01-20 04:13:51,20,visa,credit,john.ng955@earthlink.net,444508,Low,7342,Existing User,39,,Approved,No,No,mobile,iOS Device,earthlink.net,0
3032289,2025-01-13 16:19:54,20,visa,debit,jason.koh13@hotmail.com,490032,Low,2340,Existing User,26,,Approved,No,No,desktop,Windows,,0
3340719,2025-04-12 00:00:52,42.536,mastercard,credit,david.goh188@gmail.com,533858,Low,3267,New User,44,,Approved,No,No,desktop,Windows,,0
3260147,2025-03-18 18:33:49,15.468,visa,credit,sarah.lim959@hotmail.com,414665,Low,2145,Existing User,30,,Approved,Yes,No,mobile,SAMSUNG SM-J700M Build/MMB29K,hotmail.com,1
3268200,2025-03-21 04:31:42,65.314,visa,debit,lisa.ng817@yahoo.com.mx,425298,Low,2197,Existing User,34,,Approved,No,No,desktop,Windows,yahoo.com.mx,0
3102480,2025-01-26 20:53:01,75,visa,credit,mike.teo911@yahoo.com,437852,Low,3911,Existing User,28,,Approved,No,No,desktop,MacOS,yahoo.com,0
3047705,2025-01-16 22:48:34,100,visa,credit,david.ng820@outlook.com,400342,Low,9875,Existing User,28,,Approved,No,No,desktop,Windows,outlook.com,0
3140847,2025-02-06 20:28:10,28.275,mastercard,debit,john.ng620@gmail.com,531583,Low,2521,New User,49,,Approved,No,No,mobile,SM-G950F Build/NRD90M,gmail.com,0
3127421,2025-02-03 04:58:15,64.713,mastercard,credit,sarah.lim276@yahoo.com,552723,Low,5099,New User,38,,Approved,No,No,desktop,rv:48.0,yahoo.com,0
3465509,2025-05-24 17:50:54,23.608,visa,debit,mike.koh180@hotmail.com,426409,Low,1707,Existing User,35,,Approved,No,No,mobile,LG-M700 Build/NMF26X,hotmail.com,0
3525521,2025-06-14 06:40:18,100,visa,debit,amy.lim419@gmail.com,442618,Low,9936,Existing User,34,,Approved,No,No,desktop,MacOS,gmail.com,0
3363054,2025-04-19 19:09:56,25,visa,debit,john.teo181@gmail.com,492023,Low,6017,Existing User,25,,Approved,No,No,desktop,Windows,gmail.com,0
3360667,2025-04-18 18:47:53,64.046,visa,credit,lisa.ong623@gmail.com,498668,Low,3850,Existing User,15,,Approved,No,No,desktop,HUAWEI TAG-L13 Build/HUAWEITAG-L13,gmail.com,0
3249858,2025-03-15 02:40:17,14.501,visa,debit,john.teo940@gmail.com,464730,Medium,2702,New User,58,,Approved,No,No,desktop,0,gmail.com,0
3055903,2025-01-18 22:51:46,100,discover,credit,sarah.ong700@gmail.com,625553,Low,9783,Existing User,27,,Approved,No,No,desktop,Windows,gmail.com,0
3398010,2025-05-01 02:26:35,51.813,mastercard,credit,david.ong430@hotmail.com,515726,Low,2545,Existing User,25,,Approved,No,Yes,desktop,Windows,hotmail.com,0
3338639,2025-04-11 13:00:57,50,visa,credit,jason.goh51@hotmail.com,465229,Low,1758,Existing User,24,,Approved,No,No,desktop,MacOS,,0
3111688,2025-01-29 15:41:13,50,mastercard,credit,lisa.ong145@anonymous.com,539043,Medium,4701,Existing User,60,ANONYMOUS_EMAIL,Rejected,No,No,desktop,0,anonymous.com,0
3076929,2025-01-22 19:11:08,200,visa,debit,amy.tan74@gmail.com,471902,Low,5147,Existing User,23,,Approved,No,No,desktop,Windows,gmail.com,0
3060422,2025-01-19 20:24:22,100,visa,credit,david.goh220@anonymous.com,406842,Medium,5485,New User,59,,Approved,No,No,desktop,Windows,anonymous.com,0
3061413,2025-01-19 22:54:24,99.576,visa,debit,john.koh283@icloud.com,455913,Low,8920,New User,38,,Approved,No,No,desktop,Windows,icloud.com,0
3466852,2025-05-25 02:55:10,66.03,visa,debit,jason.wong154@gmail.com,474802,Low,3657,Existing User,35,,Approved,Yes,No,desktop,0,gmail.com,1
3356161,2025-04-17 03:44:31,11.661,mastercard,debit,anna.wong789@hotmail.com,550270,Low,4553,Existing User,42,,Approved,No,No,0,0,hotmail.com,0
3098559,2025-01-26 03:11:07,100,mastercard,credit,john.lee177@anonymous.com,520662,Medium,8852,Existing User,50,,Approved,No,No,desktop,Windows,anonymous.com,0
3320355,2025-04-05 22:47:48,51.538,visa,debit,lisa.ng731@gmail.com,466422,Low,7163,Existing User,33,,Approved,Yes,No,mobile,Redmi Note 4 Build/NRD90M,gmail.com,1
3037433,2025-01-14 19:46:29,20,mastercard,debit,john.ng39@gmail.com,553520,Medium,6015,New User,59,,Approved,No,No,mobile,iOS Device,gmail.com,0
3038303,2025-01-14 22:53:38,70,american express,credit,alex.wong839@gmail.com,374629,Low,8090,New User,34,,Approved,No,No,desktop,MacOS,gmail.com,0
3525899,2025-06-14 13:59:35,110,mastercard,credit,amy.tan461@gmail.com,512639,Low,3623,Existing User,24,,Approved,No,No,desktop,Windows,,0
3256532,2025-03-17 17:19:26,51.659,mastercard,debit,tom.teo867@gmail.com,557618,Medium,8527,Existing User,52,,Approved,No,No,mobile,0,gmail.com,0
3447372,2025-05-17 21:19:27,10.206,mastercard,credit,amy.goh875@web.de,518213,Medium,7049,New User,64,,Approved,No,No,mobile,0,web.de,0
3185679,2025-02-21 23:03:28,26.818,mastercard,credit,jason.tan78@gmail.com,523756,Low,1401,New User,40,,Approved,No,No,desktop,Windows,gmail.com,0
3071511,2025-01-21 19:48:56,25,mastercard,credit,mike.teo212@hotmail.com,550672,Low,1375,Existing User,27,,Approved,No,No,desktop,Windows,hotmail.com,0
3109900,2025-01-28 22:06:20,18.656,visa,debit,david.tan916@hotmail.com,470710,Low,6984,Existing User,34,,Approved,No,No,desktop,Windows,hotmail.com,0
3212954,2025-03-03 19:54:53,40,visa,debit,mike.ong333@gmail.com,431764,Low,9291,Existing User,31,,Approved,No,No,desktop,Windows,,0
3293834,2025-03-30 03:00:32,26.403,visa,debit,david.ong982@live.com.mx,492364,Low,3993,Existing User,32,,Approved,No,No,mobile,LG-K410 Build/LRX22G,live.com.mx,0
3490590,2025-06-02 17:37:08,40,visa,debit,tom.chan697@hotmail.com,460827,Low,2513,Existing User,27,,Approved,No,No,desktop,MacOS,hotmail.com,0
3474693,2025-05-27 23:27:25,300,american express,credit,mike.teo582@anonymous.com,379360,Medium,6874,Existing User,63,HIGH_AMOUNT,Rejected,No,No,desktop,Windows,anonymous.com,0
3442565,2025-05-15 20:04:56,50,visa,debit,sarah.chan746@anonymous.com,441400,Low,9421,Existing User,49,,Approved,No,No,desktop,Windows,anonymous.com,0
3303553,2025-04-02 02:59:11,19.153,visa,debit,amy.ong227@outlook.com,451459,Low,6855,Existing User,39,,Approved,No,No,mobile,HUAWEI TAG-L13 Build/HUAWEITAG-L13,outlook.com,0
3456773,2025-05-21 03:05:20,36.396,visa,credit,jason.lim501@gmail.com,463810,Low,1797,Existing User,47,,Approved,No,No,mobile,0,gmail.com,0
3036914,2025-01-14 18:05:13,75,visa,credit,alex.lee809@hotmail.com,474134,Low,8813,Existing User,27,,Approved,No,No,desktop,Windows,hotmail.com,0
3132549,2025-02-04 17:40:28,30.199,visa,debit,tom.lee616@gmail.com,494728,Low,6328,Existing User,26,,Approved,No,No,mobile,SAMSUNG,gmail.com,0
3230778,2025-03-08 22:45:59,7.915,visa,debit,amy.lee223@hotmail.com,414140,Low,1828,Existing User,39,,Approved,No,No,desktop,0,hotmail.com,0
3567679,2025-06-29 04:17:40,75,visa,credit,alex.lee174@gmail.com,402536,Low,9027,Existing User,16,,Approved,No,No,desktop,Windows,gmail.com,0
3047501,2025-01-16 22:14:53,40,visa,credit,lisa.ong170@hotmail.com,476331,Low,7502,New User,34,,Approved,No,No,desktop,Windows,hotmail.com,0
3144432,2025-02-07 22:08:57,13.292,mastercard,credit,john.chan446@gmail.com,531418,Medium,1624,Existing User,50,,Approved,No,No,mobile,0,gmail.com,0
3052010,2025-01-17 22:29:49,29.966,mastercard,debit,tom.tan624@hotmail.com,528879,Low,1127,New User,41,,Approved,No,No,desktop,Windows,hotmail.com,0
3433041,2025-05-12 13:05:23,59.021,visa,credit,alex.wong107@gmail.com,437090,Low,6120,New User,37,,Approved,Yes,No,mobile,Hisense L675 Build/MRA58K,gmail.com,1
3007666,2025-01-07 02:29:13,100,mastercard,credit,jason.koh255@gmail.com,510053,Low,7402,Existing User,30,,Approved,No,No,desktop,Windows,gmail.com,0
3089241,2025-01-24 18:39:48,50,visa,debit,jason.chan648@gmail.com,491218,Medium,5009,New User,55,,Approved,No,No,mobile,iOS Device,gmail.com,0
3080125,2025-01-23 05:28:30,22.387,mastercard,debit,mike.lim44@yahoo.com,545213,Low,2383,Existing User,37,,Approved,No,No,mobile,SM-G935F Build/NRD90M,yahoo.com,0
3109832,2025-01-28 21:46:08,25,discover,credit,lisa.ong593@hotmail.com,638490,Low,9408,Existing User,27,,Approved,No,No,mobile,SM-G935V Build/NRD90M,hotmail.com,0
3026521,2025-01-12 02:28:05,29.267,mastercard,credit,mike.ng661@gmail.com,512010,Low,3230,Existing User,23,,Approved,No,No,mobile,SM-G930F Build/NRD90M,gmail.com,0
3123098,2025-02-01 18:45:23,100,visa,credit,david.ng248@yahoo.com,463509,Low,3436,New User,48,,Approved,No,No,mobile,iOS Device,yahoo.com,0
3548363,2025-06-22 00:22:59,75,mastercard,credit,amy.ong674@yahoo.com,554703,Low,8360,New User,45,,Approved,No,No,desktop,Windows,,0
3033970,2025-01-13 22:14:15,250,visa,credit,anna.goh11@anonymous.com,449403,Medium,9491,Existing User,55,,Approved,No,No,desktop,Windows,anonymous.com,0
3319445,2025-04-05 18:34:36,30,visa,debit,john.ong67@hotmail.com,446512,Low,2224,New User,38,,Approved,No,No,desktop,Windows,,0
3523924,2025-06-13 18:51:10,32.523,visa,debit,sarah.goh971@gmail.com,485608,Medium,7593,New User,68,NEW_USER_RULE,Rejected,No,No,mobile,0,gmail.com,0
3169215,2025-02-16 17:27:26,100,visa,credit,jason.goh320@gmail.com,453066,Low,5574,Existing User,29,,Approved,Yes,No,desktop,Windows,gmail.com,1
3085045,2025-01-23 22:44:52,15.158,mastercard,credit,tom.chan170@gmail.com,535904,Low,9830,Existing User,28,,Approved,No,No,desktop,Windows,gmail.com,0
2994090,2025-01-03 17:14:21,14.26,visa,credit,alex.lee293@hotmail.es,409012,Low,4155,Existing User,31,,Approved,No,No,desktop,0,hotmail.es,0
3444771,2025-05-16 17:41:52,100,visa,credit,jason.lim637@yahoo.com,457931,Low,2044,Existing User,37,,Approved,No,No,mobile,iOS Device,yahoo.com,0
3426544,2025-05-09 21:02:08,23.055,visa,debit,jason.lim855@hotmail.com,445600,Medium,9979,New User,52,,Approved,No,No,mobile,HUAWEI CUN-L03 Build/HUAWEICUN-L03,hotmail.com,0
3197783,2025-02-26 14:43:07,200,visa,debit,mike.goh880@anonymous.com,490331,Medium,3817,Existing User,54,,Approved,No,No,desktop,rv:11.0,anonymous.com,0
2996863,2025-01-04 13:45:29,120,mastercard,credit,alex.ng475@yahoo.com,515418,Low,2901,Existing User,18,,Approved,No,No,desktop,Windows,,0
3050380,2025-01-17 17:21:36,75,visa,credit,john.goh646@outlook.com,415938,Low,9970,Existing User,15,,Approved,No,Yes,desktop,Windows,outlook.com,0
3053514,2025-01-18 12:31:23,300,visa,credit,sarah.ong547@gmail.com,457146,Low,5486,Existing User,41,,Approved,No,No,mobile,iOS Device,gmail.com,0
3486546,2025-06-01 15:57:31,25,visa,debit,lisa.koh804@gmail.com,462006,Low,3942,New User,46,,Approved,No,No,desktop,Windows,gmail.com,0
3041914,2025-01-15 20:14:16,25,american express,credit,mike.goh264@gmail.com,370251,Low,8777,Existing User,27,,Approved,No,No,desktop,MacOS,,0
3116812,2025-01-30 20:12:08,48.272,mastercard,debit,alex.teo573@gmail.com,544776,Low,2237,Existing User,33,,Approved,No,No,mobile,SM-J111M Build/LMY47V,gmail.com,0
3375163,2025-04-23 18:00:06,100,visa,credit,sarah.tan940@bellsouth.net,477910,Low,9413,Existing User,40,,Approved,No,No,mobile,SAMSUNG-SM-J327A Build/NRD90M,bellsouth.net,0
3276081,2025-03-24 05:44:04,18.368,mastercard,debit,amy.goh552@hotmail.com,517937,Low,6960,Existing User,36,,Approved,No,No,mobile,SM-G935F Build/NRD90M,hotmail.com,0
3463605,2025-05-23 19:15:01,5.12,mastercard,credit,david.chan438@gmail.com,556011,Low,4472,Existing User,35,,Approved,No,No,mobile,HUAWEI VNS-L23 Build/HUAWEIVNS-L23,gmail.com,0
3122128,2025-02-01 05:38:42,300,visa,credit,mike.tan136@yahoo.com,415593,Low,8577,Existing User,41,,Approved,No,No,desktop,MacOS,yahoo.com,0
2997849,2025-01-04 19:08:57,500,american express,credit,david.lee353@yahoo.com,370939,Low,8625,Existing User,36,,Approved,No,No,mobile,iOS Device,yahoo.com,0
3020820,2025-01-10 18:19:57,100,american express,credit,david.koh622@gmail.com,374206,Low,4704,Existing User,17,,Approved,No,No,desktop,Windows,gmail.com,0
3306740,2025-04-02 23:11:18,13.46,visa,credit,john.chan7@outlook.es,467885,Low,1388,Existing User,39,,Approved,No,No,desktop,0,outlook.es,0
2987488,2025-01-02 02:17:22,15.105,visa,debit,john.ng447@hotmail.com,421816,Low,3874,New User,42,,Approved,No,No,desktop,Windows,hotmail.com,0
3139403,2025-02-06 14:51:28,46.523,visa,debit,alex.koh970@gmail.com,407998,Low,1418,Existing User,31,,Approved,No,No,desktop,Windows,gmail.com,0
3507746,2025-06-08 03:38:23,38.732,visa,debit,alex.lee340@hotmail.com,433975,Low,5195,Existing User,29,,Approved,No,No,mobile,SM-G610M Build/NRD90M,hotmail.com,0
3037168,2025-01-14 18:51:40,50,visa,credit,sarah.wong558@gmail.com,496605,Low,5666,Existing User,40,,Approved,No,No,mobile,iOS Device,gmail.com,0
3095236,2025-01-25 18:57:55,100,mastercard,credit,mike.chan246@comcast.net,511984,Low,8467,Existing User,17,,Approved,No,No,desktop,Windows,comcast.net,0
3359668,2025-04-18 10:19:47,375,mastercard,debit,david.tan681@gmail.com,542723,Low,1097,Existing User,30,,Approved,Yes,No,desktop,Windows,gmail.com,1
3405068,2025-05-03 04:05:09,22.96,visa,credit,jason.goh326@hotmail.com,489825,Low,6740,Existing User,36,,Approved,No,Yes,mobile,0,hotmail.com,0
3071994,2025-01-21 21:06:03,300,mastercard,debit,lisa.lim593@att.net,512630,Low,4754,Existing User,36,,Approved,No,No,desktop,MacOS,att.net,0
3354646,2025-04-16 19:04:34,74.317,visa,credit,amy.chan139@yahoo.com.mx,465975,Low,1689,Existing User,16,,Approved,No,No,desktop,Windows,yahoo.com.mx,0
3221518,2025-03-06 02:59:38,47.671,visa,debit,alex.ong609@gmail.com,477855,Low,7641,Existing User,41,,Approved,No,No,mobile,0,gmail.com,0
3077924,2025-01-22 21:33:50,134.557,mastercard,credit,john.goh789@hotmail.com,535620,Low,1570,Existing User,21,,Approved,No,No,desktop,Windows,hotmail.com,0
3377163,2025-04-24 05:14:16,24.253,visa,debit,john.lim213@hotmail.com,470595,Low,5105,Existing User,24,,Approved,No,No,desktop,Windows,hotmail.com,0
3290152,2025-03-28 19:59:33,100,visa,debit,jason.ng264@gmail.com,446994,Low,4187,Existing User,30,,Approved,Yes,No,desktop,Windows,gmail.com,0
3425058,2025-05-09 04:59:54,33.568,mastercard,debit,anna.goh469@hotmail.com,539818,Low,1699,Existing User,35,,Approved,No,No,desktop,Trident/7.0,hotmail.com,0
3052829,2025-01-18 01:36:48,35,visa,credit,sarah.ong643@gmail.com,429155,Low,2180,Existing User,20,,Approved,No,No,mobile,MacOS,gmail.com,0
3100273,2025-01-26 14:49:18,100,visa,debit,sarah.teo88@anonymous.com,448157,Medium,7633,Existing User,63,ANONYMOUS_EMAIL,Rejected,No,No,mobile,SM-J727T Build/NRD90M,anonymous.com,0
3507105,2025-06-07 23:31:54,33.877,mastercard,debit,sarah.koh206@gmail.com,550849,Medium,9454,New User,53,,Approved,No,No,mobile,0,gmail.com,0
3382703,2025-04-26 01:27:52,130.386,visa,debit,anna.lee522@gmail.com,430408,Low,2703,Existing User,25,,Approved,No,No,desktop,Windows,gmail.com,0
3502444,2025-06-06 00:30:42,26.928,mastercard,credit,anna.teo821@gmail.com,550745,Low,9276,Existing User,35,,Approved,No,No,0,0,gmail.com,0
3153409,2025-02-11 00:38:24,25,visa,credit,lisa.goh476@gmail.com,417300,Low,5836,New User,31,,Approved,No,No,desktop,Windows,gmail.com,0
3094709,2025-01-25 17:50:22,150,visa,debit,john.teo944@icloud.com,435044,Low,8660,Existing User,30,,Approved,No,No,mobile,iOS Device,icloud.com,0
3110113,2025-01-28 22:59:28,24.136,visa,debit,mike.lim334@hotmail.com,404049,Medium,5313,New User,51,,Approved,No,No,mobile,CAM-L03 Build/HUAWEICAM-L03,hotmail.com,0
3071351,2025-01-21 19:21:10,100,mastercard,credit,tom.tan334@hotmail.com,510987,Low,2896,Existing User,24,,Approved,No,No,desktop,Windows,,0
3107698,2025-01-28 06:59:51,76.023,visa,credit,mike.chan374@hotmail.com,489884,Medium,9950,New User,53,,Approved,No,No,mobile,0,hotmail.com,0
2991945,2025-01-02 23:32:34,75,visa,debit,sarah.wong623@gmail.com,482724,Low,5286,Existing User,38,,Approved,No,Yes,mobile,iOS Device,gmail.com,0
3141131,2025-02-06 21:31:24,24.311,visa,credit,tom.ong311@gmail.com,411732,Low,2289,Existing User,42,,Approved,No,No,mobile,0,gmail.com,0
2998249,2025-01-04 20:49:35,50,discover,credit,jason.tan214@sbcglobal.net,647682,Low,3712,Existing User,15,,Approved,No,No,desktop,Windows,sbcglobal.net,0
3073063,2025-01-21 23:57:40,50,visa,debit,anna.tan752@gmail.com,480587,Low,3872,Existing User,22,,Approved,No,No,desktop,Windows,gmail.com,0
3190503,2025-02-23 21:17:55,25,visa,debit,david.ong548@gmail.com,485928,Low,3900,Existing User,44,,Approved,No,No,mobile,iOS Device,gmail.com,0
3243823,2025-03-13 02:26:27,20.12,mastercard,debit,alex.lim285@hotmail.com,558713,Low,7229,Existing User,20,,Approved,No,No,desktop,Windows,hotmail.com,0
3335520,2025-04-10 14:29:42,27.793,mastercard,credit,john.lim452@outlook.com,536786,Low,4184,Existing User,49,,Approved,No,No,mobile,0,,0
3255129,2025-03-17 01:15:45,50,mastercard,credit,mike.goh153@gmail.com,522430,Medium,3214,New User,53,,Approved,No,No,mobile,SM-N950U Build/NMF26X,gmail.com,0
3007554,2025-01-07 01:52:55,25,visa,credit,lisa.goh960@hotmail.com,434855,Low,6273,Existing User,21,,Approved,No,No,desktop,Windows,,0
3080372,2025-01-23 10:50:11,150,visa,credit,jason.tan141@hotmail.com,456101,Low,2616,New User,38,,Approved,No,No,desktop,Trident/7.0,hotmail.com,0
3088983,2025-01-24 18:07:07,100,mastercard,credit,anna.tan391@att.net,530412,Medium,2147,New User,54,,Approved,No,No,mobile,iOS Device,att.net,0
3114254,2025-01-30 03:38:45,25,visa,debit,mike.ng819@yahoo.com,481595,Medium,3827,New User,52,,Approved,No,No,mobile,iOS Device,yahoo.com,0
3110830,2025-01-29 02:44:22,100,visa,debit,amy.tan636@gmail.com,438057,Low,2545,Existing User,41,,Approved,No,No,mobile,iOS Device,gmail.com,0
3358255,2025-04-17 21:26:42,35.708,visa,debit,anna.ong893@outlook.com,487925,Low,9639,Existing User,39,,Approved,No,No,mobile,SM-J700M Build/MMB29K,outlook.com,0
3144029,2025-02-07 20:22:24,79.871,visa,credit,amy.ng131@hotmail.com,421736,Low,3068,New User,31,,Approved,No,No,desktop,Windows,hotmail.com,0
3521414,2025-06-12 21:21:16,36.15,mastercard,debit,amy.lee93@hotmail.com,535683,Medium,3599,New User,62,,Approved,No,No,mobile,0,hotmail.com,0
3498316,2025-06-04 21:02:44,97.815,mastercard,debit,amy.lim732@hotmail.com,547745,Low,4879,Existing User,28,,Approved,No,No,mobile,Hisense L675 Build/MRA58K,hotmail.com,0
3293714,2025-03-30 02:08:21,54.62,mastercard,credit,lisa.koh173@gmail.com,516475,Low,3807,Existing User,36,,Approved,No,No,desktop,0,gmail.com,0
3002134,2025-01-05 20:31:59,75,mastercard,credit,alex.koh223@hotmail.com,523432,Low,5891,Existing User,28,,Approved,No,No,desktop,Trident/7.0,,0
3402956,2025-05-02 16:26:29,29.486,visa,debit,lisa.wong668@gmail.com,479408,Low,9969,Existing User,34,,Approved,No,No,mobile,LG-K410 Build/LRX22G,gmail.com,0
3427573,2025-05-10 07:38:13,6.763,visa,debit,mike.lee113@gmail.com,426170,Medium,5096,New User,58,,Approved,No,No,mobile,0,gmail.com,0
3096420,2025-01-25 21:24:07,100,visa,credit,alex.chan959@hotmail.com,452193,Low,6579,New User,48,,Approved,No,No,desktop,MacOS,hotmail.com,0
3114551,2025-01-30 06:36:12,39.936,mastercard,debit,tom.goh309@gmail.com,544952,Low,7108,Existing User,25,,Approved,No,No,mobile,HUAWEI G7-L03 Build/HuaweiG7-L03,gmail.com,0
3238983,2025-03-11 17:11:54,29.243,mastercard,debit,lisa.tan258@mail.com,530107,Low,3140,New User,42,,Approved,Yes,No,desktop,Windows,mail.com,1
3401383,2025-05-01 23:21:22,25,mastercard,debit,tom.lee995@outlook.com,552415,Low,4419,Existing User,32,,Approved,No,No,desktop,0,,0
3422504,2025-05-08 15:13:00,22.133,visa,debit,mike.goh677@hotmail.com,434430,Low,1652,Existing User,25,,Approved,Yes,No,mobile,SM-J700M Build/MMB29K,hotmail.com,0
3091678,2025-01-25 00:30:44,75,visa,credit,amy.chan92@me.com,448408,Low,1497,Existing User,25,,Approved,No,No,mobile,iOS Device,me.com,0
3281376,2025-03-26 01:01:07,16.695,visa,credit,alex.ng838@hotmail.com,413932,Low,5113,Existing User,29,,Approved,No,No,desktop,Windows,hotmail.com,0
3180178,2025-02-20 02:55:46,28.217,visa,debit,sarah.lee911@gmail.com,457514,Low,2360,New User,45,,Approved,No,No,desktop,Windows,gmail.com,0
3196504,2025-02-25 23:16:39,32.356,visa,debit,sarah.lee827@gmail.com,470220,Low,8392,Existing User,26,,Approved,No,No,desktop,Trident/7.0,gmail.com,0
3119747,2025-01-31 17:27:41,100,visa,credit,anna.teo556@gmail.com,487633,Low,3202,Existing User,29,,Approved,No,No,desktop,MacOS,gmail.com,0
3006975,2025-01-06 23:36:56,179.87,mastercard,debit,sarah.tan559@hotmail.com,520234,Low,6273,New User,45,,Approved,No,No,desktop,0,hotmail.com,0
3094530,2025-01-25 17:25:58,90.482,visa,debit,lisa.goh480@gmail.com,454574,Low,7670,New User,37,,Approved,No,No,desktop,Windows,gmail.com,0
3052242,2025-01-17 23:22:18,75,visa,credit,john.ong85@yahoo.com,412049,Low,9447,Existing User,27,,Approved,No,No,desktop,Windows,yahoo.com,0
3088231,2025-01-24 16:23:22,50,visa,debit,mike.koh881@gmail.com,498419,Low,1143,Existing User,31,,Approved,No,No,mobile,SM-J510MN Build/MMB29M,gmail.com,0
3121626,2025-02-01 01:20:37,10.261,mastercard,debit,anna.lim662@gmail.com,539933,Medium,2431,New User,52,,Approved,No,No,mobile,Neffos X1 Max Build/NRD90M,gmail.com,0
3097511,2025-01-25 23:53:20,50,visa,debit,tom.chan45@yahoo.com,428440,Low,1857,Existing User,33,,Approved,No,No,desktop,Windows,yahoo.com,0
3284888,2025-03-27 01:38:15,24.651,mastercard,credit,sarah.koh73@gmail.com,556877,Low,8732,Existing User,30,,Approved,No,No,desktop,0,gmail.com,0
3101670,2025-01-26 18:24:14,200,visa,credit,lisa.koh505@gmail.com,430883,Low,1062,New User,46,,Approved,No,No,desktop,MacOS,gmail.com,0
3465721,2025-05-24 19:12:28,100,visa,credit,anna.ong447@comcast.net,437591,Low,8800,Existing User,21,,Approved,No,No,desktop,Windows,comcast.net,0
3211204,2025-03-03 02:07:51,100,mastercard,credit,mike.teo883@yahoo.com,545405,Low,2268,New User,42,,Approved,No,No,mobile,iOS Device,yahoo.com,0
3273134,2025-03-23 05:20:03,44.227,mastercard,credit,mike.ng826@hotmail.com,512338,Low,6068,Existing User,33,,Approved,No,No,mobile,SM-A520F Build/NRD90M,hotmail.com,0
3097785,2025-01-26 00:36:57,150,mastercard,credit,mike.tan36@gmail.com,518843,Low,9900,Existing User,32,,Approved,No,No,mobile,iOS Device,gmail.com,0
3097425,2025-01-25 23:40:29,70,visa,credit,amy.chan684@yahoo.com,447133,Medium,6840,New User,55,,Approved,No,No,desktop,0,,0
3098731,2025-01-26 03:47:52,100,visa,debit,anna.ng50@hotmail.com,419012,Low,1860,Existing User,35,,Approved,No,No,desktop,MacOS,hotmail.com,0
3060593,2025-01-19 20:50:23,250,visa,credit,alex.lim781@anonymous.com,424069,Medium,7627,New User,65,ANONYMOUS_EMAIL,Rejected,No,No,desktop,Windows,anonymous.com,0
3133687,2025-02-04 21:37:05,100,american express,credit,alex.lee5@hotmail.com,372335,Low,6808,Existing User,21,,Approved,No,No,desktop,Windows,hotmail.com,0
3434193,2025-05-12 19:44:56,15.554,visa,credit,mike.teo581@gmail.com,498451,Low,7399,New User,45,,Approved,No,No,mobile,Hisense F23 Build/NRD90M,gmail.com,0
3076050,2025-01-22 17:09:41,150,visa,debit,lisa.lim994@hotmail.com,441928,Low,8421,Existing User,31,,Approved,No,No,desktop,Trident/7.0,hotmail.com,0
3077608,2025-01-22 20:47:16,150,visa,debit,amy.lee945@live.com,431577,Low,4343,Existing User,44,,Approved,No,No,mobile,iOS Device,live.com,0
3418900,2025-05-07 06:20:32,84.842,visa,debit,alex.chan101@gmail.com,470793,Low,2076,New User,38,,Approved,No,No,desktop,Windows,gmail.com,0
3526400,2025-06-14 16:16:41,106,mastercard,credit,amy.wong489@yahoo.com,530186,Low,8572,Existing User,16,,Approved,No,No,desktop,Windows,,0
3078723,2025-01-22 23:52:30,60,mastercard,credit,anna.ng806@comcast.net,532673,Low,9552,Existing User,30,,Approved,No,No,0,0,comcast.net,0
3551958,2025-06-23 03:12:04,50,mastercard,credit,amy.lee656@hotmail.com,524404,Low,6415,Existing User,20,,Approved,No,No,desktop,Windows,hotmail.com,0
3570427,2025-06-30 15:02:56,50,visa,debit,anna.ng970@gmail.com,423456,Low,5521,New User,39,,Approved,No,No,desktop,Windows,,0
3028594,2025-01-12 18:48:16,25,visa,debit,alex.goh952@gmail.com,438116,Medium,4699,New User,58,,Approved,No,No,mobile,iOS Device,gmail.com,0
3046833,2025-01-16 20:19:26,7.929,mastercard,debit,anna.lee103@gmail.com,530234,Low,2772,Existing User,36,,Approved,No,No,mobile,Redmi Note 4 Build/NRD90M,gmail.com,0
3558031,2025-06-25 14:04:37,100,visa,credit,david.wong167@gmail.com,482221,Medium,7068,New User,55,,Approved,Yes,No,mobile,iOS Device,gmail.com,1
3053352,2025-01-18 05:49:00,100,mastercard,debit,tom.teo106@anonymous.com,532325,Medium,1794,Existing User,51,,Approved,No,No,desktop,MacOS,anonymous.com,0
3054313,2025-01-18 17:31:58,40,visa,debit,sarah.koh407@anonymous.com,470879,Medium,7772,New User,65,ANONYMOUS_EMAIL,Rejected,No,No,desktop,Windows,anonymous.com,0
3423354,2025-05-08 18:46:23,100,mastercard,credit,amy.ng64@aol.com,529241,Low,6376,Existing User,24,,Approved,No,No,desktop,Trident/7.0,aol.com,0
3543994,2025-06-20 15:16:40,100,mastercard,debit,anna.wong708@aol.com,553010,Low,9432,Existing User,27,,Approved,No,No,desktop,MacOS,aol.com,0
3465130,2025-05-24 14:56:59,47.77,visa,credit,alex.ng524@gmail.com,451425,Low,3512,Existing User,32,,Approved,No,No,mobile,SM-G950F Build/NRD90M,gmail.com,0
3119640,2025-01-31 17:01:25,50.721,visa,debit,tom.tan44@gmail.com,449210,Low,5818,Existing User,38,,Approved,No,No,desktop,0,gmail.com,0
3139993,2025-02-06 17:29:31,200,american express,credit,alex.lim163@anonymous.com,378431,Medium,1394,Existing User,56,,Approved,No,No,0,0,anonymous.com,0
3434771,2025-05-12 22:49:05,16.661,visa,debit,jason.lim355@outlook.com,496619,Low,6311,Existing User,49,,Approved,No,No,mobile,0,outlook.com,0
3069206,2025-01-21 13:39:11,30,visa,debit,alex.teo813@gmail.com,468234,Low,3379,Existing User,38,,Approved,No,No,desktop,MacOS,gmail.com,0
3221577,2025-03-06 03:26:24,22.053,visa,credit,sarah.wong917@hotmail.com,444590,Low,7038,Existing User,20,,Approved,No,No,mobile,LG-X165g Build/LRX21M,hotmail.com,0
3406045,2025-05-03 18:11:31,30,mastercard,credit,david.chan29@gmail.com,559596,Low,6123,Existing User,27,,Approved,No,No,desktop,0,,0
3367786,2025-04-21 04:16:37,50,visa,debit,tom.tan450@yahoo.com,402967,Low,1102,New User,48,,Approved,No,No,desktop,rv:59.0,,0
3027522,2025-01-12 15:06:06,100,visa,debit,alex.ng105@yahoo.com,413783,Low,1363,New User,43,,Approved,No,No,desktop,MacOS,yahoo.com,0
2999762,2025-01-05 03:15:48,29.002,visa,debit,amy.chan171@gmail.com,419773,Low,9813,Existing User,47,,Approved,No,No,desktop,0,gmail.com,0
3539172,2025-06-18 20:30:41,25,visa,credit,anna.lee462@anonymous.com,465396,Medium,5244,Existing User,53,,Approved,No,No,0,0,anonymous.com,0
3026955,2025-01-12 05:52:19,50,visa,debit,mike.goh670@yahoo.com,430653,Low,8849,Existing User,43,,Approved,No,No,mobile,iOS Device,yahoo.com,0
3082534,2025-01-23 17:38:06,15.741,mastercard,debit,mike.chan80@gmail.com,539464,Low,4302,Existing User,25,,Approved,No,No,desktop,Trident/7.0,gmail.com,0
3334993,2025-04-10 03:57:49,51.297,visa,credit,mike.chan406@yahoo.com,442589,Medium,9466,New User,53,,Approved,No,No,desktop,0,,0
3374073,2025-04-23 06:03:53,75,mastercard,credit,jason.teo702@hotmail.com,555540,Low,1055,Existing User,28,,Approved,No,No,desktop,rv:38.0,,0
3485187,2025-06-01 00:33:40,28.773,mastercard,credit,anna.lim34@gmail.com,519164,Low,4168,Existing User,38,,Approved,No,No,mobile,0,gmail.com,0
3186454,2025-02-22 07:18:16,131.525,visa,debit,mike.teo593@gmail.com,472864,Low,8686,Existing User,31,,Approved,No,No,desktop,Windows,gmail.com,0
3010211,2025-01-07 21:36:04,50,visa,credit,alex.lim853@icloud.com,435310,Medium,4590,New User,50,,Approved,No,No,mobile,iOS Device,icloud.com,0
3243150,2025-03-12 22:39:20,50,visa,debit,mike.koh104@gmail.com,475121,Low,3459,Existing User,32,,Approved,No,No,mobile,SAMSUNG SM-G891A Build/NRD90M,gmail.com,0
3383685,2025-04-26 16:46:57,15.709,mastercard,credit,alex.wong251@icloud.com,558722,Low,7219,New User,38,,Approved,Yes,No,desktop,Windows,icloud.com,1
3049386,2025-01-17 12:49:27,50,discover,credit,john.lee562@hotmail.com,645002,Low,8767,Existing User,15,,Approved,No,No,desktop,Windows,,0
3105794,2025-01-27 20:09:20,50,mastercard,debit,lisa.chan603@yahoo.com,520601,Low,8461,Existing User,42,,Approved,No,No,mobile,iOS Device,yahoo.com,0
3282949,2025-03-26 17:03:35,100,visa,debit,amy.lee325@anonymous.com,478519,Medium,4154,Existing User,56,,Approved,No,No,desktop,Windows,anonymous.com,0
3418708,2025-05-07 03:13:48,50,visa,debit,jason.goh969@gmail.com,482610,Low,9376,Existing User,34,,Approved,No,No,mobile,iOS Device,gmail.com,0
3376757,2025-04-24 01:21:30,19.334,mastercard,debit,tom.goh354@hotmail.es,517226,Low,4364,Existing User,29,,Approved,No,No,desktop,Trident/7.0,hotmail.es,0
3116363,2025-01-30 18:47:14,100,visa,credit,john.ong935@yahoo.com,461056,Low,7755,New User,35,,Approved,No,No,desktop,Trident/7.0,yahoo.com,0
3393943,2025-04-29 22:08:56,34.742,visa,credit,sarah.koh913@gmail.com,460156,Low,4700,Existing User,38,,Approved,No,No,desktop,0,gmail.com,0
3118266,2025-01-31 01:09:31,600,visa,debit,amy.chan742@anonymous.com,423708,Medium,3143,Existing User,65,HIGH_AMOUNT,Rejected,No,No,desktop,Windows,anonymous.com,0
3069769,2025-01-21 15:38:28,150,discover,credit,john.koh428@aol.com,617388,Low,4173,Existing User,20,,Approved,No,No,desktop,Windows,aol.com,0
3243459,2025-03-13 00:18:45,100,american express,credit,jason.teo329@anonymous.com,372511,Medium,9992,Existing User,55,,Approved,No,No,desktop,Windows,anonymous.com,0
3099072,2025-01-26 05:04:30,50,visa,debit,tom.tan789@gmail.com,458712,Low,5725,Existing User,30,,Approved,No,No,mobile,iOS Device,gmail.com,0
3511357,2025-06-09 14:23:40,8.669,mastercard,credit,david.lim54@hotmail.com,516707,Low,9942,Existing User,25,,Approved,No,No,desktop,Windows,hotmail.com,0
3281902,2025-03-26 04:45:25,33.534,visa,credit,david.goh859@gmail.com,411208,Low,6970,New User,41,,Approved,No,No,desktop,Windows,gmail.com,0
3280548,2025-03-25 21:03:44,155.218,mastercard,debit,david.ng852@hotmail.com,519437,Low,2760,Existing User,27,,Approved,No,No,desktop,Windows,hotmail.com,0
3309760,2025-04-03 17:34:08,33.714,mastercard,credit,david.chan174@hotmail.com,558988,Low,3250,Existing User,36,,Approved,No,No,mobile,0,hotmail.com,0
3095940,2025-01-25 20:24:30,200,visa,debit,alex.tan166@yahoo.com,468830,Medium,6843,New User,60,,Approved,No,No,mobile,iOS Device,yahoo.com,0
3324277,2025-04-06 23:41:09,50,visa,credit,john.lee643@hotmail.com,414655,Low,2139,Existing User,28,,Approved,No,No,desktop,Trident/7.0,hotmail.com,0
3023809,2025-01-11 15:46:43,150,visa,credit,jason.wong244@hotmail.com,487949,Low,5488,Existing User,38,,Approved,No,No,mobile,iOS Device,hotmail.com,0
3414127,2025-05-05 21:51:58,250,visa,debit,alex.teo505@gmail.com,449764,Low,9930,Existing User,37,,Approved,No,No,desktop,Trident/7.0,gmail.com,0
3528099,2025-06-15 01:11:14,21.702,visa,credit,lisa.koh700@hotmail.com,421637,Low,4438,Existing User,27,,Approved,No,No,mobile,SM-G955F Build/NRD90M,hotmail.com,0
3263595,2025-03-19 20:08:22,75,visa,credit,alex.ng612@gmail.com,425261,Low,8060,Existing User,27,,Approved,No,No,desktop,Windows,gmail.com,0
3169341,2025-02-16 18:09:20,150,visa,debit,sarah.ong538@yahoo.com,407422,Low,6026,Existing User,24,,Approved,No,No,desktop,Trident/7.0,yahoo.com,0
3034607,2025-01-14 00:42:57,200,visa,credit,mike.lee909@anonymous.com,459806,Low,3248,Existing User,42,,Approved,No,No,desktop,Trident/7.0,anonymous.com,0
3031389,2025-01-13 05:37:16,62.498,visa,credit,lisa.lee760@gmail.com,444702,Low,4257,New User,36,,Approved,No,No,mobile,Moto G (4) Build/NPJS25.93-14-10,gmail.com,0
3067332,2025-01-20 23:59:42,25,mastercard,debit,sarah.lim976@sbcglobal.net,515942,Low,4708,Existing User,42,,Approved,No,No,mobile,iOS Device,sbcglobal.net,0
3213980,2025-03-04 00:33:30,67.067,mastercard,debit,jason.koh11@hotmail.com,539731,Medium,3495,New User,68,,Approved,No,No,mobile,0,hotmail.com,0
3261453,2025-03-19 00:24:07,200,visa,debit,john.tan956@gmail.com,402789,Low,4536,Existing User,33,,Approved,No,No,mobile,iOS Device,gmail.com,0
3180436,2025-02-20 05:29:53,19.472,visa,debit,lisa.ng347@hotmail.com,443816,Low,6883,Existing User,42,,Approved,No,No,0,0,hotmail.com,0
3391665,2025-04-29 03:16:15,30.391,mastercard,debit,jason.lee722@hotmail.com,512441,Low,4641,New User,41,,Approved,No,No,desktop,Windows,hotmail.com,0
3290404,2025-03-28 21:14:36,16.313,mastercard,credit,alex.goh5@hotmail.com,535054,Low,5952,Existing User,29,,Approved,Yes,No,mobile,VS5012 Build/NRD90M,hotmail.com,1
3021117,2025-01-10 19:17:21,500,visa,credit,lisa.lim606@hotmail.com,463435,Medium,3574,New User,51,,Approved,No,No,0,0,,0
3261066,2025-03-18 22:41:02,200,american express,credit,anna.ng670@cox.net,378239,Low,9211,Existing User,25,,Approved,No,No,desktop,MacOS,cox.net,0
3574698,2025-07-01 23:32:48,57.342,visa,debit,sarah.chan105@gmail.com,421980,Low,4299,Existing User,39,,Approved,No,No,desktop,0,gmail.com,0
3456316,2025-05-20 23:42:19,73.899,mastercard,credit,john.ng258@gmail.com,529029,Low,3174,Existing User,39,,Approved,No,No,desktop,0,gmail.com,0
3040176,2025-01-15 14:29:33,80,visa,credit,amy.goh368@yahoo.com,465386,Low,3496,Existing User,24,,Approved,No,No,desktop,Windows,yahoo.com,0
3474689,2025-05-27 23:26:23,26.805,visa,debit,lisa.tan963@gmail.com,401550,Low,7695,Existing User,38,,Approved,No,No,0,0,gmail.com,0
3031500,2025-01-13 08:36:58,500,visa,credit,amy.goh688@yahoo.com,444289,Medium,6946,New User,61,,Approved,No,No,mobile,iOS Device,yahoo.com,0
3093054,2025-01-25 07:58:58,75,visa,debit,tom.lee212@yahoo.com,485488,Medium,3980,New User,56,,Approved,No,No,desktop,0,yahoo.com,0
3426917,2025-05-09 23:21:39,167.717,mastercard,credit,john.ong959@hotmail.com,535297,Low,3309,Existing User,28,,Approved,No,No,desktop,0,hotmail.com,0
3103195,2025-01-26 23:34:20,14.225,mastercard,credit,tom.ong941@gmail.com,550656,Low,7332,Existing User,37,,Approved,Yes,No,mobile,0,gmail.com,1
3084665,2025-01-23 21:53:24,15,mastercard,credit,alex.chan122@gmail.com,510767,Low,2512,New User,31,,Approved,No,No,desktop,Windows,gmail.com,0
3302400,2025-04-01 21:39:12,300,mastercard,credit,anna.ong738@yahoo.com,551989,Low,4989,Existing User,40,,Approved,No,No,mobile,iOS Device,yahoo.com,0
3460414,2025-05-22 16:12:49,450,american express,credit,david.chan21@anonymous.com,376847,Medium,8437,Existing User,50,,Approved,No,No,desktop,Windows,anonymous.com,0
3008668,2025-01-07 15:24:36,150,american express,credit,alex.ng772@anonymous.com,370039,Medium,7263,New User,70,,Approved,No,No,desktop,Trident/7.0,anonymous.com,0
3448279,2025-05-18 02:31:18,76.85,visa,debit,alex.teo741@yahoo.com.mx,489716,Low,4566,Existing User,32,,Approved,No,No,mobile,SM-J700M Build/MMB29K,yahoo.com.mx,0
3062518,2025-01-20 01:55:58,125,visa,debit,amy.ong170@anonymous.com,423606,Medium,2157,Existing User,57,,Approved,No,No,desktop,Trident/7.0,anonymous.com,0
3291927,2025-03-29 16:11:29,150,visa,debit,john.lee429@yahoo.com,482631,Low,8068,Existing User,38,,Approved,Yes,No,mobile,LGMS210 Build/NRD90U,yahoo.com,1
3362494,2025-04-19 15:42:16,25,mastercard,debit,mike.goh564@icloud.com,516839,Low,4013,Existing User,25,,Approved,No,No,desktop,MacOS,icloud.com,0
3061102,2025-01-19 22:07:04,100,mastercard,debit,david.teo380@gmail.com,513949,Low,9564,Existing User,25,,Approved,No,No,desktop,Windows,gmail.com,0
3301487,2025-04-01 17:42:25,400,visa,credit,alex.teo539@anonymous.com,461011,Medium,2129,Existing User,63,HIGH_AMOUNT,Rejected,No,No,desktop,Windows,anonymous.com,0
3193263,2025-02-24 21:03:48,250,visa,credit,alex.lee11@aol.com,441919,Low,1921,Existing User,44,,Approved,No,No,desktop,MacOS,aol.com,0
3240867,2025-03-12 01:58:41,5.196,visa,credit,jason.wong627@yahoo.com.mx,459698,Low,7409,New User,47,,Approved,No,Yes,mobile,LG-K500 Build/MMB29M,yahoo.com.mx,0
3010651,2025-01-07 23:21:07,100,visa,credit,amy.tan908@anonymous.com,461084,Medium,8779,Existing User,56,,Approved,No,No,desktop,MacOS,anonymous.com,0
3472960,2025-05-27 14:39:27,29.264,visa,debit,sarah.lim996@hotmail.fr,441579,Low,3460,Existing User,43,,Approved,No,No,mobile,0,hotmail.fr,0
3508920,2025-06-08 17:42:14,31.601,mastercard,debit,lisa.goh516@gmail.com,545007,Low,5395,Existing User,31,,Approved,No,No,mobile,SM-J701M Build/NRD90M,gmail.com,0
3430275,2025-05-11 13:39:31,75,visa,debit,john.wong791@gmail.com,411814,Low,2913,Existing User,26,,Approved,No,No,desktop,MacOS,gmail.com,0
3365181,2025-04-20 15:08:05,500,mastercard,credit,mike.ng173@anonymous.com,530647,Medium,7060,New User,66,,Approved,No,No,desktop,Windows,anonymous.com,0
3260725,2025-03-18 21:10:12,100,visa,credit,tom.ong865@gmail.com,475877,Low,6221,Existing User,25,,Approved,No,No,mobile,iOS Device,gmail.com,0
3352081,2025-04-15 21:45:46,25,visa,debit,amy.goh165@anonymous.com,492757,Medium,8040,Existing User,54,,Approved,No,No,desktop,Windows,anonymous.com,0
3078619,2025-01-22 23:33:36,50,mastercard,credit,jason.teo58@gmail.com,524225,Low,1580,New User,31,,Approved,No,No,desktop,Windows,gmail.com,0
3553744,2025-06-23 21:14:57,9.283,visa,credit,david.tan347@anonymous.com,433575,Medium,3445,Existing User,55,,Approved,Yes,No,desktop,Windows,anonymous.com,1
3227816,2025-03-07 21:19:45,36.131,mastercard,credit,sarah.koh73@gmail.com,514801,Low,1802,Existing User,34,,Approved,No,No,desktop,0,gmail.com,0
3067836,2025-01-21 01:34:41,75,visa,debit,anna.lee180@anonymous.com,461867,Medium,7400,Existing User,70,,Approved,No,No,mobile,iOS Device,anonymous.com,0
3091397,2025-01-24 23:47:54,100,visa,credit,jason.ong780@gmail.com,478630,Low,5970,New User,37,,Approved,No,No,desktop,MacOS,gmail.com,0
3175598,2025-02-18 19:10:41,100,american express,credit,sarah.ng434@hotmail.com,372734,Low,1640,Existing User,29,,Approved,No,No,desktop,Windows,,0
3166780,2025-02-15 18:17:55,10.629,mastercard,credit,sarah.goh369@hotmail.com,523223,Low,3100,Existing User,20,,Approved,No,No,desktop,Windows,hotmail.com,0
3374162,2025-04-23 10:30:26,30,visa,credit,anna.lee122@outlook.com,475374,Low,6313,Existing User,26,,Approved,No,No,desktop,MacOS,,0
3549659,2025-06-22 15:16:06,106,mastercard,credit,jason.wong12@hotmail.com,550994,Low,9056,New User,30,,Approved,No,No,desktop,Windows,,0
3158256,2025-02-12 20:07:16,20,visa,debit,lisa.tan403@gmail.com,429493,Low,2166,Existing User,22,,Approved,No,No,desktop,Windows,gmail.com,0
3091804,2025-01-25 00:52:59,250,visa,credit,amy.tan551@anonymous.com,419432,Medium,3815,Existing User,66,,Approved,No,No,mobile,iOS Device,anonymous.com,0
3568797,2025-06-29 19:48:08,102.118,visa,credit,alex.tan946@hotmail.com,478088,Low,4258,New User,43,,Approved,No,No,desktop,rv:55.0,hotmail.com,0
3099468,2025-01-26 07:23:44,75,visa,debit,anna.ong133@gmail.com,401627,Low,8143,Existing User,33,,Approved,No,No,desktop,Windows,gmail.com,0
3025416,2025-01-11 22:07:17,25,visa,credit,mike.goh819@gmail.com,400779,Low,2794,New User,38,,Approved,No,No,desktop,MacOS,gmail.com,0
3527370,2025-06-14 21:02:09,110,mastercard,credit,john.ng85@hotmail.com,523634,Low,9745,Existing User,15,,Approved,No,No,desktop,Windows,,0
3077553,2025-01-22 20:40:10,69.377,visa,credit,mike.ng260@anonymous.com,497048,Low,5187,Existing User,48,,Approved,No,No,desktop,Windows,anonymous.com,0
3051066,2025-01-17 19:29:02,7.791,visa,debit,jason.koh455@gmail.com,499639,Low,6155,Existing User,20,,Approved,No,No,desktop,Windows,gmail.com,0
3491647,2025-06-02 21:46:41,150,visa,debit,tom.teo779@gmail.com,448361,Low,4841,Existing User,35,,Approved,No,No,desktop,Windows,gmail.com,0
3044325,2025-01-16 08:37:07,150,mastercard,debit,tom.tan812@gmail.com,540089,Low,4910,Existing User,35,,Approved,No,No,mobile,SAMSUNG SM-G955U Build/NRD90M,gmail.com,0
3107026,2025-01-28 01:20:44,28.217,mastercard,debit,tom.tan278@gmail.com,550848,Low,1268,New User,48,,Approved,No,No,mobile,SM-J700M Build/MMB29K,gmail.com,0
3038462,2025-01-14 23:29:21,50,mastercard,credit,amy.goh602@gmail.com,552526,Low,2898,Existing User,16,,Approved,No,No,desktop,Windows,gmail.com,0
3092771,2025-01-25 04:46:25,30,visa,debit,amy.goh708@yahoo.com,434952,Low,1421,Existing User,36,,Approved,No,No,mobile,iOS Device,yahoo.com,0
3067863,2025-01-21 01:38:12,100,american express,credit,sarah.lim497@yahoo.com,377537,Low,2321,New User,32,,Approved,No,No,desktop,rv:52.0,yahoo.com,0
3098327,2025-01-26 02:26:08,100,mastercard,debit,jason.lee970@gmail.com,523799,Low,6574,New User,49,,Approved,No,No,mobile,iOS Device,gmail.com,0
3104061,2025-01-27 05:26:59,30,visa,debit,alex.koh83@gmail.com,432114,Medium,5249,New User,50,,Approved,No,No,mobile,iOS Device,gmail.com,0
3263821,2025-03-19 21:14:35,20,visa,debit,amy.ng681@yahoo.com,460572,Low,4732,Existing User,31,,Approved,No,No,desktop,Windows,,0
3350008,2025-04-15 03:01:59,18.186,visa,credit,david.ong191@gmail.com,449610,Low,6583,Existing User,41,,Approved,No,No,mobile,0,gmail.com,0
3516422,2025-06-11 03:38:12,21.58,visa,debit,sarah.chan167@anonymous.com,442968,Medium,3388,Existing User,54,,Approved,No,No,mobile,SM-G531H Build/LMY48B,anonymous.com,0
3082381,2025-01-23 17:22:57,100,visa,credit,sarah.ng173@optonline.net,483604,Low,4004,Existing User,39,,Approved,No,No,mobile,0,optonline.net,0
3130211,2025-02-04 00:24:50,214.544,visa,debit,tom.lee192@gmail.com,419648,Low,9755,Existing User,39,,Approved,Yes,No,desktop,Windows,gmail.com,1
3071528,2025-01-21 19:51:38,150,american express,credit,mike.goh704@gmail.com,379910,Low,9633,Existing User,28,,Approved,No,No,desktop,MacOS,gmail.com,0
3058994,2025-01-19 16:48:05,50,visa,credit,john.tan827@gmail.com,449326,Low,5285,Existing User,21,,Approved,No,No,desktop,MacOS,gmail.com,0
3457341,2025-05-21 14:16:23,20.042,visa,debit,jason.wong712@gmail.com,475377,Low,3729,Existing User,32,,Approved,No,No,desktop,0,gmail.com,0
3261987,2025-03-19 03:42:20,14.443,visa,debit,mike.wong768@outlook.com,467890,Low,4733,Existing User,34,,Approved,No,No,desktop,Windows,outlook.com,0
3065820,2025-01-20 19:52:52,50,visa,credit,anna.tan876@msn.com,401421,Low,8205,New User,41,,Approved,No,No,desktop,Windows,msn.com,0
3081159,2025-01-23 14:56:28,100,visa,credit,amy.teo246@anonymous.com,418810,Medium,1253,Existing User,53,,Approved,No,No,desktop,Trident/7.0,anonymous.com,0
3307512,2025-04-03 02:53:42,200.353,visa,debit,mike.koh882@hotmail.com,425484,Low,2943,Existing User,39,,Approved,No,No,desktop,Windows,hotmail.com,0
3402241,2025-05-02 08:34:16,50,visa,debit,sarah.goh718@gmail.com,416149,Medium,7656,New User,50,,Approved,No,No,desktop,0,,0
3276021,2025-03-24 04:54:38,15.649,visa,credit,david.ng183@hotmail.com,410547,Low,6267,Existing User,31,,Approved,No,No,mobile,SM-G610M Build/MMB29K,hotmail.com,0
3540479,2025-06-19 05:05:20,16.231,visa,debit,david.lim623@anonymous.com,455808,Medium,5892,Existing User,60,,Approved,No,No,mobile,XT1003,anonymous.com,0
3411392,2025-05-05 07:00:19,4.795,mastercard,debit,mike.chan949@hotmail.com,536684,Medium,2211,Existing User,54,,Approved,No,No,mobile,0,hotmail.com,0
3309295,2025-04-03 16:47:13,150,visa,credit,amy.chan437@yahoo.com,483118,Low,5277,Existing User,22,,Approved,No,No,desktop,MacOS,yahoo.com,0
3300347,2025-04-01 04:18:26,150,visa,credit,john.ng439@anonymous.com,478329,Low,5163,Existing User,48,,Approved,No,No,desktop,Windows,anonymous.com,0
3402881,2025-05-02 16:06:41,10,visa,debit,sarah.koh537@hotmail.com,423035,Low,9393,Existing User,32,,Approved,No,No,desktop,Trident/7.0,,0
3091796,2025-01-25 00:52:28,30.083,mastercard,debit,mike.goh638@gmail.com,550905,Low,5472,Existing User,31,,Approved,No,No,mobile,BLA-L29 Build/HUAWEIBLA-L29,gmail.com,0
3111800,2025-01-29 16:19:40,100,visa,debit,sarah.lee774@gmail.com,451349,Low,5054,Existing User,27,,Approved,No,No,desktop,MacOS,gmail.com,0
3097098,2025-01-25 22:58:32,150,visa,credit,alex.lim14@gmail.com,468053,Low,5070,Existing User,19,,Approved,No,No,desktop,Windows,gmail.com,0
2991133,2025-01-02 21:08:18,50,mastercard,credit,alex.teo341@hotmail.com,531595,Medium,9455,New User,53,,Approved,No,No,mobile,iOS Device,hotmail.com,0
3177579,2025-02-19 12:48:24,15,mastercard,debit,alex.koh618@gmail.com,513023,Low,7605,Existing User,31,,Approved,No,No,desktop,Windows,,0
3075858,2025-01-22 16:42:34,100,mastercard,debit,alex.tan215@gmail.com,527288,Medium,8813,New User,51,,Approved,No,No,mobile,iOS Device,gmail.com,0
3183645,2025-02-21 03:24:45,30,mastercard,debit,david.lee818@gmail.com,558666,Low,8479,Existing User,28,,Approved,No,No,desktop,MacOS,gmail.com,0
3243313,2025-03-12 23:32:32,8.217,visa,credit,lisa.ong31@gmail.com,481824,Low,8216,Existing User,35,,Approved,No,No,mobile,0,gmail.com,0
3021753,2025-01-10 21:27:23,200,mastercard,credit,john.teo79@aol.com,528595,Low,1853,New User,37,,Approved,No,No,desktop,Windows,aol.com,0
3499265,2025-06-05 01:37:28,10.575,mastercard,credit,sarah.lee229@hotmail.com,522868,Low,4438,Existing User,15,,Approved,No,No,desktop,Windows,hotmail.com,0
3392687,2025-04-29 16:24:17,25,visa,credit,sarah.goh912@hotmail.com,438640,Low,8079,Existing User,18,,Approved,No,No,desktop,Windows,,0
3551911,2025-06-23 02:44:43,93.327,mastercard,debit,mike.lee960@gmail.com,515980,Low,6836,Existing User,30,,Approved,No,No,mobile,G3223 Build/42.0.A.4.167,gmail.com,0
3500619,2025-06-05 16:28:28,29.51,visa,debit,jason.lim520@gmail.com,408621,Low,3241,Existing User,30,,Approved,No,No,desktop,Moto G (5) Plus Build/NPNS25.137-92-8,gmail.com,0
3094825,2025-01-25 18:05:50,30,visa,debit,tom.ong387@gmail.com,488295,Low,4807,Existing User,39,,Approved,No,No,mobile,iOS Device,gmail.com,0
3061786,2025-01-19 23:57:07,196.471,mastercard,debit,amy.wong583@hotmail.com,549810,Medium,8202,New User,60,,Approved,No,No,mobile,0,hotmail.com,0
3042658,2025-01-15 22:38:51,40,visa,debit,tom.tan45@hotmail.com,464370,Low,7378,Existing User,28,,Approved,No,No,desktop,Windows,hotmail.com,0
3083067,2025-01-23 18:36:58,14.983,mastercard,debit,anna.lee880@hotmail.com,535033,Low,7824,Existing User,35,,Approved,No,No,desktop,0,hotmail.com,0
3557708,2025-06-25 10:47:46,150,mastercard,debit,alex.goh747@gmail.com,540351,Low,5798,Existing User,20,,Approved,No,No,desktop,Windows,gmail.com,0
3021707,2025-01-10 21:22:31,100,mastercard,credit,amy.ng496@anonymous.com,526422,Low,5178,Existing User,40,,Approved,No,No,desktop,Windows,anonymous.com,0
3016575,2025-01-09 17:04:14,20,mastercard,credit,amy.teo962@att.net,528491,Low,8449,Existing User,15,,Approved,No,No,desktop,Windows,att.net,0
3212702,2025-03-03 18:43:42,7.251,visa,credit,david.chan687@yahoo.com,408560,Low,5834,New User,45,,Approved,No,No,desktop,rv:57.0,yahoo.com,0
3403624,2025-05-02 19:20:44,6.163,mastercard,debit,sarah.koh614@outlook.com,511621,Low,4141,Existing User,24,,Approved,No,No,desktop,Moto G (5) Build/NPP25.137-93,outlook.com,0
3213674,2025-03-03 23:10:57,40,visa,credit,john.koh613@yahoo.com,427605,Low,8965,Existing User,36,,Approved,No,No,mobile,iOS Device,yahoo.com,0
3336416,2025-04-10 18:50:17,25,visa,debit,mike.teo556@hotmail.com,443253,Medium,1662,New User,54,,Approved,No,No,mobile,iOS Device,hotmail.com,0
3036922,2025-01-14 18:07:00,150,mastercard,credit,anna.koh113@anonymous.com,514199,Low,1269,Existing User,48,,Approved,No,No,desktop,Windows,anonymous.com,0
3001768,2025-01-05 19:14:26,150,american express,credit,alex.ng126@embarqmail.com,373186,Low,1802,Existing User,31,,Approved,No,No,mobile,iOS Device,embarqmail.com,0
3287125,2025-03-27 20:15:08,100,mastercard,credit,mike.wong323@comcast.net,529152,Low,3125,New User,32,,Approved,No,No,desktop,MDDRJS,comcast.net,0
3125190,2025-02-02 15:36:39,18.539,mastercard,debit,david.goh162@anonymous.com,517954,High,3443,New User,79,HIGH_RISK_SCORE,Rejected,No,No,0,0,anonymous.com,0
3076146,2025-01-22 17:22:49,100,visa,debit,amy.koh44@anonymous.com,414129,Medium,7715,Existing User,54,,Approved,No,No,desktop,Trident/7.0,anonymous.com,0
3416734,2025-05-06 17:58:58,22.379,mastercard,debit,mike.wong487@hotmail.com,554584,Low,7892,Existing User,31,,Approved,No,No,desktop,0,hotmail.com,0
3509452,2025-06-08 20:19:09,31.97,visa,debit,tom.ng383@gmail.com,453702,Low,6860,Existing User,38,,Approved,No,No,mobile,F5121 Build/34.4.A.2.19,gmail.com,0
3196894,2025-02-26 01:15:52,200,visa,credit,tom.wong127@gmail.com,473765,Low,6247,Existing User,24,,Approved,No,No,desktop,Windows,gmail.com,0
3315016,2025-04-04 13:14:49,50,mastercard,debit,john.teo499@yahoo.com,528628,Low,5372,Existing User,35,,Approved,No,No,desktop,Windows,yahoo.com,0
3318693,2025-04-05 13:48:47,35.406,visa,debit,alex.lim135@hotmail.com,455881,Low,8357,Existing User,28,,Approved,No,No,mobile,SM-J120H Build/LMY47V,hotmail.com,0
3373645,2025-04-23 01:39:11,53.411,visa,credit,anna.lee992@gmail.com,406856,Low,4841,New User,39,,Approved,No,No,desktop,Windows,gmail.com,0
3527152,2025-06-14 20:02:14,106,mastercard,credit,alex.koh597@yahoo.com,525123,Low,5529,Existing User,19,,Approved,No,No,desktop,Windows,,0
3020513,2025-01-10 17:16:41,9.153,mastercard,credit,jason.lee718@anonymous.com,558714,Low,2041,Existing User,48,,Approved,No,No,desktop,rv:52.0,anonymous.com,0
3305682,2025-04-02 19:05:16,15.165,visa,debit,john.goh561@hotmail.es,450374,Low,4969,Existing User,27,,Approved,No,No,desktop,Windows,hotmail.es,0
3246527,2025-03-13 23:22:11,37.219,visa,debit,anna.teo213@anonymous.com,459001,Low,8618,Existing User,49,,Approved,No,No,desktop,Windows,anonymous.com,0
3012304,2025-01-08 15:22:58,50,visa,debit,sarah.ng726@yahoo.com,468630,Low,7918,Existing User,27,,Approved,No,No,desktop,Windows,yahoo.com,0
3348586,2025-04-14 19:42:29,7.915,mastercard,debit,jason.koh471@outlook.com,541558,Medium,2998,New User,50,,Approved,No,No,mobile,es-us,outlook.com,0
3431741,2025-05-11 21:34:53,30.371,visa,credit,tom.ng290@prodigy.net.mx,457527,Low,5104,Existing User,20,,Approved,No,No,desktop,Windows,prodigy.net.mx,0
3215883,2025-03-04 19:11:06,25,visa,debit,amy.chan906@outlook.com,488879,Low,1299,New User,43,,Approved,No,No,desktop,Windows,,0
3117439,2025-01-30 22:07:30,100,visa,credit,alex.tan295@gmail.com,401705,Low,4972,Existing User,28,,Approved,No,No,desktop,MacOS,gmail.com,0
3021331,2025-01-10 20:06:02,100,visa,credit,sarah.wong17@yahoo.com,487982,Low,5077,New User,42,,Approved,No,No,mobile,iOS Device,yahoo.com,0
3058608,2025-01-19 15:50:38,40,visa,credit,mike.wong296@gmail.com,432634,Low,7838,Existing User,21,,Approved,No,No,desktop,Windows,gmail.com,0
3441107,2025-05-15 12:03:41,90,visa,credit,sarah.lim339@yahoo.com,416869,Low,1339,Existing User,22,,Approved,No,No,desktop,Trident/7.0,,0
3281835,2025-03-26 04:12:08,44.107,visa,credit,anna.koh181@live.com,432123,Low,6218,Existing User,46,,Approved,No,No,mobile,0,live.com,0
3546105,2025-06-21 13:37:07,106,mastercard,credit,david.tan47@hotmail.com,533529,Low,5494,Existing User,28,,Approved,No,No,desktop,Windows,,0
3271447,2025-03-22 18:38:42,6.646,mastercard,debit,anna.teo229@gmail.com,514690,Low,2440,Existing User,45,,Approved,No,No,desktop,0,gmail.com,0
3023164,2025-01-11 03:24:35,25,visa,credit,sarah.goh872@hotmail.com,490969,Low,3691,New User,37,,Approved,No,No,desktop,MacOS,hotmail.com,0
3554486,2025-06-24 01:18:37,31.97,mastercard,credit,tom.wong123@gmail.com,525938,Low,9467,New User,35,,Approved,No,No,desktop,Windows,gmail.com,0
3239242,2025-03-11 18:21:58,50,visa,debit,anna.koh347@anonymous.com,444611,Medium,4224,New User,69,,Approved,No,No,desktop,Windows,anonymous.com,0
3026414,2025-01-12 01:57:45,25,visa,debit,alex.koh649@gmail.com,411901,Low,6111,Existing User,41,,Approved,No,No,mobile,SM-G920V Build/NRD90M,gmail.com,0
3532845,2025-06-16 18:38:44,8.361,mastercard,debit,amy.tan502@gmail.com,533222,Low,4320,Existing User,37,,Approved,Yes,No,desktop,0,gmail.com,1
3325640,2025-04-07 14:10:09,50,visa,credit,anna.lim735@comcast.net,443770,Low,9572,New User,41,,Approved,No,No,mobile,SM-G930V Build/NRD90M,comcast.net,0
3035188,2025-01-14 03:25:12,50,american express,credit,alex.goh118@outlook.com,372836,Low,9493,New User,45,,Approved,No,No,desktop,MacOS,,0
3034067,2025-01-13 22:41:31,50,visa,debit,jason.koh358@hotmail.com,415771,Low,4566,Existing User,44,,Approved,No,No,mobile,SM-G900V Build/MMB29M,hotmail.com,0
3475330,2025-05-28 03:41:48,100,visa,debit,john.goh810@gmail.com,456318,Low,7708,New User,48,,Approved,No,No,desktop,Windows,gmail.com,0
3545956,2025-06-21 07:03:27,5.181,mastercard,credit,john.teo289@hotmail.com,533552,Low,5280,Existing User,23,,Approved,No,No,desktop,Windows,hotmail.com,0
3374268,2025-04-23 12:36:32,40,visa,debit,sarah.tan709@hotmail.com,479237,Low,2519,New User,47,,Approved,No,No,desktop,Windows,,0
3098473,2025-01-26 02:52:13,50,visa,credit,jason.koh214@outlook.com,427463,Low,9232,Existing User,17,,Approved,No,No,desktop,Windows,outlook.com,0
3090839,2025-01-24 22:23:28,75,visa,debit,john.koh484@gmail.com,494952,Medium,3880,New User,51,,Approved,No,No,mobile,iOS Device,gmail.com,0
3113047,2025-01-29 21:20:10,100,discover,credit,mike.chan749@gmail.com,616719,Low,5518,New User,32,,Approved,No,No,desktop,MacOS,gmail.com,0
3147056,2025-02-08 22:29:34,3.964,visa,debit,jason.wong931@hotmail.com,481688,Low,9006,Existing User,41,,Approved,No,No,mobile,0,hotmail.com,0
3306777,2025-04-02 23:23:05,29.183,visa,debit,alex.ng452@anonymous.com,444370,Low,5461,Existing User,45,,Approved,No,No,desktop,Windows,anonymous.com,0
3250200,2025-03-15 12:28:20,72.979,visa,debit,amy.tan501@hotmail.com,476881,Low,7673,New User,45,,Approved,No,No,desktop,Windows,hotmail.com,0
3351958,2025-04-15 21:16:24,28.277,mastercard,credit,lisa.lee973@icloud.com,541077,Low,2477,Existing User,33,,Approved,No,No,desktop,0,icloud.com,0
3453511,2025-05-19 23:31:43,23.731,visa,debit,alex.lim359@gmail.com,401193,Low,4858,Existing User,22,,Approved,No,No,desktop,Windows,gmail.com,0
3050496,2025-01-17 17:43:42,100,visa,debit,sarah.ng555@gmail.com,413541,Low,8122,New User,46,,Approved,No,No,mobile,KFFOWI Build/LVY48F,gmail.com,0
3120667,2025-01-31 21:04:38,50,visa,debit,tom.tan595@gmail.com,442069,Low,8106,Existing User,41,,Approved,No,No,mobile,iOS Device,gmail.com,0
3109117,2025-01-28 19:06:58,25.361,visa,debit,david.teo621@hotmail.es,458294,Low,4760,Existing User,41,,Approved,No,No,desktop,0,hotmail.es,0
3022609,2025-01-11 00:23:03,100,american express,credit,amy.lee656@anonymous.com,375330,Medium,6873,New User,72,,Approved,No,No,mobile,iOS Device,anonymous.com,0
3528168,2025-06-15 01:36:27,26.252,mastercard,credit,tom.teo55@gmail.com,553691,Low,6256,New User,36,,Approved,No,No,desktop,Windows,gmail.com,0
3383581,2025-04-26 16:12:19,64.77,visa,debit,david.goh388@hotmail.com,445110,Low,8335,Existing User,43,,Approved,No,No,desktop,0,hotmail.com,0
3548001,2025-06-21 23:07:49,35.658,mastercard,debit,lisa.chan952@gmail.com,519101,Low,6952,Existing User,26,,Approved,Yes,No,desktop,Windows,gmail.com,1
3037392,2025-01-14 19:38:50,77.889,visa,debit,mike.lee56@anonymous.com,441913,High,5678,New User,94,HIGH_RISK_SCORE,Rejected,No,No,mobile,0,anonymous.com,0
3096527,2025-01-25 21:37:34,29.85,visa,debit,tom.tan80@gmail.com,429608,Low,5544,Existing User,38,,Approved,No,No,mobile,SM-J700M Build/MMB29K,gmail.com,0
3210506,2025-03-02 22:56:42,200,mastercard,credit,sarah.lim44@yahoo.com,535877,Low,3984,New User,40,,Approved,No,No,mobile,iOS Device,yahoo.com,0
3031618,2025-01-13 12:36:24,246.259,visa,debit,jason.teo402@hotmail.com,496844,Medium,3600,Existing User,53,,Approved,Yes,No,desktop,0,hotmail.com,0
3451853,2025-05-19 13:54:15,25,visa,debit,anna.lim629@gmail.com,475180,Low,4238,Existing User,26,,Approved,No,No,desktop,MacOS,gmail.com,0
3089474,2025-01-24 19:12:08,100,visa,credit,alex.lee653@anonymous.com,447563,Low,8648,Existing User,48,,Approved,No,No,desktop,Windows,anonymous.com,0
3086827,2025-01-24 04:15:40,75.79,visa,credit,david.ong124@hotmail.com,489903,Low,1019,New User,48,,Approved,No,No,desktop,0,hotmail.com,0
3347666,2025-04-14 15:12:50,50,american express,credit,sarah.ong781@gmail.com,371072,Low,5941,New User,45,,Approved,No,No,mobile,iOS Device,gmail.com,0
3292316,2025-03-29 18:41:42,85.796,mastercard,credit,anna.lee813@gmail.com,518226,Medium,4302,New User,50,,Approved,No,No,desktop,0,gmail.com,0
3216718,2025-03-04 23:05:39,32.023,visa,debit,lisa.goh833@hotmail.com,423008,Low,6095,Existing User,31,,Approved,No,No,mobile,SM-G920V,hotmail.com,0
3071082,2025-01-21 18:45:20,50,visa,credit,lisa.ng631@yahoo.com,414206,Low,8898,New User,43,,Approved,No,No,mobile,iOS Device,yahoo.com,0
3367001,2025-04-20 23:38:34,30,american express,credit,amy.chan460@yahoo.com,372919,Low,4045,Existing User,48,,Approved,No,No,mobile,0,,0
3015501,2025-01-09 06:31:13,20,mastercard,debit,alex.goh807@yahoo.com,524064,Medium,1909,New User,57,,Approved,No,No,mobile,iOS Device,yahoo.com,0
3490043,2025-06-02 15:29:54,150,visa,debit,alex.lim362@gmail.com,424188,Medium,8623,New User,55,,Approved,No,No,mobile,iOS Device,gmail.com,0
3084956,2025-01-23 22:32:31,100,visa,credit,john.ng321@gmail.com,470102,Low,3713,New User,38,,Approved,No,No,desktop,rv:56.0,gmail.com,0
3395124,2025-04-30 06:09:44,41.448,mastercard,credit,amy.tan487@hotmail.com,539310,Low,2853,Existing User,25,,Approved,No,No,desktop,Windows,hotmail.com,0
3044613,2025-01-16 13:36:32,50,visa,debit,alex.koh634@yahoo.com,499788,Low,8227,Existing User,39,,Approved,No,No,mobile,SAMSUNG-SM-G920A Build/NRD90M,yahoo.com,0
3452788,2025-05-19 19:24:01,196.183,visa,debit,anna.ng22@hotmail.com,482102,Low,5136,Existing User,42,,Approved,No,No,mobile,0,hotmail.com,0
3081273,2025-01-23 15:12:29,200,american express,credit,tom.goh471@anonymous.com,374346,Low,5855,Existing User,47,,Approved,No,No,desktop,rv:52.0,anonymous.com,0
3527346,2025-06-14 20:54:13,110,mastercard,credit,amy.lim252@outlook.com,521395,Low,8276,Existing User,23,,Approved,No,No,desktop,Windows,,0
3073521,2025-01-22 01:26:08,50,visa,debit,mike.wong531@comcast.net,426630,Low,7083,Existing User,24,,Approved,No,No,desktop,Windows,comcast.net,0
3168010,2025-02-16 01:11:45,50,visa,debit,anna.wong169@outlook.com,440537,Low,4857,Existing User,22,,Approved,No,No,desktop,Windows,outlook.com,0
3086079,2025-01-24 01:12:41,35.097,visa,credit,anna.wong798@anonymous.com,401436,Medium,1831,New User,68,ANONYMOUS_EMAIL,Rejected,Yes,No,desktop,rv:11.0,anonymous.com,0
3274416,2025-03-23 19:33:46,60,visa,credit,david.teo326@outlook.com,449906,Low,7991,New User,44,,Approved,No,No,desktop,Trident/7.0,,0
3265168,2025-03-20 07:25:12,13.534,mastercard,debit,anna.ng28@gmail.com,538881,Low,8324,New User,41,,Approved,No,No,mobile,SM-G531H Build/LMY48B,gmail.com,0
3546932,2025-06-21 17:25:38,110,mastercard,credit,anna.ng747@yahoo.com,535650,Low,3048,New User,41,,Approved,No,No,desktop,Windows,,0
3221061,2025-03-06 00:43:51,35.406,mastercard,debit,sarah.teo233@gmail.com,544967,Low,3182,New User,48,,Approved,Yes,No,mobile,TRT-L53 Build/HUAWEITRT-L53,gmail.com,0
3077561,2025-01-22 20:41:44,200,american express,credit,sarah.ong837@anonymous.com,371218,Medium,8410,New User,56,,Approved,No,No,desktop,Windows,anonymous.com,0
3133454,2025-02-04 20:46:19,12.826,visa,debit,lisa.chan84@gmail.com,460457,Low,3387,Existing User,37,,Approved,Yes,No,desktop,0,gmail.com,1
3051702,2025-01-17 21:24:18,200,mastercard,credit,anna.goh341@anonymous.com,538260,Low,5694,Existing User,48,,Approved,No,No,desktop,Trident/7.0,anonymous.com,0
3440404,2025-05-14 23:46:42,400,visa,debit,tom.wong180@gmail.com,436471,Low,2955,Existing User,44,,Approved,No,No,mobile,SM-G920T Build/NRD90M,gmail.com,0
2995213,2025-01-03 21:19:01,50,visa,credit,amy.lee27@aol.com,410238,Low,3012,Existing User,20,,Approved,No,No,desktop,Windows,aol.com,0
3223121,2025-03-06 17:04:53,200,visa,credit,sarah.lee905@mail.com,465595,Low,9104,Existing User,26,,Approved,Yes,No,mobile,iOS Device,mail.com,1
3055968,2025-01-18 23:04:21,100,visa,debit,tom.wong258@yahoo.com,497657,Low,3864,Existing User,21,,Approved,Yes,No,desktop,Windows,yahoo.com,1
3504097,2025-06-06 19:26:40,28.896,mastercard,debit,alex.koh322@outlook.com,522405,Low,3073,Existing User,31,,Approved,No,No,desktop,Windows,outlook.com,0
3372435,2025-04-22 20:01:08,19.455,visa,debit,amy.chan619@hotmail.com,475891,Medium,4123,New User,70,,Approved,Yes,No,mobile,0,hotmail.com,1
3235973,2025-03-10 17:28:25,61.326,visa,credit,jason.wong398@anonymous.com,494967,Medium,3156,Existing User,50,,Approved,No,No,desktop,Windows,anonymous.com,0
3138987,2025-02-06 06:46:07,3.732,mastercard,debit,jason.goh577@hotmail.com,534411,Low,5407,Existing User,49,,Approved,No,No,mobile,0,hotmail.com,0
3437110,2025-05-13 20:26:37,12.419,mastercard,debit,sarah.goh285@hotmail.com,529930,Low,4909,Existing User,21,,Approved,No,No,desktop,Windows,hotmail.com,0
3201664,2025-02-27 19:55:38,66.764,mastercard,debit,sarah.tan572@yahoo.com.mx,516869,Low,4998,Existing User,42,,Approved,No,No,desktop,0,yahoo.com.mx,0
3457040,2025-05-21 11:39:16,25,discover,credit,anna.koh204@hotmail.com,614280,Low,4817,New User,48,,Approved,Yes,No,desktop,MacOS,,1
3320094,2025-04-05 21:38:52,30,visa,debit,mike.koh171@gmail.com,486571,Low,5233,New User,41,,Approved,No,No,desktop,Windows,,0
3085172,2025-01-23 23:01:40,13.059,visa,debit,tom.goh814@hotmail.com,427623,Low,7820,Existing User,34,,Approved,No,No,desktop,Windows,hotmail.com,0
3139589,2025-02-06 15:49:27,200,mastercard,credit,amy.teo600@anonymous.com,515920,Medium,3534,Existing User,50,,Approved,No,No,desktop,Windows,anonymous.com,0
3120333,2025-01-31 19:42:44,40,visa,debit,john.wong660@gmail.com,430180,Medium,8940,New User,53,,Approved,No,No,mobile,iOS Device,gmail.com,0
3200171,2025-02-27 05:59:49,6.763,visa,debit,mike.goh218@gmail.com,420739,Low,8426,Existing User,23,,Approved,No,No,desktop,Windows,gmail.com,0
3057567,2025-01-19 05:34:47,24.02,visa,debit,lisa.ong424@gmail.com,456657,Low,2027,Existing User,41,,Approved,No,No,desktop,0,gmail.com,0
3136779,2025-02-05 18:29:38,41.276,mastercard,credit,david.teo125@gmail.com,558825,Low,5941,New User,40,,Approved,No,No,mobile,Wileyfox,gmail.com,0
3174382,2025-02-18 07:49:54,400,mastercard,credit,john.lee65@yahoo.com,530002,Low,6126,New User,48,,Approved,No,No,desktop,rv:11.0,yahoo.com,0
3026445,2025-01-12 02:06:15,200,mastercard,credit,david.lee17@gmail.com,548706,Low,1995,Existing User,37,,Approved,No,No,mobile,iOS Device,gmail.com,0
3041538,2025-01-15 19:00:53,10,visa,debit,john.teo231@yahoo.com,449708,Low,4635,Existing User,48,,Approved,No,No,mobile,0,,0
3094004,2025-01-25 16:11:13,50,visa,credit,alex.wong558@gmail.com,484033,Low,1044,New User,43,,Approved,No,No,mobile,iOS Device,gmail.com,0
3438076,2025-05-14 01:56:45,50,visa,credit,mike.goh351@sbcglobal.net,464049,Low,8057,Existing User,32,,Approved,No,No,desktop,MacOS,sbcglobal.net,0
3102952,2025-01-26 22:33:34,50,visa,credit,jason.teo486@aol.com,420555,Low,9630,New User,36,,Approved,No,No,desktop,Windows,aol.com,0
3547456,2025-06-21 20:24:07,110,mastercard,credit,lisa.koh100@gmail.com,543639,Low,2893,New User,44,,Approved,No,No,desktop,Windows,,0
3070541,2025-01-21 17:33:40,150,visa,debit,sarah.chan43@aol.com,434116,Low,5661,New User,41,,Approved,No,No,desktop,MacOS,aol.com,0
3317008,2025-04-04 22:07:13,100,visa,debit,david.chan241@yahoo.com,487857,Low,2224,Existing User,30,,Approved,No,No,desktop,Windows,,0
3380128,2025-04-25 02:02:39,41.811,visa,credit,jason.ong259@gmail.com,404628,Low,7627,Existing User,24,,Approved,No,No,desktop,Windows,gmail.com,0
3097726,2025-01-26 00:27:29,75,mastercard,credit,sarah.ong845@gmail.com,542098,Low,5986,New User,45,,Approved,No,No,mobile,SM-G955U Build/NRD90M,gmail.com,0
3053784,2025-01-18 15:18:00,10,visa,debit,david.ng819@hotmail.com,461062,Low,4981,Existing User,40,,Approved,No,No,mobile,0,,0
3518433,2025-06-11 22:09:49,100,visa,credit,alex.ong298@gmail.com,436907,Low,2463,Existing User,29,,Approved,No,No,desktop,MacOS,gmail.com,0
3223655,2025-03-06 18:52:07,70,mastercard,credit,amy.koh901@anonymous.com,510850,Medium,9023,Existing User,59,,Approved,No,No,mobile,iOS Device,anonymous.com,0
3387259,2025-04-27 20:22:32,125,visa,credit,alex.teo114@gmail.com,405442,Low,8369,Existing User,30,,Approved,No,No,mobile,iOS Device,gmail.com,0
3286836,2025-03-27 19:02:31,250,mastercard,credit,sarah.tan116@anonymous.com,540605,Medium,8708,Existing User,63,ANONYMOUS_EMAIL,Rejected,No,No,desktop,Windows,anonymous.com,0
3074638,2025-01-22 11:36:52,400,visa,debit,amy.goh678@aol.com,483250,Low,1695,Existing User,30,,Approved,No,No,desktop,Windows,aol.com,0
3045638,2025-01-16 16:52:54,15.683,visa,credit,john.wong950@yahoo.com,447031,Low,8719,Existing User,27,,Approved,No,No,desktop,0,yahoo.com,0
2988339,2025-01-02 12:33:15,25,visa,debit,alex.goh296@outlook.com,432301,Low,7354,New User,47,,Approved,No,No,desktop,Windows,,0
3303212,2025-04-02 01:20:14,79.754,visa,credit,tom.teo382@yahoo.com,458560,Low,3486,New User,36,,Approved,No,No,desktop,Windows,yahoo.com,0
3105631,2025-01-27 19:35:49,75,mastercard,credit,anna.tan889@gmail.com,553636,Low,7556,Existing User,25,,Approved,No,No,mobile,SAMSUNG-SM-G891A Build/NRD90M,gmail.com,0
3108203,2025-01-28 15:32:29,100,mastercard,credit,mike.lim752@anonymous.com,517951,Low,9549,Existing User,41,,Approved,No,No,desktop,rv:11.0,anonymous.com,0
3524533,2025-06-13 21:53:24,75,visa,debit,sarah.wong789@aol.com,482606,Low,2580,Existing User,22,,Approved,No,No,desktop,Windows,aol.com,0
3077336,2025-01-22 20:11:25,100,visa,debit,anna.ng101@gmail.com,403963,Low,7052,New User,41,,Approved,No,No,desktop,Windows,gmail.com,0
3191980,2025-02-24 12:24:29,25,mastercard,debit,anna.goh513@hotmail.com,536047,Low,9894,Existing User,33,,Approved,No,No,desktop,Windows,hotmail.com,0
2996905,2025-01-04 14:10:42,50,visa,debit,david.lim299@aol.com,466115,Low,4117,Existing User,44,,Approved,No,No,mobile,iOS Device,aol.com,0
3187745,2025-02-22 21:28:40,6.18,mastercard,credit,tom.tan964@gmail.com,542389,Medium,1773,New User,65,EMAIL_VELOCITY,Rejected,No,Yes,mobile,0,gmail.com,0
3039674,2025-01-15 05:19:04,200,visa,credit,john.tan142@hotmail.com,483437,Low,7711,New User,35,,Approved,Yes,No,desktop,Windows,hotmail.com,1
3137550,2025-02-05 21:22:15,131.816,mastercard,credit,mike.teo709@anonymous.com,521564,Medium,9935,New User,64,ANONYMOUS_EMAIL,Rejected,No,No,desktop,Windows,anonymous.com,0
3119955,2025-01-31 18:18:58,500,visa,debit,mike.lim686@gmail.com,445030,Medium,1250,Existing User,55,,Approved,No,No,mobile,iOS Device,gmail.com,0
3021487,2025-01-10 20:37:53,30.199,mastercard,credit,john.ong176@gmail.com,513304,Low,8029,Existing User,46,,Approved,No,No,mobile,0,gmail.com,0
3239220,2025-03-11 18:16:47,42.294,visa,credit,mike.goh631@anonymous.com,480672,Medium,5795,Existing User,50,,Approved,No,No,desktop,Windows,anonymous.com,0
3167919,2025-02-16 00:38:53,26.352,visa,debit,david.chan936@hotmail.com,445106,Low,4010,New User,46,,Approved,No,No,desktop,Windows,hotmail.com,0
3219138,2025-03-05 17:24:21,200,visa,credit,alex.teo183@anonymous.com,412698,Medium,9074,New User,61,,Approved,No,No,desktop,Windows,anonymous.com,0
3396110,2025-04-30 17:09:53,82.171,mastercard,credit,tom.ng176@gmail,518188,Low,6743,Existing User,21,,Approved,No,No,mobile,Gigaset,gmail,0
3477399,2025-05-28 23:04:15,100,mastercard,debit,david.goh139@aol.com,557720,Low,2347,Existing User,30,,Approved,No,No,mobile,iOS Device,aol.com,0
3304585,2025-04-02 15:00:08,15,mastercard,debit,sarah.lim587@hotmail.com,551541,Low,3781,Existing User,23,,Approved,No,No,desktop,Trident/7.0,hotmail.com,0
3247061,2025-03-14 01:48:17,21.63,visa,debit,alex.ong823@gmail.com,413107,Low,2050,Existing User,35,,Approved,No,No,desktop,Windows,gmail.com,0
3522411,2025-06-13 01:53:28,164.398,mastercard,debit,jason.koh110@outlook.es,526635,Medium,3732,New User,54,,Approved,No,No,mobile,Moto G (4) Build/NPJ25.93-14.7,outlook.es,0
3448102,2025-05-18 01:22:10,5.841,visa,debit,alex.ng783@gmail.com,468508,Low,5516,New User,49,,Approved,No,No,mobile,SM-G610M Build/MMB29K,gmail.com,0
3438725,2025-05-14 13:52:56,100,visa,credit,jason.ong505@gmail.com,448836,Low,2278,Existing User,21,,Approved,No,Yes,desktop,Windows,gmail.com,0
3240179,2025-03-11 22:40:25,100,visa,debit,mike.goh891@outlook.com,418817,Low,1542,Existing User,24,,Approved,No,No,desktop,Windows,outlook.com,0
3024899,2025-01-11 20:20:55,50,visa,debit,mike.chan790@anonymous.com,493333,Medium,9280,Existing User,60,ANONYMOUS_EMAIL,Rejected,No,No,desktop,Windows,anonymous.com,0
3035004,2025-01-14 02:30:43,175,visa,credit,amy.chan360@anonymous.com,485641,Low,7297,Existing User,48,,Approved,No,No,desktop,Trident/7.0,anonymous.com,0
3078825,2025-01-23 00:11:39,150,mastercard,debit,amy.ng314@gmail.com,555947,Low,5364,Existing User,34,,Approved,Yes,Yes,mobile,iOS Device,gmail.com,1
3104063,2025-01-27 05:27:47,30,visa,debit,sarah.ng896@gmail.com,433366,Low,2785,Existing User,39,,Approved,No,No,mobile,iOS Device,gmail.com,0
3248226,2025-03-14 17:51:11,100,visa,credit,mike.teo366@yahoo.com,428993,Low,6446,Existing User,17,,Approved,No,No,desktop,rv:52.0,yahoo.com,0
3147071,2025-02-08 22:33:28,3.964,visa,debit,anna.teo585@hotmail.com,484540,Low,9080,Existing User,32,,Approved,No,No,mobile,SM-G570M Build/MMB29K,hotmail.com,0
3067200,2025-01-20 23:37:33,150,visa,debit,jason.lim942@anonymous.com,435384,Medium,2791,New User,66,ANONYMOUS_EMAIL,Rejected,No,No,desktop,MacOS,anonymous.com,0
3392326,2025-04-29 14:28:29,32.385,visa,debit,david.koh818@gmail.com,464815,Low,2511,Existing User,47,,Approved,No,No,mobile,0,gmail.com,0
3009007,2025-01-07 16:50:31,16.495,mastercard,debit,mike.chan990@hotmail.com,540410,Low,6509,Existing User,24,,Approved,No,No,desktop,Windows,hotmail.com,0
3005057,2025-01-06 16:15:24,3.164,visa,debit,lisa.chan205@gmail.com,454262,Low,6359,Existing User,33,,Approved,No,No,desktop,0,gmail.com,0
3207762,2025-03-01 23:48:05,99.21,visa,credit,david.goh993@hotmail.com,426368,Low,6101,Existing User,25,,Approved,No,No,desktop,Windows,hotmail.com,0
3260946,2025-03-18 22:03:05,175,mastercard,credit,john.chan377@yahoo.com,550562,Low,1067,Existing User,25,,Approved,Yes,No,desktop,Windows,yahoo.com,1
3046179,2025-01-16 18:27:37,51.421,visa,debit,alex.goh914@hotmail.com,403226,Low,8907,New User,37,,Approved,Yes,No,desktop,Windows,hotmail.com,1
3373136,2025-04-22 23:15:17,36.735,mastercard,debit,tom.lim181@gmail.com,517350,Low,4222,Existing User,38,,Approved,No,No,0,0,gmail.com,0
3343829,2025-04-13 03:00:45,69.362,visa,credit,david.koh5@hotmail.com,413890,Low,5605,Existing User,47,,Approved,No,No,mobile,0,,0
3520662,2025-06-12 18:09:22,82.629,visa,credit,david.tan33@hotmail.com,446394,Low,7121,Existing User,36,,Approved,No,No,desktop,0,hotmail.com,0
3428094,2025-05-10 16:46:15,20.596,mastercard,credit,david.lee969@gmail.com,524548,Low,9618,Existing User,31,,Approved,No,No,desktop,0,gmail.com,0
3402089,2025-05-02 04:00:35,7.734,visa,debit,amy.lim508@hotmail.com,486158,Low,2731,Existing User,35,,Approved,No,No,mobile,V502015,hotmail.com,0
3453550,2025-05-19 23:43:36,30,visa,credit,sarah.tan797@anonymous.com,409768,Medium,7437,New User,65,ANONYMOUS_EMAIL,Rejected,No,No,desktop,Windows,anonymous.com,0
3017346,2025-01-09 19:42:54,25,visa,debit,mike.chan80@gmail.com,457634,Medium,5466,New User,59,,Approved,No,No,mobile,SM-N950U Build/NMF26X,gmail.com,0
3145489,2025-02-08 06:01:39,50,mastercard,credit,alex.lee988@aol.com,558073,Low,9917,Existing User,26,,Approved,No,No,mobile,iOS Device,aol.com,0
3058836,2025-01-19 16:26:29,200,visa,credit,mike.teo513@anonymous.com,407052,Low,9299,Existing User,48,,Approved,No,No,desktop,Windows,anonymous.com,0
3009273,2025-01-07 17:58:42,75,mastercard,credit,sarah.tan931@windstream.net,519343,Low,2569,New User,44,,Approved,No,No,desktop,rv:57.0,windstream.net,0
3445735,2025-05-16 23:32:45,39.593,mastercard,credit,amy.lee937@gmail.com,531467,Low,1970,Existing User,24,,Approved,No,No,desktop,Windows,gmail.com,0
3058049,2025-01-19 13:54:33,100,mastercard,debit,lisa.wong564@anonymous.com,549334,Medium,9828,Existing User,59,,Approved,No,No,desktop,Trident/7.0,anonymous.com,0
3147810,2025-02-09 02:25:36,37.662,visa,credit,alex.koh60@hotmail.com,438677,Medium,2247,New User,64,NEW_USER_RULE,Rejected,No,No,mobile,0,hotmail.com,0
3111848,2025-01-29 16:32:18,150,visa,credit,tom.ng146@comcast.net,402358,Low,5550,Existing User,26,,Approved,No,No,desktop,Windows,comcast.net,0
3083855,2025-01-23 20:06:49,50,visa,credit,anna.wong398@gmail.com,426422,Low,9153,Existing User,21,,Approved,No,No,desktop,Windows,gmail.com,0
3314706,2025-04-04 04:32:37,25.316,visa,debit,sarah.chan511@yahoo.com.mx,477942,Medium,4400,New User,55,,Approved,No,No,desktop,0,yahoo.com.mx,0
3556380,2025-06-24 19:49:44,25,visa,credit,lisa.lim236@gmail.com,487156,Low,2400,New User,45,,Approved,No,No,desktop,MacOS,gmail.com,0
3085504,2025-01-23 23:42:40,200,american express,credit,jason.chan553@hotmail.com,372823,Low,9931,New User,43,,Approved,No,No,desktop,Windows,hotmail.com,0
3325694,2025-04-07 14:34:37,150,visa,debit,alex.teo169@gmail.com,493318,Low,3812,Existing User,41,,Approved,No,No,mobile,iOS Device,gmail.com,0
3043494,2025-01-16 01:36:50,500,visa,credit,amy.lim487@gmail.com,475061,Low,3398,Existing User,44,,Approved,Yes,No,mobile,iOS Device,gmail.com,1
3012071,2025-01-08 14:08:38,100,visa,credit,tom.ng548@me.com,485102,Low,8713,Existing User,26,,Approved,No,No,0,0,me.com,0
3080597,2025-01-23 13:12:22,150,visa,credit,sarah.ong992@yahoo.com,472658,Low,5690,Existing User,27,,Approved,No,No,mobile,iOS Device,yahoo.com,0
3011094,2025-01-08 01:13:44,25,mastercard,credit,mike.tan881@anonymous.com,521256,Low,5593,Existing User,47,,Approved,No,No,desktop,Windows,anonymous.com,0
2997989,2025-01-04 19:40:20,100,visa,debit,tom.chan196@gmail.com,409227,Low,4495,Existing User,32,,Approved,No,No,desktop,MacOS,gmail.com,0
3162756,2025-02-14 00:04:49,49.555,visa,credit,amy.tan633@hotmail.com,416775,Low,5792,Existing User,35,,Approved,No,No,mobile,F3213 Build/36.1.A.1.86,hotmail.com,0
3032413,2025-01-13 16:44:55,250,mastercard,credit,alex.koh993@anonymous.com,524562,Medium,7368,Existing User,63,,Approved,No,No,desktop,Trident/7.0,anonymous.com,0
3081692,2025-01-23 16:08:01,400,mastercard,debit,david.teo107@anonymous.com,527674,Medium,5642,Existing User,70,HIGH_AMOUNT,Rejected,No,No,mobile,iOS Device,anonymous.com,0
3557791,2025-06-25 11:55:29,40,visa,debit,sarah.lee302@yahoo.com,437249,Low,3114,Existing User,20,,Approved,No,No,desktop,Windows,,0
3034708,2025-01-14 01:10:46,50,visa,debit,mike.ng558@sbcglobal.net,433659,Medium,9449,New User,55,,Approved,No,No,mobile,iOS Device,sbcglobal.net,0
3014076,2025-01-08 21:49:04,40.361,mastercard,credit,anna.teo132@hotmail.com,521917,Low,6252,Existing User,17,,Approved,No,No,desktop,Trident/7.0,hotmail.com,0
3182082,2025-02-20 20:17:28,37.254,visa,debit,john.ong906@gmail.com,492430,Low,2978,New User,46,,Approved,Yes,No,desktop,0,gmail.com,1
3070739,2025-01-21 18:00:03,75,visa,debit,lisa.ng416@gmail.com,463634,Low,8184,New User,39,,Approved,No,No,desktop,Windows,gmail.com,0
3113130,2025-01-29 21:38:08,20,visa,credit,lisa.chan422@gmail.com,495179,Low,8538,New User,35,,Approved,No,No,desktop,Windows,,0
3199072,2025-02-26 22:19:23,400,visa,credit,john.lee359@anonymous.com,457599,Medium,1367,Existing User,51,,Approved,No,No,desktop,Trident/7.0,anonymous.com,0
3023706,2025-01-11 15:09:32,14.692,mastercard,debit,lisa.lee10@gmail.com,539044,Low,3555,Existing User,41,,Approved,No,No,desktop,0,gmail.com,0
3373344,2025-04-23 00:11:55,300,visa,credit,alex.teo619@gmail.com,467745,Low,1181,Existing User,41,,Approved,No,No,mobile,iOS Device,gmail.com,0
3081674,2025-01-23 16:05:43,150,mastercard,debit,mike.ng572@gmail.com,524124,Low,9162,Existing User,30,,Approved,Yes,No,mobile,iOS Device,gmail.com,1
3330649,2025-04-08 23:47:05,27.068,visa,credit,alex.lee791@anonymous.com,465439,Medium,5701,New User,65,ANONYMOUS_EMAIL,Rejected,No,No,desktop,Trident/7.0,anonymous.com,0
3290612,2025-03-28 22:33:32,9.667,mastercard,debit,sarah.ng641@hotmail.com,551818,Low,7495,New User,46,,Approved,No,No,desktop,Windows,hotmail.com,0
3179947,2025-02-20 01:17:41,50,visa,debit,tom.chan707@gmail.com,400361,Low,4601,Existing User,34,,Approved,No,No,desktop,Windows,gmail.com,0
3305897,2025-04-02 19:49:15,100,american express,credit,jason.wong131@anonymous.com,376806,Low,3381,Existing User,48,,Approved,No,No,desktop,MacOS,anonymous.com,0
3362505,2025-04-19 15:49:54,40.602,visa,credit,lisa.chan244@hotmail.com,444028,Low,7300,New User,42,,Approved,No,No,mobile,SM-J500M Build/LMY48B,hotmail.com,0
3257568,2025-03-17 22:24:04,7.613,mastercard,credit,jason.lim318@anonymous.com,541273,Medium,1656,Existing User,51,,Approved,No,No,desktop,0,anonymous.com,0
3385075,2025-04-27 00:32:11,24.591,visa,debit,john.lee314@gmail.com,445242,Low,3810,Existing User,32,,Approved,Yes,No,mobile,SM-A500M Build/KTU84P,gmail.com,1
3128415,2025-02-03 17:25:17,68.211,mastercard,debit,david.teo439@hotmail.com,542388,Low,2062,Existing User,26,,Approved,No,No,desktop,rv:11.0,hotmail.com,0
3096054,2025-01-25 20:37:52,30,visa,credit,david.tan445@yahoo.com,400316,Low,2156,New User,41,,Approved,No,No,mobile,iOS Device,yahoo.com,0
3296489,2025-03-31 00:28:43,80,visa,credit,john.lee65@protonmail.com,472615,Low,3792,Existing User,27,,Approved,Yes,No,desktop,MacOS,protonmail.com,1
3563339,2025-06-27 06:01:22,17.522,visa,debit,jason.ong589@gmail.com,460038,Medium,9311,New User,52,,Approved,Yes,No,mobile,Ilium X510 Build/MRA58K,gmail.com,1
3349334,2025-04-14 23:17:21,15.105,mastercard,debit,sarah.teo577@gmail.com,538218,Low,3316,Existing User,35,,Approved,No,No,desktop,0,gmail.com,0
2989780,2025-01-02 17:30:55,50,visa,credit,jason.chan672@yahoo.com,471478,Low,2551,Existing User,39,,Approved,No,No,mobile,iOS Device,yahoo.com,0
3490572,2025-06-02 17:32:30,300,mastercard,credit,jason.ng483@yahoo.com,540288,Low,9991,Existing User,32,,Approved,No,No,desktop,MacOS,yahoo.com,0
3364660,2025-04-20 06:39:12,165.792,mastercard,credit,mike.wong305@gmail.com,541190,Low,5242,Existing User,21,,Approved,Yes,No,desktop,Moto G (5) Plus Build/NPNS25.137-92-4,gmail.com,1
3036664,2025-01-14 17:19:27,40.693,mastercard,debit,david.lim196@hotmail.com,521362,Low,9839,Existing User,29,,Approved,Yes,No,desktop,Windows,hotmail.com,1
3271912,2025-03-22 21:04:01,150,visa,credit,lisa.tan585@gmail.com,487981,Low,9570,New User,33,,Approved,No,No,desktop,rv:57.0,gmail.com,0
3351350,2025-04-15 18:17:29,150,mastercard,credit,tom.tan163@anonymous.com,557197,Medium,3586,New User,55,,Approved,No,No,desktop,Windows,anonymous.com,0
3100741,2025-01-26 16:07:40,75,mastercard,credit,john.lee12@yahoo.com,525876,Low,8338,New User,43,,Approved,No,No,mobile,iOS Device,yahoo.com,0
3036926,2025-01-14 18:07:52,100,visa,credit,david.lee130@gmail.com,425102,Low,9686,Existing User,16,,Approved,No,No,desktop,Windows,gmail.com,0
3062817,2025-01-20 03:00:18,15.688,mastercard,debit,alex.teo724@gmail.com,525146,Low,6035,Existing User,33,,Approved,No,No,desktop,Windows,gmail.com,0
3010584,2025-01-07 23:04:09,5.943,visa,credit,mike.tan347@gmail.com,442160,Low,7138,Existing User,24,,Approved,No,No,desktop,rv:41.0,gmail.com,0
3229530,2025-03-08 16:17:40,25,visa,debit,john.ong906@gmail.com,497343,Low,9876,Existing User,41,,Approved,No,No,mobile,iOS Device,gmail.com,0
3262092,2025-03-19 04:59:57,134.133,visa,credit,mike.tan281@yahoo.com.mx,429689,Low,2602,Existing User,21,,Approved,No,No,desktop,Windows,yahoo.com.mx,0
3029343,2025-01-12 21:04:10,400,mastercard,credit,sarah.koh274@anonymous.com,540126,Medium,6804,Existing User,65,,Approved,No,No,desktop,Windows,anonymous.com,0
3443920,2025-05-16 04:42:00,11.066,visa,debit,david.koh30@live.com.mx,451139,Low,8906,Existing User,39,,Approved,No,No,mobile,LG-P714,live.com.mx,0
3063562,2025-01-20 12:02:12,50,visa,credit,alex.tan129@yahoo.com,488966,Low,3948,Existing User,26,,Approved,No,No,0,0,,0
3051335,2025-01-17 20:11:53,100,mastercard,credit,david.tan571@yahoo.com,536486,Low,3435,Existing User,20,,Approved,No,No,desktop,rv:57.0,yahoo.com,0
3261122,2025-03-18 23:01:21,100,visa,credit,sarah.koh672@hotmail.com,446739,Low,7555,Existing User,15,,Approved,No,No,desktop,MacOS,hotmail.com,0
3028063,2025-01-12 17:04:05,50,visa,debit,mike.wong354@gmail.com,428258,Low,1946,Existing User,33,,Approved,No,No,desktop,Windows,gmail.com,0
3045997,2025-01-16 17:52:24,75,visa,credit,tom.lim704@aol.com,440564,Low,3443,Existing User,23,,Approved,No,No,desktop,Windows,aol.com,0
3011238,2025-01-08 01:48:39,200,visa,credit,tom.ng737@att.net,401346,Low,1727,New User,46,,Approved,No,No,mobile,iOS Device,att.net,0
3082818,2025-01-23 18:10:14,39.936,visa,debit,lisa.teo733@gmail.com,476938,Low,4062,New User,46,,Approved,No,No,desktop,0,gmail.com,0
3081409,2025-01-23 15:30:39,15,mastercard,credit,anna.chan780@hotmail.com,548914,Low,8556,Existing User,26,,Approved,No,No,desktop,Windows,hotmail.com,0
3525963,2025-06-14 14:17:29,106,mastercard,credit,lisa.wong630@outlook.com,550281,Low,3683,New User,33,,Approved,No,Yes,desktop,Windows,,0
3247419,2025-03-14 05:07:32,50,mastercard,credit,sarah.ng690@gmail.com,519276,Low,8115,New User,30,,Approved,No,No,desktop,Trident/7.0,gmail.com,0
3086906,2025-01-24 04:40:22,30.549,visa,debit,sarah.tan193@hotmail.com,413639,Low,6583,Existing User,40,,Approved,No,No,mobile,Moto X Play Build/NPD26.48-24-1,hotmail.com,0
3428028,2025-05-10 16:22:12,27.236,visa,credit,jason.lee891@web.de,497812,Low,9106,Existing User,30,,Approved,No,No,mobile,SM-G930F Build/NRD90M,web.de,0
3006174,2025-01-06 20:34:33,150,visa,credit,sarah.wong124@anonymous.com,480735,Medium,3390,Existing User,58,,Approved,No,No,mobile,iOS Device,anonymous.com,0
3022499,2025-01-10 23:59:41,300,visa,credit,david.teo313@gmail.com,419445,Low,4098,Existing User,37,,Approved,No,Yes,desktop,Windows,gmail.com,0
3099879,2025-01-26 13:29:35,25,mastercard,debit,alex.koh1@anonymous.com,542975,Medium,9953,Existing User,57,,Approved,No,No,mobile,iOS Device,anonymous.com,0
3082966,2025-01-23 18:25:41,450,american express,credit,david.lim718@anonymous.com,370118,Medium,7674,Existing User,59,,Approved,No,No,desktop,Trident/7.0,anonymous.com,0
3051176,2025-01-17 19:48:13,50,mastercard,credit,tom.chan770@msn.com,549469,Low,5461,New User,45,,Approved,No,No,desktop,Windows,msn.com,0
3534280,2025-06-17 02:30:41,40.761,visa,credit,tom.chan811@gmail.com,468433,Low,9904,Existing User,35,,Approved,No,No,mobile,Moto G (5) Build/NPPS25.137-93-8,gmail.com,0
3045585,2025-01-16 16:45:24,170.236,visa,credit,john.lee730@web.de,402166,Medium,8880,New User,54,,Approved,No,No,0,0,web.de,0
3319185,2025-04-05 17:07:56,23.443,mastercard,debit,jason.koh6@hotmail.com,549391,Low,2305,New User,45,,Approved,No,No,desktop,Windows,hotmail.com,0
3066307,2025-01-20 21:14:38,500,american express,credit,david.teo286@hotmail.com,378372,Low,8072,Existing User,32,,Approved,No,Yes,desktop,Trident/7.0,hotmail.com,0
3275009,2025-03-23 22:37:39,250,mastercard,credit,john.wong341@anonymous.com,527981,Medium,9673,Existing User,68,ANONYMOUS_EMAIL,Rejected,No,No,desktop,MacOS,anonymous.com,0
3178120,2025-02-19 16:50:22,33.61,visa,credit,amy.goh168@yahoo.com.mx,484451,Low,7814,Existing User,20,,Approved,No,No,desktop,Windows,yahoo.com.mx,0
3058334,2025-01-19 15:00:00,100,visa,debit,alex.chan122@aol.com,480997,Low,1364,New User,43,,Approved,No,No,desktop,Windows,aol.com,0
3057592,2025-01-19 05:46:58,100,visa,debit,mike.teo143@gmail.com,492825,Medium,6902,New User,58,,Approved,No,No,mobile,SAMSUNG-SM-G930A Build/NRD90M,gmail.com,0
3529960,2025-06-15 19:00:24,50,discover,credit,amy.ong112@yahoo.com,612799,Low,3971,Existing User,39,,Approved,Yes,No,desktop,0,,1
3100106,2025-01-26 14:18:37,50,visa,credit,alex.tan761@msn.com,495660,Low,9165,Existing User,28,,Approved,No,No,mobile,iOS Device,msn.com,0
3348265,2025-04-14 18:14:11,42.657,mastercard,debit,david.teo275@hotmail.com,518851,Low,1545,New User,44,,Approved,No,No,desktop,Windows,hotmail.com,0
3549824,2025-06-22 16:08:44,67.444,visa,credit,mike.wong399@yahoo.com,456454,Low,6731,New User,36,,Approved,No,No,desktop,Trident/7.0,yahoo.com,0
3080885,2025-01-23 14:13:32,50,american express,credit,mike.ong113@yahoo.com,373146,Low,2908,New User,33,,Approved,No,No,desktop,Windows,yahoo.com,0
3052274,2025-01-17 23:28:02,150,american express,credit,sarah.goh547@anonymous.com,376345,Low,4962,Existing User,42,,Approved,No,No,desktop,Windows,anonymous.com,0
3391532,2025-04-29 02:16:35,180.837,mastercard,debit,sarah.goh210@hotmail.com,536139,Low,3146,Existing User,48,,Approved,No,No,mobile,0,hotmail.com,0
3116315,2025-01-30 18:38:46,200,visa,debit,lisa.teo88@anonymous.com,492718,Medium,6669,Existing User,67,,Approved,No,No,mobile,iOS Device,anonymous.com,0
3566479,2025-06-28 18:47:30,32.232,mastercard,debit,tom.ng278@gmail.com,526717,Low,7474,New User,42,,Approved,No,No,mobile,gxq6580_weg_l Build/LMY47I,gmail.com,0
3090293,2025-01-24 21:01:36,150,discover,credit,lisa.teo107@verizon.net,629724,Low,1885,Existing User,26,,Approved,No,No,desktop,Trident/7.0,verizon.net,0
3453331,2025-05-19 22:30:44,100,mastercard,credit,amy.ong625@yahoo.com,514417,Low,6942,Existing User,18,,Approved,No,No,desktop,Windows,yahoo.com,0
3355844,2025-04-17 01:07:15,68.845,mastercard,debit,david.koh741@anonymous.com,523251,Medium,8830,Existing User,67,,Approved,No,No,desktop,0,anonymous.com,0
3411135,2025-05-05 03:38:10,32.215,visa,debit,sarah.teo251@gmail.com,400468,Low,2114,New User,38,,Approved,No,No,desktop,Moto E (4) Plus Build/NMA26.42-69,gmail.com,0
3070702,2025-01-21 17:55:22,15.683,mastercard,debit,anna.goh643@hotmail.com,545115,Low,8426,New User,45,,Approved,No,No,mobile,LG-D693n Build/LRX22G,hotmail.com,0
3093993,2025-01-25 16:10:21,150,american express,credit,lisa.chan174@anonymous.com,376353,Medium,7419,New User,55,,Approved,No,No,desktop,MacOS,anonymous.com,0
3507406,2025-06-08 01:17:16,50,visa,debit,david.koh109@gmail.com,405197,Low,3148,Existing User,30,,Approved,No,No,mobile,iOS Device,gmail.com,0
3337554,2025-04-10 23:32:35,8.882,mastercard,credit,alex.ng958@yahoo.com,554977,Low,5228,Existing User,22,,Approved,No,No,desktop,Windows,,0
3068859,2025-01-21 07:19:04,200,visa,credit,david.ng677@me.com,497892,Low,5668,New User,47,,Approved,No,No,mobile,iOS Device,me.com,0
3400168,2025-05-01 18:43:06,63.32,visa,debit,tom.ng151@gmail.com,451718,Low,7163,Existing User,34,,Approved,No,No,desktop,0,gmail.com,0
3129615,2025-02-03 21:55:11,34.747,visa,debit,jason.goh771@hotmail.com,451946,Low,3803,Existing User,31,,Approved,No,No,mobile,SM-J500M Build/LMY48B,hotmail.com,0
3065435,2025-01-20 18:54:00,50,american express,credit,amy.ng867@anonymous.com,370598,Low,6697,Existing User,44,,Approved,No,No,desktop,Windows,anonymous.com,0
3254001,2025-03-16 20:12:40,35.104,visa,debit,alex.teo657@outlook.es,458200,Low,3242,Existing User,35,,Approved,No,No,mobile,LG-H320 Build/LRX21Y,outlook.es,0
3042441,2025-01-15 21:55:37,250,mastercard,credit,john.tan441@anonymous.com,520855,Medium,5868,Existing User,60,,Approved,No,No,mobile,SM-G935V Build/NRD90M,anonymous.com,0
3287778,2025-03-27 22:42:30,43.261,visa,credit,sarah.teo834@outlook.es,449863,Low,8052,Existing User,29,,Approved,No,No,desktop,0,outlook.es,0
3306442,2025-04-02 21:58:44,50,visa,debit,david.tan382@aol.com,455907,Low,2633,Existing User,44,,Approved,No,No,mobile,iOS Device,aol.com,0
3091359,2025-01-24 23:42:11,150,mastercard,credit,tom.goh780@frontiernet.net,545085,Low,5510,Existing User,18,,Approved,No,No,desktop,Windows,frontiernet.net,0
3188596,2025-02-23 02:42:19,59.466,mastercard,credit,david.lee623@gmail.com,552840,Low,8646,New User,30,,Approved,No,No,desktop,Windows,gmail.com,0
3020923,2025-01-10 18:39:53,16.324,mastercard,credit,anna.ong600@gmail.com,512083,Low,4960,Existing User,25,,Approved,Yes,No,desktop,Windows,gmail.com,1
3318401,2025-04-05 04:18:24,50,visa,credit,mike.chan138@gmail.com,410016,Low,9385,Existing User,34,,Approved,No,No,mobile,iOS Device,gmail.com,0
3217751,2025-03-05 06:14:53,200,mastercard,debit,jason.koh927@gmail.com,544316,Medium,6610,Existing User,52,,Approved,Yes,No,mobile,0,,1
3097466,2025-01-25 23:46:20,75,visa,debit,sarah.chan752@gmail.com,495792,Low,5765,Existing User,35,,Approved,No,No,mobile,iOS Device,gmail.com,0
3453291,2025-05-19 22:15:10,150,visa,credit,lisa.lim405@anonymous.com,450755,Low,4618,Existing User,48,,Approved,No,No,desktop,Windows,anonymous.com,0
3192812,2025-02-24 18:54:51,25,discover,credit,mike.lee56@gmail.com,625744,Low,2208,Existing User,18,,Approved,No,No,desktop,Windows,gmail.com,0
3357129,2025-04-17 16:34:53,25,visa,credit,sarah.ng985@gmail.com,484651,Low,2571,New User,40,,Approved,No,No,desktop,Trident/7.0,gmail.com,0
3049843,2025-01-17 15:34:34,150,visa,debit,sarah.goh829@gmail.com,453500,Low,7039,New User,46,,Approved,No,No,desktop,MacOS,gmail.com,0
3390822,2025-04-28 22:32:10,100,american express,credit,john.lee737@verizon.net,374934,Low,2189,Existing User,36,,Approved,No,No,mobile,iOS Device,verizon.net,0
3260864,2025-03-18 21:46:48,250,mastercard,debit,amy.goh101@gmail.com,516494,Low,5407,Existing User,49,,Approved,Yes,No,mobile,VS425PP Build/LMY47V,gmail.com,1
3370937,2025-04-22 11:56:37,50,mastercard,credit,sarah.koh522@gmail.com,540612,Low,3607,Existing User,37,,Approved,No,No,mobile,iOS Device,gmail.com,0
3496376,2025-06-04 12:45:01,100,american express,credit,tom.chan286@yahoo.com,379352,Low,5237,New User,45,,Approved,No,No,desktop,MacOS,yahoo.com,0
3034288,2025-01-13 23:29:16,100,mastercard,debit,alex.tan453@yahoo.com,538336,Medium,1905,New User,50,,Approved,No,No,desktop,Windows,yahoo.com,0
3090069,2025-01-24 20:33:19,50,visa,debit,jason.chan72@yahoo.com,458974,Low,2841,Existing User,31,,Approved,No,No,mobile,iOS Device,yahoo.com,0
3460823,2025-05-22 18:18:49,500,visa,debit,jason.lee27@yahoo.com,420136,Low,9293,Existing User,43,,Approved,Yes,No,mobile,SAMSUNG SM-G935A Build/NRD90M,yahoo.com,1
3546551,2025-06-21 15:30:53,106,mastercard,credit,alex.goh601@outlook.com,530247,Low,9110,New User,45,,Approved,No,No,desktop,Windows,,0
3070961,2025-01-21 18:28:36,25,mastercard,debit,tom.teo226@gmail.com,516921,Low,9171,Existing User,24,,Approved,No,No,desktop,Windows,gmail.com,0
3565337,2025-06-28 01:04:28,25.207,visa,debit,john.teo537@gmail.com,422056,Medium,1738,New User,63,NEW_USER_RULE,Rejected,No,No,mobile,0,gmail.com,0
3104129,2025-01-27 06:44:38,44.949,mastercard,credit,anna.ong335@hotmail.com,559803,Low,7612,New User,38,,Approved,No,No,mobile,SAMSUNG SM-G935F Build/NRD90M,hotmail.com,0
3262244,2025-03-19 11:37:07,21.147,visa,debit,lisa.wong260@gmail.com,422467,Low,3537,Existing User,25,,Approved,No,No,desktop,Windows,gmail.com,0
3160303,2025-02-13 14:51:23,75,visa,debit,amy.ong116@anonymous.com,494389,Medium,7954,Existing User,50,,Approved,No,No,desktop,rv:11.0,anonymous.com,0
3079626,2025-01-23 02:48:06,600,american express,credit,anna.koh314@gmail.com,375186,Low,2554,Existing User,47,,Approved,No,No,desktop,MacOS,gmail.com,0
3118250,2025-01-31 01:06:26,100,visa,debit,tom.lim951@yahoo.com,495406,Low,5741,Existing User,36,,Approved,No,No,mobile,iOS Device,yahoo.com,0
3513481,2025-06-10 02:27:38,14.448,,,sarah.ng839@hotmail.com,624643,Low,9504,Existing User,32,,Approved,No,No,desktop,0,hotmail.com,0
3460584,2025-05-22 17:05:05,100,visa,debit,mike.teo245@hotmail.com,489891,Low,6805,Existing User,27,,Approved,No,No,desktop,rv:11.0,hotmail.com,0
3487792,2025-06-01 21:54:40,11.62,mastercard,debit,alex.lim211@gmail.com,537741,Low,2998,Existing User,20,,Approved,No,No,desktop,Windows,gmail.com,0
3370563,2025-04-22 02:42:55,30,visa,credit,anna.wong292@hotmail.com,495303,Low,8132,New User,39,,Approved,No,Yes,desktop,Windows,hotmail.com,0
3513385,2025-06-10 01:46:08,150,american express,credit,jason.chan206@aol.com,373760,Medium,4573,New User,52,,Approved,No,No,mobile,iOS Device,aol.com,0
3463724,2025-05-23 19:51:44,24.346,visa,credit,amy.lim370@gmail.com,453542,Low,7005,Existing User,18,,Approved,Yes,No,desktop,Windows,gmail.com,1
3204761,2025-02-28 20:36:03,50,visa,credit,sarah.ong213@gmail.com,490010,Low,6781,Existing User,28,,Approved,No,No,desktop,Windows,gmail.com,0
3091698,2025-01-25 00:34:20,40,mastercard,debit,sarah.chan608@yahoo.com,511886,Low,3508,Existing User,33,,Approved,No,No,mobile,iOS Device,yahoo.com,0
3421926,2025-05-08 08:03:27,8.607,visa,credit,alex.tan71@gmail.com,486121,Low,2406,New User,45,,Approved,No,No,mobile,SM-J730GM Build/NRD90M,gmail.com,0
3008635,2025-01-07 15:16:22,500,mastercard,credit,david.ng728@me.com,520721,Low,8390,Existing User,39,,Approved,No,No,mobile,iOS Device,me.com,0
3076376,2025-01-22 17:58:58,150,visa,credit,tom.lee455@verizon.net,476791,Low,2720,Existing User,19,,Approved,No,No,desktop,Windows,verizon.net,0
3083326,2025-01-23 19:05:15,39.178,visa,credit,anna.chan31@live.com.mx,479769,Low,7318,Existing User,28,,Approved,No,No,desktop,Windows,live.com.mx,0
3359370,2025-04-18 02:56:11,88.092,visa,credit,john.lee891@live.com,482965,Low,8954,New User,44,,Approved,No,No,desktop,ALE-L23 Build/HuaweiALE-L23,live.com,0
3351830,2025-04-15 20:41:36,70.443,visa,debit,jason.lim453@hotmail.com,490474,Low,4142,Existing User,36,,Approved,No,No,desktop,0,hotmail.com,0
3031476,2025-01-13 07:28:34,42.792,visa,credit,alex.teo424@anonymous.com,436955,Medium,1898,New User,61,,Approved,No,No,desktop,Windows,anonymous.com,0
3071526,2025-01-21 19:51:19,125,visa,debit,john.lim379@gmail.com,473179,Low,6417,Existing User,33,,Approved,No,Yes,desktop,Windows,gmail.com,0
3257658,2025-03-17 22:50:39,150,mastercard,credit,anna.goh736@gmail.com,548286,Low,7352,Existing User,38,,Approved,No,No,mobile,iOS Device,gmail.com,0
3252346,2025-03-16 04:10:32,19.818,mastercard,debit,mike.ong785@gmail.com,526581,Low,7313,New User,43,,Approved,Yes,No,mobile,F5121 Build/34.3.A.0.252,gmail.com,1
3058959,2025-01-19 16:43:24,100,visa,credit,sarah.wong114@anonymous.com,490454,Medium,7318,Existing User,53,,Approved,No,No,desktop,Windows,anonymous.com,0
3109719,2025-01-28 21:16:02,50,visa,credit,alex.ng310@gmail.com,406903,Low,4966,Existing User,26,,Approved,No,No,desktop,rv:11.0,gmail.com,0
3070533,2025-01-21 17:32:16,100,visa,debit,lisa.goh532@anonymous.com,415368,Medium,1099,Existing User,69,ANONYMOUS_EMAIL,Rejected,No,No,mobile,SM-G955U Build/NRD90M,anonymous.com,0
3101249,2025-01-26 17:24:25,50,visa,debit,jason.koh299@yahoo.com,482350,Low,1924,Existing User,34,,Approved,No,No,mobile,iOS Device,yahoo.com,0
3138851,2025-02-06 04:16:28,56.901,mastercard,debit,jason.teo136@gmail.com,542120,Medium,9926,New User,55,,Approved,No,No,desktop,0,gmail.com,0
3308250,2025-04-03 13:48:42,200,visa,credit,david.chan615@anonymous.com,454117,Medium,2055,Existing User,55,,Approved,No,No,desktop,Trident/7.0,anonymous.com,0
3499367,2025-06-05 02:12:22,62.464,mastercard,credit,lisa.teo82@hotmail.co.uk,513558,Low,1162,Existing User,48,,Approved,No,No,mobile,0,hotmail.co.uk,0
3554547,2025-06-24 01:41:31,30,mastercard,debit,amy.ng437@yahoo.com,530538,Medium,6082,New User,50,,Approved,No,No,0,0,,0
3159350,2025-02-13 01:09:10,45.241,mastercard,debit,sarah.ng476@hotmail.com,557123,Low,6709,Existing User,30,,Approved,No,No,desktop,Windows,hotmail.com,0
3276863,2025-03-24 17:11:13,23.503,visa,credit,david.wong863@hotmail.com,412833,Low,6119,Existing User,28,,Approved,No,No,desktop,0,hotmail.com,0
3531866,2025-06-16 13:07:39,55,mastercard,credit,jason.koh211@hotmail.com,554371,Low,5007,Existing User,18,,Approved,No,No,desktop,Windows,,0
3017538,2025-01-09 20:26:00,10,mastercard,credit,alex.lee149@yahoo.com,527079,Low,6742,New User,36,,Approved,No,Yes,desktop,Trident/7.0,,0
3168282,2025-02-16 03:06:26,20.23,mastercard,credit,alex.goh302@gmail.com,530993,Low,7302,Existing User,26,,Approved,Yes,No,desktop,0,gmail.com,1
3088030,2025-01-24 15:48:34,150,visa,debit,amy.ng188@yahoo.com,403955,Low,2103,Existing User,34,,Approved,Yes,No,desktop,Trident/7.0,yahoo.com,0
3073008,2025-01-21 23:49:17,75,visa,credit,sarah.lim908@yahoo.com,469654,Low,2801,New User,30,,Approved,No,No,desktop,Trident/7.0,yahoo.com,0
3055000,2025-01-18 19:56:42,200,visa,debit,amy.ong7@aol.com,406463,Medium,5614,New User,54,,Approved,No,No,mobile,iOS Device,aol.com,0
3235613,2025-03-10 15:38:30,23.201,mastercard,credit,alex.ng146@gmail.com,518869,Low,5700,New User,45,,Approved,No,No,mobile,SM-G935F Build/NRD90M,gmail.com,0
3428535,2025-05-10 19:22:15,44.696,visa,credit,alex.wong643@hotmail.com,449718,Low,7071,Existing User,29,,Approved,No,No,desktop,0,hotmail.com,0
3160772,2025-02-13 16:46:49,250,american express,credit,alex.ng573@yahoo.com,371782,Medium,8046,New User,53,,Approved,No,No,desktop,MacOS,yahoo.com,0
3088991,2025-01-24 18:07:59,200,visa,debit,anna.teo928@gmail.com,462840,Low,7161,Existing User,23,,Approved,No,No,desktop,MacOS,gmail.com,0
3348983,2025-04-14 21:39:41,200,discover,credit,jason.teo60@gmail.com,624985,Low,3565,Existing User,22,,Approved,No,No,desktop,Windows,gmail.com,0
3070826,2025-01-21 18:11:56,125,visa,debit,sarah.koh165@yahoo.com,418561,Low,1540,Existing User,27,,Approved,No,No,desktop,Windows,yahoo.com,0
3379289,2025-04-24 21:58:08,300,american express,credit,david.koh17@anonymous.com,372812,High,1639,New User,76,HIGH_RISK_SCORE,Rejected,No,No,desktop,rv:59.0,anonymous.com,0
3104107,2025-01-27 06:12:03,48.156,visa,credit,lisa.teo554@gmail.com,469629,Low,2914,Existing User,46,,Approved,No,No,mobile,0,gmail.com,0
3081327,2025-01-23 15:20:08,100,visa,debit,david.koh243@cox.net,487394,Low,7195,Existing User,24,,Approved,No,No,desktop,Trident/7.0,cox.net,0
3190756,2025-02-23 22:23:02,100,american express,credit,lisa.ng627@gmail.com,370869,Low,8825,Existing User,38,,Approved,No,No,mobile,iOS Device,gmail.com,0
3080085,2025-01-23 05:10:44,151.114,mastercard,credit,sarah.lim861@hotmail.com,534912,Medium,6153,New User,51,,Approved,No,No,desktop,0,hotmail.com,0
3088878,2025-01-24 17:52:30,100,mastercard,credit,alex.teo318@msn.com,557828,Low,4496,Existing User,25,,Approved,No,No,desktop,Windows,msn.com,0
3096229,2025-01-25 20:59:57,150,visa,credit,sarah.chan152@yahoo.com,489974,Medium,7685,New User,50,,Approved,No,No,mobile,iOS Device,yahoo.com,0
3064004,2025-01-20 14:47:50,25,visa,credit,anna.lee370@gmail.com,436748,Low,4165,Existing User,34,,Approved,No,No,0,0,gmail.com,0
3092159,2025-01-25 01:58:37,45.474,mastercard,credit,mike.lee312@anonymous.com,554364,Medium,3462,Existing User,54,,Approved,No,No,desktop,Windows,anonymous.com,0
3566719,2025-06-28 20:23:47,8.932,visa,debit,jason.teo507@gmail.com,484814,Low,7802,Existing User,32,,Approved,No,No,mobile,PRA-LX3 Build/HUAWEIPRA-LX3,gmail.com,0
3112818,2025-01-29 20:27:39,104.94,visa,credit,jason.goh172@anonymous.com,468416,Medium,1232,New User,57,,Approved,No,Yes,desktop,Windows,anonymous.com,0
3141203,2025-02-06 21:46:28,25,visa,credit,tom.wong58@yahoo.com,476069,Low,9699,Existing User,31,,Approved,No,No,mobile,iOS Device,yahoo.com,0
3025258,2025-01-11 21:33:48,250,visa,credit,tom.tan971@roadrunner.com,442868,Low,5219,Existing User,33,,Approved,No,No,desktop,Windows,roadrunner.com,0
3392492,2025-04-29 15:20:48,75,visa,debit,lisa.wong592@yahoo.com,415244,Low,4667,Existing User,22,,Approved,No,No,desktop,Windows,yahoo.com,0
3533864,2025-06-16 23:54:32,225,visa,debit,jason.lee354@gmail.com,402866,Medium,7786,New User,57,,Approved,No,No,desktop,MacOS,gmail.com,0
3461171,2025-05-22 20:01:45,250,visa,credit,jason.koh118@gmail.com,403905,Low,2834,Existing User,49,,Approved,No,No,mobile,iOS Device,gmail.com,0
3245811,2025-03-13 20:22:43,37.219,visa,credit,jason.tan370@gmail.com,477410,Low,6415,New User,43,,Approved,Yes,No,desktop,0,gmail.com,1
3436989,2025-05-13 19:50:06,108.451,mastercard,credit,sarah.teo317@hotmail.com,516277,Low,9540,Existing User,29,,Approved,No,No,desktop,SAMSUNG SM-J700M Build/LMY48B,hotmail.com,0
3379230,2025-04-24 21:40:06,61.085,visa,credit,lisa.koh410@yahoo.es,497787,Low,3585,Existing User,37,,Approved,No,No,desktop,0,yahoo.es,0
3536340,2025-06-17 20:58:53,34.183,visa,debit,sarah.teo339@gmail.com,478363,Low,4757,Existing User,29,,Approved,No,No,mobile,XT1563 Build/MPD24.65-25,gmail.com,0
3355546,2025-04-16 23:33:44,61.871,mastercard,debit,tom.teo202@hotmail.com,556142,Low,9900,New User,37,,Approved,No,No,desktop,Windows,hotmail.com,0
3195002,2025-02-25 15:01:51,20,visa,debit,sarah.lim830@yahoo.com,470100,Low,7410,Existing User,32,,Approved,No,No,desktop,rv:11.0,,0
3130521,2025-02-04 01:48:12,150,visa,credit,jason.ng845@gmail.com,406358,Medium,9547,New User,53,,Approved,No,No,mobile,iOS Device,gmail.com,0
3462604,2025-05-23 05:43:30,40,mastercard,credit,anna.tan708@gmail.com,545645,Low,8645,New User,47,,Approved,No,No,mobile,iOS Device,gmail.com,0
3356686,2025-04-17 14:10:32,10.271,mastercard,credit,alex.koh474@gmail.com,545288,Low,2573,Existing User,15,,Approved,No,No,desktop,Windows,gmail.com,0
3117982,2025-01-31 00:03:21,100,visa,debit,sarah.tan718@aol.com,449593,Low,2637,Existing User,32,,Approved,No,No,desktop,MacOS,aol.com,0
3540422,2025-06-19 04:18:55,40.208,visa,debit,anna.ong403@yahoo.com.mx,486910,Low,6644,Existing User,30,,Approved,No,No,desktop,Windows,yahoo.com.mx,0
3292968,2025-03-29 22:20:03,23.201,mastercard,debit,amy.koh298@gmail.com,528948,Low,3219,Existing User,21,,Approved,No,No,desktop,Windows,gmail.com,0
3119664,2025-01-31 17:06:45,23.087,visa,debit,anna.koh511@anonymous.com,467740,Low,2714,Existing User,48,,Approved,No,No,desktop,Windows,anonymous.com,0
3303339,2025-04-02 01:56:36,11.299,visa,debit,mike.ng881@hotmail.com,480319,Low,8054,Existing User,30,,Approved,No,No,mobile,TRT-L53 Build/HUAWEITRT-L53,hotmail.com,0
3043184,2025-01-16 00:23:55,75,visa,debit,david.wong939@anonymous.com,438628,Medium,5386,New User,71,ANONYMOUS_EMAIL,Rejected,No,No,desktop,MacOS,anonymous.com,0
3518226,2025-06-11 20:56:40,100,visa,debit,amy.koh253@anonymous.com,429505,Medium,7402,New User,73,,Approved,No,No,desktop,Windows,anonymous.com,0
3527259,2025-06-14 20:29:21,24.961,visa,credit,alex.ong414@hotmail.com,463261,Medium,1144,New User,64,,Approved,Yes,No,mobile,0,hotmail.com,1
3359001,2025-04-18 00:34:00,24.914,visa,credit,john.teo723@hotmail.com,411742,Medium,3185,New User,52,,Approved,No,No,mobile,0,hotmail.com,0
3181994,2025-02-20 19:50:45,200,visa,debit,david.tan470@gmail.com,440464,Low,8036,New User,44,,Approved,No,No,desktop,Windows,gmail.com,0
3303692,2025-04-02 03:56:45,300,american express,credit,david.goh400@gmail.com,373477,Low,3443,Existing User,40,,Approved,No,No,mobile,iOS Device,gmail.com,0
3530538,2025-06-15 21:48:47,63.324,visa,debit,lisa.ong12@anonymous.com,425321,Medium,2544,Existing User,53,,Approved,No,No,desktop,Trident/7.0,anonymous.com,0
3004052,2025-01-06 03:56:55,50,mastercard,debit,mike.wong491@yahoo.com,559817,Low,9900,Existing User,34,,Approved,No,No,mobile,iOS Device,yahoo.com,0
3327057,2025-04-07 21:27:05,100,mastercard,debit,amy.teo153@yahoo.com,522149,Medium,2343,New User,53,,Approved,No,No,mobile,iOS Device,yahoo.com,0
3548467,2025-06-22 00:39:08,106,mastercard,credit,lisa.koh716@hotmail.com,533229,Low,1041,Existing User,25,,Approved,No,No,desktop,Windows,,0
3355531,2025-04-16 23:27:29,50,visa,debit,tom.lim822@anonymous.com,411603,High,2517,New User,76,,Approved,No,No,mobile,iOS Device,anonymous.com,0
3473995,2025-05-27 20:14:55,10.759,visa,debit,lisa.goh630@gmail.com,405336,Low,9407,New User,42,,Approved,No,No,mobile,HUAWEI VNS-L53 Build/HUAWEIVNS-L53,gmail.com,0
3548148,2025-06-21 23:39:24,75,mastercard,credit,mike.chan913@outlook.com,518957,Low,1884,Existing User,23,,Approved,No,No,desktop,Windows,,0
3184039,2025-02-21 14:28:36,16.557,mastercard,credit,david.chan113@yahoo.fr,519907,Low,3959,Existing User,39,,Approved,No,No,mobile,0,yahoo.fr,0
3090321,2025-01-24 21:05:07,100,visa,credit,alex.lee576@gmail.com,425522,Medium,6000,New User,52,,Approved,No,No,mobile,Pixel 2 XL Build/OPM1.171019.011,gmail.com,0
3361957,2025-04-19 03:20:19,225.82,mastercard,debit,mike.goh277@hotmail.com,552315,Low,7496,Existing User,42,,Approved,No,No,desktop,Windows,hotmail.com,0
3103818,2025-01-27 03:12:35,100,mastercard,debit,mike.chan792@anonymous.com,522039,Medium,2327,Existing User,57,,Approved,No,No,desktop,MacOS,anonymous.com,0
3357598,2025-04-17 18:28:21,9.546,mastercard,debit,john.lee882@hotmail.com,524292,Low,8940,Existing User,47,,Approved,No,No,mobile,0,hotmail.com,0
3449261,2025-05-18 16:08:35,9.96,visa,credit,anna.lee182@web.de,457358,Low,9392,Existing User,30,,Approved,No,No,mobile,LG-X240 Build/MRA58K,web.de,0
3073903,2025-01-22 02:48:45,125,visa,credit,david.koh478@aol.com,413521,Low,5090,Existing User,27,,Approved,No,No,mobile,iOS Device,aol.com,0
3446232,2025-05-17 04:29:23,9.529,visa,debit,tom.koh850@hotmail.com,437870,Low,4452,Existing User,44,,Approved,No,No,mobile,0,hotmail.com,0
3120722,2025-01-31 21:18:39,200,visa,debit,lisa.teo723@anonymous.com,439268,Low,4959,Existing User,45,,Approved,No,No,desktop,Trident/7.0,anonymous.com,0
3146628,2025-02-08 20:23:54,150,mastercard,credit,alex.koh859@anonymous.com,522622,Medium,5514,Existing User,62,,Approved,No,No,mobile,iOS Device,anonymous.com,0
3284307,2025-03-26 22:58:08,13.474,mastercard,debit,amy.koh260@hotmail.com,540456,Low,2401,Existing User,32,,Approved,No,No,desktop,Windows,hotmail.com,0
3266013,2025-03-20 17:14:58,16.918,visa,debit,jason.lim867@gmail.com,407690,Low,2439,New User,48,,Approved,No,No,desktop,0,gmail.com,0
3015140,2025-01-09 02:40:40,50,discover,credit,sarah.chan628@hotmail.com,647092,Low,6652,Existing User,20,,Approved,No,No,desktop,Windows,,0
3186372,2025-02-22 05:03:24,26.818,visa,credit,john.teo639@gmail.com,411415,Low,2817,Existing User,29,,Approved,Yes,Yes,desktop,Windows,gmail.com,1
3118190,2025-01-31 00:47:02,100,mastercard,credit,mike.lee440@gmail.com,526321,Low,2812,Existing User,37,,Approved,No,No,mobile,iOS Device,gmail.com,0
3081444,2025-01-23 15:36:01,50,mastercard,credit,amy.lim140@gmail.com,534964,Low,3136,Existing User,25,,Approved,No,No,desktop,Windows,gmail.com,0
3285348,2025-03-27 05:01:57,92.322,mastercard,debit,mike.ong637@hotmail.com,520114,Low,8787,Existing User,47,,Approved,No,No,mobile,0,hotmail.com,0
3067792,2025-01-21 01:27:22,200,american express,credit,jason.lim687@yahoo.com,371458,Low,2644,Existing User,34,,Approved,No,No,mobile,iOS Device,yahoo.com,0
3241289,2025-03-12 05:52:30,50,mastercard,debit,alex.lee393@gmail.com,519883,Low,7827,Existing User,26,,Approved,Yes,No,desktop,MacOS,gmail.com,1
3443804,2025-05-16 02:45:24,10.144,visa,debit,john.chan774@hotmail.com,414574,Low,8748,Existing User,30,,Approved,No,No,desktop,Windows,hotmail.com,0
3075160,2025-01-22 14:43:32,10,visa,debit,jason.koh454@outlook.com,445803,Low,3833,New User,43,,Approved,No,No,desktop,Windows,,0
3140414,2025-02-06 18:59:28,50,mastercard,debit,john.goh631@gmail.com,512671,Low,9204,New User,36,,Approved,Yes,No,desktop,Trident/7.0,gmail.com,1
3193602,2025-02-24 22:34:36,100,american express,credit,tom.ong515@anonymous.com,377409,Medium,8511,New User,64,,Approved,No,No,desktop,MacOS,anonymous.com,0
3134480,2025-02-05 00:18:13,42.501,visa,debit,sarah.lim570@gmail.com,423569,Low,4609,Existing User,49,,Approved,No,No,mobile,0,gmail.com,0
3385687,2025-04-27 06:52:53,22.355,visa,debit,john.wong392@anonymous.com,431216,High,5605,New User,75,EMAIL_VELOCITY,Rejected,No,Yes,desktop,Windows,anonymous.com,1
3014680,2025-01-09 00:22:26,25,mastercard,credit,lisa.koh75@aol.com,553668,Low,1401,Existing User,33,,Approved,No,No,desktop,MacOS,aol.com,0
3541912,2025-06-19 18:46:35,19.92,visa,credit,lisa.wong973@hotmail.com,490421,Low,1555,Existing User,34,,Approved,No,No,mobile,FEVER,hotmail.com,0
3571932,2025-06-30 23:22:42,150,visa,debit,anna.lee8@yahoo.com,463945,Low,5914,Existing User,42,,Approved,No,No,0,0,yahoo.com,0
3440634,2025-05-15 01:50:13,5.181,mastercard,debit,alex.teo231@hotmail.com,552573,Low,1820,Existing User,34,,Approved,No,No,desktop,Moto G (5) Build/NPP25.137-93,hotmail.com,0
3503999,2025-06-06 18:47:37,19.182,mastercard,credit,david.goh915@gmail.com,521106,Low,5966,Existing User,28,,Approved,No,No,desktop,0,gmail.com,0
3512288,2025-06-09 19:54:17,200,visa,debit,mike.ong994@gmail.com,475504,Medium,1660,New User,54,,Approved,No,No,mobile,iOS Device,gmail.com,0
3417428,2025-05-06 20:59:54,76.481,visa,credit,amy.tan207@yahoo.de,402819,Low,6857,Existing User,37,,Approved,No,No,0,0,yahoo.de,0
3241263,2025-03-12 05:24:55,8.519,mastercard,debit,john.lee495@gmail.com,543616,Medium,1443,New User,53,,Approved,No,No,mobile,SM-G531H Build/LMY48B,gmail.com,0
3056627,2025-01-19 01:20:25,100,visa,debit,sarah.koh298@gmail.com,489308,Low,5367,Existing User,32,,Approved,No,No,mobile,iOS Device,gmail.com,0
3163856,2025-02-14 15:29:20,150,visa,credit,mike.ng1@anonymous.com,435275,Medium,4312,Existing User,58,,Approved,No,No,mobile,iOS Device,anonymous.com,0
3459554,2025-05-22 04:56:10,47.708,visa,credit,lisa.teo342@hotmail.com,424343,Low,3845,New User,43,,Approved,No,No,mobile,Moto G Play Build/MPIS24.241-15.3-7,hotmail.com,0
3340576,2025-04-11 23:03:13,44.107,visa,credit,tom.lim395@gmail.com,498149,Low,1776,Existing User,29,,Approved,Yes,No,desktop,Windows,,1
3105952,2025-01-27 20:48:27,29.616,visa,credit,jason.wong397@gmail.com,432045,Low,6891,Existing User,29,,Approved,No,No,mobile,LG-H840 Build/MMB29M,gmail.com,0
3360857,2025-04-18 19:44:15,141,visa,credit,david.goh719@outlook.com,438120,Low,5133,Existing User,28,,Approved,No,No,desktop,Windows,,0
3015258,2025-01-09 03:33:10,100,mastercard,debit,jason.koh558@anonymous.com,548391,High,7854,New User,85,HIGH_RISK_SCORE,Rejected,No,No,mobile,iOS Device,anonymous.com,0
2994257,2025-01-03 17:49:11,14.26,visa,credit,mike.koh957@gmail.com,402282,Low,7408,Existing User,32,,Approved,No,No,desktop,0,gmail.com,0
3066694,2025-01-20 22:16:15,500,visa,debit,lisa.ong311@anonymous.com,444441,High,6379,New User,85,HIGH_RISK_SCORE,Rejected,No,No,mobile,iOS Device,anonymous.com,0
3027342,2025-01-12 14:18:41,100,visa,credit,anna.lim362@anonymous.com,465805,Low,4135,Existing User,47,,Approved,No,No,desktop,Trident/7.0,anonymous.com,0
3291633,2025-03-29 11:28:03,39.152,mastercard,credit,anna.goh751@hotmail.com,519370,Low,4054,Existing User,40,,Approved,No,No,0,0,hotmail.com,0
3510182,2025-06-08 23:45:57,83.49,visa,credit,alex.tan677@hotmail.com,411688,Low,6468,New User,42,,Approved,Yes,No,mobile,SM-G610M Build/MMB29K,hotmail.com,1
3015507,2025-01-09 06:40:00,25,visa,debit,sarah.koh77@gmail.com,442345,Low,1234,Existing User,32,,Approved,No,No,mobile,iOS Device,gmail.com,0
3009582,2025-01-07 19:09:15,25,visa,credit,jason.koh958@hotmail.com,423592,Low,3526,Existing User,24,,Approved,No,No,desktop,MacOS,hotmail.com,0
3135376,2025-02-05 05:03:48,127.677,mastercard,credit,anna.ng374@gmail.com,538968,Low,6849,Existing User,38,,Approved,No,No,desktop,0,gmail.com,0
3098710,2025-01-26 03:42:43,50,visa,debit,alex.koh335@me.com,407881,Medium,9718,New User,57,,Approved,No,No,mobile,iOS Device,me.com,0
3490138,2025-06-02 15:52:17,150,visa,credit,amy.tan638@aol.com,469686,Low,8727,Existing User,33,,Approved,No,No,desktop,0,aol.com,0
3044073,2025-01-16 04:31:14,38.012,visa,debit,tom.ong228@anonymous.com,450551,Medium,9288,Existing User,64,ANONYMOUS_EMAIL,Rejected,No,No,desktop,0,anonymous.com,0
3006636,2025-01-06 22:18:09,100,visa,credit,david.chan213@comcast.net,446570,Low,7074,Existing User,32,,Approved,No,No,mobile,iOS Device,comcast.net,0
3567410,2025-06-29 01:13:19,48.754,visa,debit,sarah.lee657@hotmail.com,417165,Low,9412,Existing User,23,,Approved,No,No,desktop,Windows,hotmail.com,0
3386974,2025-04-27 19:05:34,14.622,mastercard,debit,sarah.teo190@gmail.com,529735,Low,7234,Existing User,31,,Approved,No,No,desktop,Linux x86_64,gmail.com,0
3380431,2025-04-25 05:51:52,25.739,visa,debit,amy.lim101@hotmail.com,410153,Low,5289,New User,37,,Approved,No,No,desktop,Windows,hotmail.com,0
3097284,2025-01-25 23:21:09,26.235,mastercard,debit,anna.wong720@gmail.com,553117,Low,6961,Existing User,35,,Approved,No,No,desktop,0,gmail.com,0
3010718,2025-01-07 23:37:12,4.531,mastercard,debit,lisa.lim541@gmail.com,552762,Low,2512,Existing User,40,,Approved,No,No,desktop,0,gmail.com,0
3375704,2025-04-23 20:22:45,136.066,mastercard,credit,john.lee459@hotmail.com,530543,Low,1208,Existing User,29,,Approved,Yes,No,desktop,Windows,hotmail.com,1
3264901,2025-03-20 03:47:40,24.289,mastercard,credit,alex.koh720@gmail.com,548237,Low,2578,Existing User,27,,Approved,No,No,desktop,0,gmail.com,0
3445763,2025-05-16 23:43:34,35.966,visa,debit,david.koh962@gmail.com,463117,Low,8581,Existing User,35,,Approved,Yes,No,desktop,0,gmail.com,1
3049470,2025-01-17 13:42:43,54.685,visa,debit,alex.goh647@hotmail.com,475658,Low,6955,Existing User,20,,Approved,No,No,desktop,Windows,hotmail.com,0
3226424,2025-03-07 14:34:12,42.173,mastercard,credit,jason.tan162@gmail.com,513156,Low,2183,Existing User,20,,Approved,No,No,mobile,BAC-L03 Build/HUAWEIBAC-L03,gmail.com,0
3089674,2025-01-24 19:40:35,75,visa,debit,lisa.lim860@gmail.com,462830,Low,2359,Existing User,35,,Approved,No,No,mobile,iOS Device,gmail.com,0
3077351,2025-01-22 20:14:01,150,visa,credit,mike.goh673@comcast.net,470495,Low,8409,Existing User,26,,Approved,No,No,desktop,Trident/7.0,comcast.net,0
3076884,2025-01-22 19:05:50,400,american express,credit,alex.goh753@gmail.com,378576,Low,8800,Existing User,25,,Approved,No,No,desktop,Windows,gmail.com,0
3126397,2025-02-02 22:18:25,124.529,visa,credit,mike.ng884@hotmail.com,474651,Low,6953,New User,45,,Approved,No,No,mobile,Lenovo K33b36 Build/NRD90N,hotmail.com,0
3291822,2025-03-29 15:02:44,50,visa,debit,lisa.lee540@yahoo.com,445156,Low,8608,Existing User,35,,Approved,No,No,desktop,MacOS,,0
3301281,2025-04-01 16:47:15,68.758,,,tom.ong116@gmail.com,514918,Low,1932,Existing User,23,,Approved,No,No,mobile,SM-G570M Build/MMB29K,gmail.com,0
3159514,2025-02-13 02:05:10,82.028,mastercard,credit,mike.lim518@hotmail.com,541049,Low,6946,New User,35,,Approved,No,No,desktop,Trident/7.0,hotmail.com,0
3094769,2025-01-25 17:58:29,1000,visa,credit,anna.chan162@anonymous.com,466327,Medium,4979,Existing User,67,,Approved,No,No,mobile,iOS Device,anonymous.com,0
3104047,2025-01-27 05:19:59,69.494,visa,debit,tom.lim437@hotmail.com,424086,Low,9988,New User,42,,Approved,No,No,desktop,Windows,hotmail.com,0
3343284,2025-04-13 00:15:41,48.819,visa,debit,amy.chan668@gmail.com,457914,Low,5496,Existing User,30,,Approved,No,No,mobile,SM-T537V,,0
3146076,2025-02-08 17:36:57,37.312,mastercard,debit,jason.ng364@gmail.com,528145,Low,8365,Existing User,41,,Approved,Yes,Yes,mobile,0,gmail.com,0
3135873,2025-02-05 14:44:31,25,visa,debit,anna.chan824@live.com,422150,Low,3550,New User,36,,Approved,No,No,desktop,MacOS,live.com,0
3199788,2025-02-27 01:50:44,28.393,mastercard,credit,john.lim942@gmail,546362,Low,8854,Existing User,40,,Approved,No,No,desktop,0,gmail,0
3051267,2025-01-17 20:01:03,100,visa,credit,david.lee59@anonymous.com,480372,Medium,8946,New User,59,,Approved,No,No,desktop,Windows,anonymous.com,0
3294945,2025-03-30 17:04:31,57.58,mastercard,credit,tom.wong202@hotmail.com,511269,Low,8842,Existing User,37,,Approved,No,No,desktop,0,hotmail.com,0
3465466,2025-05-24 17:32:13,16.723,visa,debit,sarah.ong695@hotmail.com,431166,Low,2814,Existing User,34,,Approved,No,No,desktop,0,hotmail.com,0
3449800,2025-05-18 19:38:35,150,visa,credit,amy.lee362@netzero.net,414248,Low,5993,Existing User,28,,Approved,Yes,No,desktop,Windows,netzero.net,1
3083029,2025-01-23 18:31:55,75,visa,credit,amy.ong536@msn.com,422147,Low,1418,Existing User,20,,Approved,No,No,desktop,Windows,msn.com,0
3260355,2025-03-18 19:30:10,10.03,mastercard,debit,john.lim577@gmail.com,519926,Low,3510,Existing User,44,,Approved,No,No,desktop,0,gmail.com,0
3522619,2025-06-13 03:30:10,0.878,visa,debit,david.teo233@outlook.com,412990,Medium,7093,Existing User,51,,Approved,No,No,mobile,0,outlook.com,0
3125660,2025-02-02 18:34:44,27.401,visa,credit,sarah.tan45@gmail.com,418614,Low,5588,Existing User,43,,Approved,No,No,desktop,0,gmail.com,0
3122800,2025-02-01 17:20:43,13.992,mastercard,credit,tom.chan911@gmail.com,517339,Low,7674,Existing User,34,,Approved,No,No,mobile,SM-G900M Build/LRX21T,gmail.com,0
3293794,2025-03-30 02:44:51,21.268,visa,credit,anna.tan313@hotmail.com,426151,Low,6230,Existing User,29,,Approved,No,No,desktop,Windows,hotmail.com,0
3361538,2025-04-18 23:19:00,25.195,visa,debit,tom.goh856@hotmail.com,410100,Low,4265,Existing User,41,,Approved,No,No,desktop,0,hotmail.com,0
3069763,2025-01-21 15:36:44,21.921,mastercard,credit,john.koh959@hotmail.com,557512,Low,8026,Existing User,22,,Approved,No,No,mobile,LG-X230 Build/MRA58K,hotmail.com,0
3044208,2025-01-16 05:45:15,100,visa,credit,sarah.koh323@gmail.com,434387,Low,6226,Existing User,26,,Approved,No,No,desktop,Windows,gmail.com,0
3456727,2025-05-21 02:31:59,40,mastercard,debit,anna.ong586@yahoo.com,520493,Low,5031,Existing User,37,,Approved,No,No,mobile,SM-G930V Build/NRD90M,yahoo.com,0
3063979,2025-01-20 14:42:49,150,visa,credit,david.wong114@gmail.com,421394,Low,4174,Existing User,26,,Approved,No,No,desktop,Windows,gmail.com,0
3049792,2025-01-17 15:23:20,100,discover,credit,mike.teo738@hotmail.com,602043,Low,5226,New User,45,,Approved,No,No,desktop,Windows,hotmail.com,0
3049627,2025-01-17 14:41:18,1000,american express,credit,jason.goh172@anonymous.com,371925,High,4005,New User,80,HIGH_RISK_SCORE,Rejected,No,No,desktop,Windows,anonymous.com,0
3254542,2025-03-16 22:34:18,26.585,mastercard,credit,tom.koh780@hotmail.com,541676,Low,6663,Existing User,29,,Approved,Yes,No,mobile,SM-A300H Build/LRX22G,hotmail.com,1
3457832,2025-05-21 17:09:31,37.257,visa,debit,sarah.chan504@hotmail.com,424266,Medium,4465,New User,53,,Approved,No,No,mobile,SM-J700M Build/MMB29K,hotmail.com,0
3057003,2025-01-19 02:41:05,200,mastercard,credit,amy.ong856@gmail.com,526867,Low,9860,New User,43,,Approved,No,No,mobile,iOS Device,gmail.com,0
3019951,2025-01-10 14:57:19,25,american express,credit,tom.wong311@yahoo.com,375520,Low,7666,New User,43,,Approved,No,No,mobile,iOS Device,yahoo.com,0
3389231,2025-04-28 13:57:31,134.737,visa,credit,anna.teo272@hotmail.com,442936,Low,8631,Existing User,44,,Approved,No,No,mobile,0,hotmail.com,0
3321395,2025-04-06 03:40:40,16.979,mastercard,credit,john.koh539@hotmail.com,522027,Low,3770,Existing User,29,,Approved,No,No,desktop,Windows,hotmail.com,0
3374266,2025-04-23 12:35:21,250,american express,credit,anna.chan114@anonymous.com,370512,Medium,8234,New User,68,,Approved,No,No,desktop,Windows,anonymous.com,0
3285427,2025-03-27 06:52:05,73.954,visa,debit,amy.ong935@gmail.com,470136,Low,6163,New User,44,,Approved,No,No,mobile,B3-A20,gmail.com,0
3198335,2025-02-26 18:15:27,500,visa,debit,anna.lim585@gmail.com,402488,Medium,3507,New User,69,,Approved,Yes,No,mobile,SAMSUNG SM-J700T Build/NMF26X,gmail.com,1
3540269,2025-06-19 02:43:34,25.883,mastercard,credit,lisa.tan632@gmail.com,557958,Medium,7657,New User,53,,Approved,No,No,desktop,0,gmail.com,0
3099001,2025-01-26 04:47:16,50,visa,debit,anna.lee915@gmail.com,462248,Low,4497,Existing User,23,,Approved,No,No,desktop,rv:48.0,gmail.com,0
3239649,2025-03-11 20:07:00,300,visa,credit,amy.wong501@anonymous.com,427869,Medium,4671,Existing User,59,,Approved,No,No,desktop,Windows,anonymous.com,0
3490161,2025-06-02 15:57:01,43.22,visa,debit,sarah.chan97@anonymous.com,492559,Low,8380,Existing User,48,,Approved,No,No,desktop,Windows,anonymous.com,0
3291848,2025-03-29 15:20:14,56.311,visa,debit,amy.tan359@hotmail.com,424503,Low,7240,Existing User,43,,Approved,Yes,No,mobile,0,hotmail.com,0
3161472,2025-02-13 19:20:19,25,visa,credit,amy.ng211@outlook.com,492572,Low,2328,New User,30,,Approved,No,No,desktop,Windows,,0
3520271,2025-06-12 16:24:50,15.493,visa,debit,amy.tan173@yahoo.com.mx,480218,Low,2252,Existing User,25,,Approved,No,No,mobile,Hisense F102 Build/NRD90M,yahoo.com.mx,0
3072751,2025-01-21 23:08:47,200,visa,credit,alex.wong257@gmail.com,401814,Low,8202,Existing User,22,,Approved,No,No,desktop,MacOS,gmail.com,0
3041845,2025-01-15 19:58:25,100,visa,credit,tom.lee682@anonymous.com,495017,Medium,9877,Existing User,55,,Approved,No,No,desktop,Windows,anonymous.com,0
3068811,2025-01-21 06:22:44,150,visa,credit,tom.tan434@gmail.com,480463,Low,3979,Existing User,31,,Approved,No,No,mobile,iOS Device,gmail.com,0
3164311,2025-02-14 18:05:22,150,visa,debit,mike.chan908@gmail.com,429545,Low,4306,New User,41,,Approved,No,No,desktop,Trident/7.0,gmail.com,0
3190999,2025-02-23 23:34:49,36.146,visa,debit,lisa.wong985@gmail.com,455821,Low,7855,New User,49,,Approved,No,No,desktop,Windows,gmail.com,0
3438248,2025-05-14 03:21:56,42.421,mastercard,debit,anna.ong766@anonymous.com,519513,Medium,2712,New User,74,ANONYMOUS_EMAIL,Rejected,No,No,mobile,SM-G610M Build/MMB29K,anonymous.com,0
3254225,2025-03-16 21:15:30,200,visa,debit,jason.chan54@anonymous.com,487562,Medium,7238,New User,62,ANONYMOUS_EMAIL,Rejected,No,No,desktop,Trident/7.0,anonymous.com,0
3003329,2025-01-06 00:40:03,50,discover,credit,amy.ng123@hotmail.com,625879,Medium,7699,New User,55,,Approved,No,No,mobile,iOS Device,hotmail.com,0
3293587,2025-03-30 01:30:43,22.235,visa,credit,jason.teo924@gmail.com,491016,Low,5637,Existing User,30,,Approved,No,No,mobile,SLA-L03 Build/HUAWEISLA-L03,gmail.com,0
3209248,2025-03-02 16:51:36,10,visa,credit,mike.wong424@hotmail.com,494836,Low,2479,Existing User,28,,Approved,No,No,desktop,Trident/7.0,,0
3078221,2025-01-22 22:24:46,75,visa,debit,amy.tan508@gmail.com,465102,Low,5058,New User,36,,Approved,No,No,desktop,MacOS,gmail.com,0
3518194,2025-06-11 20:43:29,150,visa,credit,amy.teo911@yahoo.com,442950,Low,6490,Existing User,30,,Approved,No,No,desktop,rv:52.0,yahoo.com,0
3358652,2025-04-17 23:08:46,9.425,visa,debit,jason.koh532@anonymous.com,413507,High,4388,New User,78,,Approved,No,No,mobile,SM-N950F Build/NMF26X,anonymous.com,0
3011949,2025-01-08 13:12:34,50,visa,credit,john.wong86@gmail.com,431242,Low,2178,New User,45,,Approved,No,No,desktop,MacOS,gmail.com,0
3138141,2025-02-05 23:37:25,225,mastercard,credit,anna.lim479@anonymous.com,543653,High,4627,New User,78,HIGH_RISK_SCORE,Rejected,No,No,desktop,Windows,anonymous.com,0
3084107,2025-01-23 20:40:33,100,visa,credit,john.goh905@yahoo.com,420574,Low,9891,Existing User,19,,Approved,No,No,desktop,Trident/7.0,yahoo.com,0
3039688,2025-01-15 05:26:05,13.759,mastercard,debit,john.chan303@hotmail.com,533964,Low,7977,Existing User,33,,Approved,No,No,mobile,Moto G (4) Build/NPJ25.93-14.5,hotmail.com,0
3505303,2025-06-07 03:07:11,39.163,visa,debit,mike.ng623@gmail.com,433558,Medium,1364,New User,64,NEW_USER_RULE,Rejected,No,No,mobile,0,gmail.com,0
3467700,2025-05-25 16:04:55,300,visa,credit,anna.lim229@anonymous.com,491598,Medium,8402,Existing User,63,HIGH_AMOUNT,Rejected,No,No,0,0,anonymous.com,0
3071256,2025-01-21 19:08:18,100,visa,credit,amy.goh583@gmail.com,420684,Low,9193,Existing User,27,,Approved,No,No,desktop,Trident/7.0,gmail.com,0
3098676,2025-01-26 03:34:31,50,visa,credit,john.teo661@yahoo.com,469907,Low,3210,Existing User,33,,Approved,No,No,mobile,SM-G900V Build/MMB29M,yahoo.com,0
3341077,2025-04-12 03:15:00,10.392,visa,credit,lisa.lim589@gmail.com,400476,Low,3034,Existing User,17,,Approved,No,No,desktop,Moto G (5) Build/NPP25.137-93,,0
3427594,2025-05-10 10:30:42,24.321,mastercard,debit,john.chan289@gmail.com,554787,Low,8346,Existing User,29,,Approved,No,No,mobile,ALE-L23 Build/HuaweiALE-L23,gmail.com,0
3076988,2025-01-22 19:19:03,100,visa,debit,mike.lee918@gmail.com,488998,Low,6012,Existing User,42,,Approved,No,No,mobile,iOS Device,gmail.com,0
3355507,2025-04-16 23:20:50,69.423,visa,credit,amy.teo203@hotmail.com,432526,Low,6263,Existing User,25,,Approved,No,No,desktop,SM-A300H Build/LRX22G,hotmail.com,0
3208352,2025-03-02 03:28:34,100,visa,debit,jason.lee752@yahoo.com,434367,Low,1399,Existing User,45,,Approved,No,No,mobile,iOS Device,yahoo.com,0
3108103,2025-01-28 14:56:44,21.338,mastercard,debit,david.teo200@gmail.com,543352,Low,8133,Existing User,28,,Approved,No,No,mobile,Ilium L910 Build/MRA58K,gmail.com,0
3181161,2025-02-20 16:09:49,30,visa,credit,alex.lee492@gmail.com,445022,Low,7263,New User,43,,Approved,No,No,desktop,Windows,,0
3340467,2025-04-11 22:27:33,100,american express,credit,john.wong336@gmail.com,375662,Low,5151,Existing User,17,,Approved,No,No,desktop,Windows,gmail.com,0
3374193,2025-04-23 11:18:40,75,visa,credit,tom.ng676@gmail.com,423805,Medium,1072,New User,55,,Approved,No,No,mobile,iOS Device,gmail.com,0
3033928,2025-01-13 22:04:33,25,mastercard,debit,amy.ng130@comcast.net,527417,Low,8346,New User,46,,Approved,No,No,desktop,Windows,comcast.net,0
3073775,2025-01-22 02:22:04,50,visa,debit,john.ong312@gmail.com,499089,Low,5020,Existing User,35,,Approved,No,No,mobile,SAMSUNG SM-G930A Build/NRD90M,gmail.com,0
3111148,2025-01-29 05:28:56,25,visa,debit,alex.teo623@gmail.com,408326,Low,5094,Existing User,26,,Approved,No,No,desktop,MacOS,gmail.com,0
3109807,2025-01-28 21:38:57,21.688,visa,debit,alex.tan200@hotmail.com,417161,Low,6903,Existing User,26,,Approved,No,No,mobile,F3113 Build/33.2.A.3.81,hotmail.com,0
3015190,2025-01-09 03:02:22,40,visa,debit,amy.wong724@gmail.com,434929,Low,5171,Existing User,33,,Approved,No,No,desktop,MacOS,gmail.com,0
3521496,2025-06-12 21:38:02,50,mastercard,credit,mike.teo583@yahoo.com,554302,Medium,9959,New User,50,,Approved,Yes,No,mobile,iOS Device,yahoo.com,1
3121002,2025-01-31 22:26:39,47.398,visa,debit,david.tan61@hotmail.com,457671,Low,7533,Existing User,28,,Approved,No,No,desktop,Windows,hotmail.com,0
3575207,2025-07-02 03:15:01,25.33,visa,credit,jason.goh423@gmail.com,443222,Low,8928,New User,35,,Approved,No,No,mobile,Blade L2 Plus Build/KOT49H,gmail.com,0
3074301,2025-01-22 04:48:33,40.81,mastercard,credit,jason.chan367@hotmail.com,539248,Low,4962,Existing User,23,,Approved,No,No,desktop,Windows,hotmail.com,0
3566278,2025-06-28 17:30:36,100,american express,credit,david.goh515@comcast.net,370014,Low,9551,Existing User,28,,Approved,No,No,desktop,Windows,comcast.net,0
3332216,2025-04-09 16:15:58,26.222,visa,debit,lisa.lee228@gmail.com,487932,Low,9672,Existing User,28,,Approved,No,No,mobile,CAM-L03 Build/HUAWEICAM-L03,,0
3569572,2025-06-30 01:05:15,25,mastercard,debit,anna.tan249@yahoo.com,539845,Low,6523,Existing User,30,,Approved,No,Yes,mobile,iOS Device,yahoo.com,0
3391669,2025-04-29 03:18:44,50,american express,credit,david.teo167@yahoo.com,375999,Low,3529,Existing User,23,,Approved,No,No,desktop,Windows,yahoo.com,0
3093707,2025-01-25 15:22:25,50,mastercard,debit,alex.teo784@me.com,524526,Low,4062,Existing User,34,,Approved,No,No,desktop,MacOS,me.com,0
3274790,2025-03-23 21:32:13,150,mastercard,debit,jason.wong104@gmail.com,547362,Low,5960,Existing User,24,,Approved,No,No,desktop,Trident/7.0,gmail.com,0
3566471,2025-06-28 18:46:27,20,mastercard,debit,tom.ng578@gmail.com,532445,Medium,2866,New User,60,,Approved,No,No,mobile,iOS Device,,0
3074403,2025-01-22 05:29:41,42.559,mastercard,debit,anna.koh462@outlook.es,534696,Medium,3080,New User,51,,Approved,No,No,mobile,Moto Z2 Play Build/NPSS26.118-19-6,outlook.es,0
3545830,2025-06-21 03:21:02,9.468,mastercard,credit,sarah.lim291@hotmail.com,511226,Medium,4971,New User,50,,Approved,No,No,desktop,0,hotmail.com,0
3318530,2025-04-05 06:28:34,12.567,mastercard,debit,lisa.lim94@gmail.com,552182,Low,3908,Existing User,27,,Approved,No,No,mobile,SM-J500M Build/MMB29M,gmail.com,0
3126331,2025-02-02 21:59:09,22.154,visa,credit,lisa.wong460@gmail.com,477013,Low,1253,New User,30,,Approved,No,No,desktop,Windows,gmail.com,0
3053638,2025-01-18 14:14:20,100,visa,debit,amy.teo363@windstream.net,411932,Low,7084,Existing User,34,,Approved,No,No,desktop,MacOS,windstream.net,0
3138454,2025-02-06 01:16:07,19.7,visa,credit,mike.lee688@hotmail.com,418321,Low,3481,Existing User,27,,Approved,No,No,desktop,Windows,hotmail.com,0
3394099,2025-04-29 22:56:06,25,visa,debit,jason.tan767@gmail.com,416294,Low,5951,Existing User,35,,Approved,No,No,desktop,Windows,gmail.com,0
3092758,2025-01-25 04:42:00,25,mastercard,debit,jason.ng486@yahoo.com,538158,Low,7718,Existing User,34,,Approved,No,No,desktop,Windows,,0
3114087,2025-01-30 02:26:33,75,american express,credit,jason.ong35@yahoo.com,374043,Low,1291,Existing User,23,,Approved,No,No,desktop,MacOS,yahoo.com,0
3425305,2025-05-09 14:06:31,88.777,visa,debit,alex.teo884@hotmail.com,492546,Low,9322,New User,40,,Approved,No,No,mobile,ALE-L23 Build/HuaweiALE-L23,hotmail.com,0
3178809,2025-02-19 20:04:09,50,discover,credit,alex.ng279@outlook.com,628983,Low,3553,New User,34,,Approved,No,No,desktop,rv:11.0,,0
3001845,2025-01-05 19:29:35,300,visa,credit,john.goh747@gmail.com,416239,Low,8919,Existing User,40,,Approved,No,No,desktop,Windows,gmail.com,0
3227995,2025-03-07 22:08:13,33.593,mastercard,credit,mike.teo681@hotmail.com,514794,Low,4054,New User,42,,Approved,No,No,mobile,BLL-L23 Build/HUAWEIBLL-L23,hotmail.com,0
3095475,2025-01-25 19:30:05,200,american express,credit,lisa.koh83@gmail.com,376722,Low,7547,Existing User,26,,Approved,No,No,desktop,rv:57.0,gmail.com,0
3074524,2025-01-22 07:10:07,7.929,mastercard,credit,jason.teo985@hotmail.com,547102,Low,3072,Existing User,22,,Approved,Yes,No,mobile,SM-A300H Build/LRX22G,hotmail.com,1
3084725,2025-01-23 22:01:50,20,visa,credit,alex.tan383@verizon.net,444892,Low,9886,New User,39,,Approved,No,No,desktop,MacOS,verizon.net,0
3440117,2025-05-14 22:02:23,9,visa,debit,jason.tan793@outlook.com,457786,Low,5096,New User,49,,Approved,No,No,mobile,SM-P605V,,0
3077864,2025-01-22 21:21:50,100,visa,debit,mike.goh684@aim.com,460974,Low,1803,Existing User,33,,Approved,No,No,mobile,SM-G930V Build/NRD90M,aim.com,0
3545308,2025-06-20 23:08:12,300,visa,credit,john.ong252@gmail.com,416564,Low,8005,Existing User,45,,Approved,Yes,No,mobile,iOS Device,gmail.com,1
3195068,2025-02-25 15:24:15,48.535,visa,credit,lisa.chan208@hotmail.com,440689,Low,5974,New User,44,,Approved,No,No,mobile,SM-J500M Build/MMB29M,hotmail.com,0
3468980,2025-05-25 22:56:35,38.609,mastercard,debit,anna.wong803@hotmail.com,526538,Low,4188,New User,37,,Approved,No,No,desktop,Windows,hotmail.com,0
3076395,2025-01-22 18:01:53,250,american express,credit,tom.wong435@anonymous.com,374202,Medium,5630,New User,69,ANONYMOUS_EMAIL,Rejected,No,No,desktop,MacOS,anonymous.com,0
3017088,2025-01-09 18:49:34,30,mastercard,credit,david.chan649@gmail.com,544089,Low,6840,Existing User,29,,Approved,No,No,mobile,SM-G935V,gmail.com,0
3264651,2025-03-20 02:05:21,40,visa,credit,sarah.ong19@gmail.com,461638,Low,9611,Existing User,25,,Approved,No,No,desktop,rv:57.0,gmail.com,0
3016977,2025-01-09 18:28:25,100,mastercard,debit,tom.lim254@hotmail.com,536525,Low,3135,New User,49,,Approved,No,No,desktop,Windows,hotmail.com,0
3538147,2025-06-18 15:25:37,40.638,mastercard,credit,anna.goh172@hotmail.com,510038,Low,4704,Existing User,29,,Approved,No,Yes,mobile,SAMSUNG SM-A310F/A310FXXU4CRB1 Build/NRD90M,hotmail.com,0
3034182,2025-01-13 23:05:05,25,visa,credit,sarah.tan939@gmail.com,437632,Low,5781,Existing User,26,,Approved,No,No,desktop,Windows,gmail.com,0
3010395,2025-01-07 22:13:12,50,mastercard,credit,lisa.tan332@hotmail.com,532790,Low,5457,Existing User,25,,Approved,No,No,desktop,Windows,hotmail.com,0
3388915,2025-04-28 05:53:44,30.21,mastercard,debit,alex.ng461@gmail.com,512397,Low,1088,New User,42,,Approved,No,No,desktop,Windows,gmail.com,0
3046438,2025-01-16 19:12:06,100,visa,credit,jason.ong435@gmail.com,485489,Low,4421,Existing User,37,,Approved,No,No,mobile,iOS Device,gmail.com,0
3211235,2025-03-03 02:17:35,18.549,visa,debit,amy.goh197@hotmail.com,403255,Low,6388,New User,42,,Approved,No,No,desktop,Windows,hotmail.com,0
3029878,2025-01-12 22:45:50,175,mastercard,debit,david.tan774@anonymous.com,548446,Medium,2542,New User,71,,Approved,No,No,mobile,SM-G950U Build/NRD90M,anonymous.com,0
3388983,2025-04-28 09:47:06,7.009,visa,debit,lisa.teo61@hotmail.fr,413402,Medium,3972,New User,52,,Approved,No,Yes,desktop,0,hotmail.fr,0
2996075,2025-01-04 01:05:38,50,mastercard,credit,jason.goh699@hotmail.com,530466,Low,2217,Existing User,28,,Approved,No,No,desktop,Windows,hotmail.com,0
3184501,2025-02-21 17:27:34,150,american express,credit,anna.wong954@anonymous.com,376026,Medium,1039,New User,65,,Approved,No,No,desktop,Trident/7.0,anonymous.com,0
3256331,2025-03-17 16:23:47,15.891,visa,credit,david.lim19@yahoo.de,434972,Low,7787,Existing User,15,,Approved,No,No,desktop,rv:48.0,yahoo.de,0
3370296,2025-04-22 01:00:52,100,visa,credit,tom.teo449@gmail.com,404585,Low,7219,New User,45,,Approved,No,No,desktop,rv:11.0,gmail.com,0
3205590,2025-03-01 01:11:20,51.901,visa,debit,tom.chan222@gmail.com,404502,Low,2909,Existing User,34,,Approved,No,No,desktop,Windows,gmail.com,0
3300431,2025-04-01 05:38:28,22.718,visa,debit,lisa.goh903@hotmail.com,407862,Low,9895,Existing User,32,,Approved,No,No,mobile,SM-G610M Build/MMB29K,hotmail.com,0
3545883,2025-06-21 04:09:26,25,visa,debit,lisa.wong997@gmail.com,425053,Low,5865,New User,48,,Approved,No,No,desktop,MacOS,gmail.com,0
3068407,2025-01-21 03:39:19,50,visa,debit,tom.chan736@gmail.com,442344,Low,4703,New User,43,,Approved,No,No,desktop,MacOS,gmail.com,0
3421520,2025-05-08 01:45:27,35,mastercard,debit,sarah.chan663@gmail.com,552596,Low,2059,Existing User,43,,Approved,No,No,mobile,iOS Device,gmail.com,0
3161266,2025-02-13 18:39:16,50,visa,credit,anna.lim346@gmail.com,450140,Low,1400,Existing User,23,,Approved,No,No,desktop,Windows,gmail.com,0
3064793,2025-01-20 17:16:56,50,american express,credit,anna.wong717@gmail.com,371010,Low,1872,Existing User,26,,Approved,No,No,desktop,MacOS,gmail.com,0
3357333,2025-04-17 17:23:41,50,visa,credit,alex.goh378@gmail.com,477424,Low,8856,New User,37,,Approved,No,No,desktop,Windows,gmail.com,0
3301607,2025-04-01 18:13:11,50,visa,debit,anna.goh655@yahoo.com,446812,Low,7857,Existing User,34,,Approved,Yes,No,desktop,Windows,yahoo.com,1
3283495,2025-03-26 19:26:46,75.404,visa,credit,john.ng371@anonymous.com,440322,Low,5784,Existing User,47,,Approved,No,No,desktop,Windows,anonymous.com,0
3149026,2025-02-09 17:43:56,15.624,visa,debit,amy.chan711@gmail.com,468205,Low,5325,Existing User,30,,Approved,No,No,desktop,Windows,gmail.com,0
3273877,2025-03-23 16:47:10,115.16,mastercard,credit,mike.lee373@gmail.com,530905,Low,8193,Existing User,37,,Approved,No,No,mobile,0,gmail.com,0
3003722,2025-01-06 02:16:14,50,visa,credit,anna.lim728@gmail.com,457859,Low,7023,New User,32,,Approved,No,No,desktop,Windows,gmail.com,0
3088121,2025-01-24 16:03:54,104.94,visa,debit,anna.koh566@gmail.com,443360,Low,7549,Existing User,21,,Approved,No,No,desktop,rv:57.0,gmail.com,0
3076020,2025-01-22 17:04:47,25,mastercard,credit,tom.lee119@anonymous.com,520371,Medium,3768,New User,68,,Approved,No,No,desktop,Trident/7.0,anonymous.com,0
3023181,2025-01-11 03:34:24,200,visa,debit,alex.lee532@gmail.com,466562,Low,3718,Existing User,25,,Approved,No,No,desktop,Windows,gmail.com,0
3397808,2025-05-01 01:13:34,31.66,visa,debit,tom.tan604@hotmail.com,414591,Medium,7240,New User,55,,Approved,No,No,mobile,Moto Z2 Play Build/NPSS26.118-19-14,hotmail.com,0
3128426,2025-02-03 17:27:25,32.823,visa,credit,sarah.teo914@gmail.com,486676,Low,9287,Existing User,20,,Approved,No,No,mobile,HUAWEI Y625-U13 Build/HUAWEIY625-U13,gmail.com,0
3179211,2025-02-19 21:53:28,25,visa,credit,jason.teo634@outlook.com,425448,Low,6674,Existing User,17,,Approved,No,No,desktop,Windows,,0
3430466,2025-05-11 14:55:11,25,mastercard,debit,david.chan250@outlook.com,535971,Low,6277,Existing User,31,,Approved,No,No,desktop,MacOS,,0
3093403,2025-01-25 14:13:20,100,visa,credit,john.goh693@gmail.com,434479,Low,8995,Existing User,39,,Approved,No,Yes,mobile,iOS Device,gmail.com,0
3161484,2025-02-13 19:23:08,51.071,mastercard,debit,mike.ong640@hotmail.com,543294,Low,1643,Existing User,33,,Approved,No,No,desktop,Windows,hotmail.com,0
3367229,2025-04-21 00:32:09,50,visa,credit,john.chan500@aol.com,416906,Low,7535,Existing User,21,,Approved,No,Yes,desktop,MacOS,aol.com,0
3464866,2025-05-24 06:08:01,50.598,visa,credit,sarah.lee701@hotmail.com,435760,Low,2328,New User,48,,Approved,No,No,mobile,SM-P550 Build/NMF26X,hotmail.com,0
3233011,2025-03-09 18:54:11,10.271,mastercard,debit,sarah.chan777@gmail.com,510058,Low,7954,Existing User,31,,Approved,No,No,mobile,SM-G955F Build/NRD90M,gmail.com,0
3040008,2025-01-15 13:18:42,300,visa,credit,sarah.wong43@anonymous.com,449358,Medium,9691,Existing User,64,,Approved,No,No,desktop,Windows,anonymous.com,0
3464251,2025-05-23 23:03:30,67.505,visa,debit,anna.goh383@anonymous.com,462022,Medium,1427,Existing User,56,,Approved,No,No,desktop,Trident/7.0,anonymous.com,0
3306287,2025-04-02 21:21:11,29.908,mastercard,debit,anna.chan385@gmail.com,511301,Low,1402,Existing User,40,,Approved,No,No,desktop,0,gmail.com,0
3100588,2025-01-26 15:46:14,100,visa,credit,anna.lim705@yahoo.com,458104,Low,5531,Existing User,27,,Approved,No,No,desktop,Windows,yahoo.com,0
3027506,2025-01-12 15:01:03,100,discover,credit,david.ng882@gmail.com,630557,Low,6186,Existing User,22,,Approved,No,No,desktop,Trident/7.0,gmail.com,0
3452279,2025-05-19 16:25:43,100,mastercard,credit,tom.tan381@yahoo.com,511015,Low,6068,Existing User,22,,Approved,No,No,desktop,Windows,yahoo.com,0
3399797,2025-05-01 17:28:59,75,mastercard,credit,john.koh534@gmail.com,545628,Low,8796,Existing User,33,,Approved,No,No,mobile,iOS Device,gmail.com,0
3455515,2025-05-20 19:11:14,200,visa,credit,lisa.lee117@anonymous.com,413536,Low,3711,Existing User,49,,Approved,No,No,desktop,Windows,anonymous.com,0
3128368,2025-02-03 17:13:53,61.565,visa,debit,david.wong732@hotmail.com,499019,Low,2475,New User,45,,Approved,No,No,mobile,LG-D693n Build/LRX22G,hotmail.com,0
3270751,2025-03-22 06:41:56,40,visa,debit,alex.wong713@gmail.com,402424,Low,1582,Existing User,30,,Approved,No,No,mobile,iOS Device,gmail.com,0
3422419,2025-05-08 14:45:01,75,visa,credit,anna.goh786@gmail.com,467265,Low,8819,Existing User,30,,Approved,No,No,desktop,Windows,gmail.com,0
3273075,2025-03-23 04:36:46,50,visa,credit,amy.chan58@gmail.com,400561,Low,5693,New User,37,,Approved,No,No,mobile,Trident/7.0,gmail.com,0
3371892,2025-04-22 17:38:09,40.119,mastercard,credit,sarah.tan411@live.com.mx,537676,Low,7067,New User,43,,Approved,No,No,desktop,0,live.com.mx,0
3276554,2025-03-24 15:29:21,150,visa,credit,tom.koh566@anonymous.com,410400,Low,2635,Existing User,48,,Approved,No,No,desktop,Windows,anonymous.com,0
3074487,2025-01-22 06:25:12,250,visa,credit,david.chan783@aol.com,411038,Low,3591,Existing User,26,,Approved,No,No,desktop,Windows,aol.com,0
3217042,2025-03-05 00:39:01,19.334,visa,debit,john.lim399@gmail.com,484039,Low,9906,New User,44,,Approved,No,No,mobile,MotoG3 Build/MPIS24.65-33.1-2-16,gmail.com,0
3081719,2025-01-23 16:11:22,50,visa,debit,mike.teo946@anonymous.com,451062,Medium,9580,Existing User,63,ANONYMOUS_EMAIL,Rejected,Yes,No,mobile,iOS Device,anonymous.com,0
3057614,2025-01-19 05:55:37,50,visa,debit,sarah.goh211@gmail.com,400779,Low,3513,Existing User,22,,Approved,No,No,desktop,Trident/7.0,gmail.com,0
3531512,2025-06-16 03:56:40,15.739,visa,debit,sarah.tan244@anonymous.com,481033,High,8793,New User,76,HIGH_RISK_SCORE,Rejected,No,No,mobile,SAMSUNG SM-G950F Build/R16NW,anonymous.com,0
3246363,2025-03-13 22:43:31,101.868,visa,debit,jason.teo475@gmail.com,413019,Low,7331,New User,37,,Approved,No,No,desktop,Windows,gmail.com,0
3344459,2025-04-13 14:24:30,40.602,mastercard,debit,john.tan908@gmail.com,523381,Low,4574,New User,40,,Approved,No,No,desktop,Windows,,0
3263498,2025-03-19 19:39:01,100,visa,credit,mike.tan400@gmail.com,475090,Low,7498,Existing User,18,,Approved,No,No,desktop,Windows,gmail.com,0
3471063,2025-05-26 19:07:45,50,visa,debit,sarah.ong948@anonymous.com,415105,High,9878,New User,82,HIGH_RISK_SCORE,Rejected,No,No,mobile,iOS Device,anonymous.com,0
3129240,2025-02-03 20:37:39,33.522,visa,credit,mike.lim455@hotmail.com,448898,Low,6028,Existing User,30,,Approved,No,No,mobile,FRD-L14 Build/HUAWEIFRD-L14,hotmail.com,0
3424043,2025-05-08 21:51:10,99.598,mastercard,credit,alex.teo888@anonymous.com,524593,Low,4967,Existing User,43,,Approved,No,No,desktop,Trident/7.0,anonymous.com,0
3145028,2025-02-08 01:04:50,17.548,mastercard,debit,anna.ng395@outlook.com,517928,Low,2949,New User,40,,Approved,No,No,mobile,SM-J500M Build/MMB29M,outlook.com,0
3118943,2025-01-31 06:21:28,17.14,visa,debit,lisa.goh904@gmail.com,452597,Low,1336,Existing User,26,,Approved,No,No,mobile,LG-X165g Build/LRX21M,gmail.com,0
3061757,2025-01-19 23:51:50,100,visa,credit,david.goh543@gmail.com,461414,Low,5281,Existing User,33,,Approved,No,No,mobile,SAMSUNG-SM-G900A Build/MMB29M,gmail.com,0
3326939,2025-04-07 20:58:09,10,discover,credit,john.teo763@outlook.com,653920,Low,6621,New User,40,,Approved,No,No,desktop,Windows,,0
3073058,2025-01-21 23:57:23,50,visa,credit,lisa.lee754@gmail.com,443258,Low,9476,Existing User,26,,Approved,No,No,desktop,Windows,gmail.com,0
3319591,2025-04-05 19:14:06,200,visa,debit,david.ng620@gmail.com,418816,Low,7847,Existing User,32,,Approved,Yes,Yes,mobile,SM-N950U Build/NMF26X,gmail.com,0
3218668,2025-03-05 15:38:58,250,visa,credit,jason.teo259@gmail.com,439458,Low,5947,Existing User,36,,Approved,No,No,desktop,MacOS,gmail.com,0
3087230,2025-01-24 08:49:40,500,visa,credit,amy.tan562@gmail.com,496444,Low,7948,Existing User,46,,Approved,No,No,mobile,iOS Device,gmail.com,0
3067227,2025-01-20 23:42:40,25,visa,debit,lisa.ong938@gmail.com,425492,Low,8133,Existing User,40,,Approved,No,No,mobile,iOS Device,gmail.com,0
3376617,2025-04-24 00:29:32,50,visa,credit,anna.chan247@anonymous.com,458914,Medium,1861,New User,69,ANONYMOUS_EMAIL,Rejected,No,No,mobile,iOS Device,anonymous.com,0
3006113,2025-01-06 20:21:00,300,mastercard,credit,tom.wong989@yahoo.com,544712,Medium,7398,New User,55,,Approved,No,No,desktop,Windows,yahoo.com,0
3485744,2025-06-01 06:22:42,200,visa,debit,lisa.chan442@hotmail.com,419494,Low,5781,New User,45,,Approved,No,No,mobile,SAMSUNG-SM-J327A Build/NRD90M,hotmail.com,0
3096437,2025-01-25 21:26:01,20,visa,credit,sarah.wong73@outlook.com,459068,Low,2898,Existing User,22,,Approved,No,No,desktop,MacOS,,0
3006838,2025-01-06 23:07:11,42.596,visa,credit,mike.goh217@hotmail.com,417486,Low,7840,Existing User,25,,Approved,No,No,desktop,Windows,hotmail.com,0
3075612,2025-01-22 16:04:04,100,mastercard,credit,david.chan161@verizon.net,544588,Low,8769,Existing User,29,,Approved,No,No,desktop,Windows,verizon.net,0
3107453,2025-01-28 03:49:38,300,visa,credit,alex.koh680@me.com,482952,Low,8063,Existing User,32,,Approved,No,No,desktop,MacOS,me.com,0
3134488,2025-02-05 00:20:04,52.82,mastercard,credit,anna.lee800@gmail.com,546066,Low,9287,New User,32,,Approved,No,No,desktop,Windows,gmail.com,0
3118978,2025-01-31 07:15:12,30,visa,debit,amy.teo982@gmail.com,427540,Low,9813,Existing User,44,,Approved,No,No,mobile,iOS Device,gmail.com,0
3465913,2025-05-24 20:27:36,16.907,visa,debit,amy.ong570@hotmail.com,477561,Low,3987,Existing User,33,,Approved,No,No,desktop,Moto G (5) Build/NPP25.137-93,hotmail.com,0
3096577,2025-01-25 21:44:23,23.553,visa,debit,jason.wong683@hotmail.com,487334,Low,2146,New User,45,,Approved,No,No,desktop,0,hotmail.com,0
3040055,2025-01-15 13:42:48,25,visa,debit,john.lee30@yahoo.com,460367,Low,9447,Existing User,41,,Approved,No,No,mobile,iOS Device,yahoo.com,0
3194032,2025-02-25 00:43:32,88.033,visa,credit,amy.goh176@anonymous.com,486549,Low,1984,Existing User,47,,Approved,No,No,desktop,Windows,anonymous.com,0
3560347,2025-06-26 05:10:40,53.119,visa,credit,tom.teo395@gmail.com,491800,Low,3510,Existing User,18,,Approved,No,No,desktop,Windows,gmail.com,0
3186028,2025-02-22 01:07:12,86.692,visa,debit,anna.ng195@gmail.com,456073,Low,3456,Existing User,37,,Approved,No,No,mobile,ASUS_X015D Build/NRD90M,gmail.com,0
3090614,2025-01-24 21:50:09,100,visa,credit,amy.teo597@yahoo.com,441147,Low,5956,Existing User,37,,Approved,No,No,mobile,iOS Device,yahoo.com,0
3049184,2025-01-17 05:44:21,30.316,mastercard,credit,sarah.teo369@gmail.com,543749,Low,7495,Existing User,23,,Approved,No,No,desktop,Windows,gmail.com,0
3074721,2025-01-22 12:46:48,75,mastercard,debit,sarah.ng981@aol.com,511659,Low,5617,New User,37,,Approved,No,No,desktop,Windows,aol.com,0
3107253,2025-01-28 02:31:25,25,visa,debit,sarah.chan120@yahoo.com,468122,Low,2251,Existing User,26,,Approved,No,No,desktop,Windows,yahoo.com,0
3267872,2025-03-21 01:50:09,19.636,visa,debit,lisa.koh274@gmail.com,447444,Low,4946,Existing User,31,,Approved,No,No,mobile,SM-J700M Build/MMB29K,gmail.com,0
3560553,2025-06-26 12:08:52,100,mastercard,debit,anna.lim427@yahoo.com,546604,Low,4291,Existing User,37,,Approved,No,No,mobile,iOS Device,yahoo.com,0
3091101,2025-01-24 23:02:24,100,american express,credit,david.lim335@gmail.com,370488,Low,3192,Existing User,28,,Approved,No,No,mobile,iOS Device,gmail.com,0
3130109,2025-02-03 23:59:15,150,visa,debit,david.ng358@gmail.com,476360,Low,5418,Existing User,35,,Approved,Yes,No,mobile,iOS Device,gmail.com,1
3115639,2025-01-30 16:27:59,175,visa,credit,jason.wong847@anonymous.com,477586,Medium,7104,Existing User,52,,Approved,No,No,desktop,rv:11.0,anonymous.com,0
3415297,2025-05-06 03:33:53,100,visa,debit,david.ng586@gmail.com,494182,Low,2383,Existing User,29,,Approved,No,No,desktop,Windows,gmail.com,0
2997439,2025-01-04 17:17:16,11.722,visa,debit,lisa.lee590@hotmail.com,427570,Low,5512,Existing User,25,,Approved,No,No,desktop,Windows,hotmail.com,0
3031997,2025-01-13 15:13:30,23.378,visa,debit,david.lim814@hotmail.com,477074,Low,4279,Existing User,34,,Approved,No,No,mobile,SM-G610M Build/MMB29K,hotmail.com,0
3447853,2025-05-18 00:01:41,12.911,visa,debit,john.lim179@live.com.mx,462859,Low,1487,Existing User,39,,Approved,No,No,mobile,ALE-L23 Build/HuaweiALE-L23,live.com.mx,0
3499837,2025-06-05 11:29:41,17.214,mastercard,debit,john.lim820@gmail.com,550254,Low,8145,Existing User,44,,Approved,No,No,desktop,0,gmail.com,0
3192805,2025-02-24 18:53:04,10.902,visa,debit,anna.koh25@hotmail.com,424058,Low,3214,Existing User,28,,Approved,No,No,desktop,Windows,hotmail.com,0
3405439,2025-05-03 13:57:57,50,mastercard,credit,alex.lim857@yahoo.com,558858,Low,2339,Existing User,16,,Approved,No,No,desktop,Windows,,0
3103625,2025-01-27 01:52:32,50,visa,credit,sarah.tan280@gmail.com,439404,Low,7846,New User,42,,Approved,No,No,0,0,gmail.com,0
3402899,2025-05-02 16:10:55,150,mastercard,debit,tom.ong705@gmail.com,525604,Low,6451,Existing User,34,,Approved,No,No,desktop,Windows,gmail.com,0
3178051,2025-02-19 16:25:37,60,visa,credit,tom.chan338@gmail.com,438811,Low,3889,Existing User,15,,Approved,No,No,desktop,Windows,,0
3548822,2025-06-22 02:20:24,7.869,mastercard,debit,tom.ng668@gmail.com,510685,Low,4302,New User,42,,Approved,No,No,mobile,SM-G950F Build/R16NW,gmail.com,0
3075901,2025-01-22 16:50:11,125,visa,debit,tom.goh52@aol.com,497197,Low,5462,Existing User,27,,Approved,No,No,desktop,Trident/7.0,aol.com,0
3353230,2025-04-16 04:01:44,29.243,mastercard,debit,mike.lee477@anonymous.com,551592,Medium,2410,Existing User,52,,Approved,No,No,desktop,Windows,anonymous.com,0
3153258,2025-02-10 23:55:17,25,visa,debit,john.koh988@yahoo.com,426661,Medium,9077,Existing User,53,,Approved,No,No,mobile,0,,0
3182388,2025-02-20 21:34:10,29.616,visa,debit,amy.goh188@gmail.com,414541,Low,4971,Existing User,27,,Approved,No,No,desktop,Windows,gmail.com,0
3095679,2025-01-25 19:52:58,50,american express,credit,mike.lee665@gmail.com,378907,Low,7242,Existing User,22,,Approved,No,No,desktop,Trident/7.0,gmail.com,0
3059271,2025-01-19 17:31:16,325,visa,credit,amy.koh265@aol.com,490903,Low,4779,New User,46,,Approved,No,No,desktop,Trident/7.0,aol.com,0
3276000,2025-03-24 04:38:51,43.261,visa,debit,lisa.teo164@anonymous.com,494545,Medium,1010,Existing User,50,,Approved,No,No,desktop,Trident/7.0,anonymous.com,0
3387850,2025-04-27 22:56:15,33.11,mastercard,credit,jason.koh324@hotmail.com,517730,Low,7925,New User,32,,Approved,No,No,desktop,Windows,hotmail.com,0
3074306,2025-01-22 04:51:15,45.241,visa,credit,amy.ong19@hotmail.com,441771,Low,5577,Existing User,21,,Approved,No,No,mobile,SAMSUNG-SM-J320A Build/MMB29K,hotmail.com,0
3101236,2025-01-26 17:22:14,74.507,visa,debit,anna.wong973@gmail.com,421201,Low,6934,Existing User,29,,Approved,No,No,mobile,SM-A300H Build/LRX22G,gmail.com,0
3543958,2025-06-20 14:55:18,17.091,mastercard,debit,david.koh787@hotmail.fr,553508,Low,9975,Existing User,32,,Approved,No,No,mobile,SAMSUNG,hotmail.fr,0
3493990,2025-06-03 17:52:59,200,visa,credit,amy.koh581@gmail.com,491021,Low,3554,Existing User,20,,Approved,No,No,desktop,MacOS,gmail.com,0
3549652,2025-06-22 15:15:05,106,mastercard,credit,alex.teo425@gmail.com,518291,Low,1244,Existing User,20,,Approved,No,No,desktop,Windows,,0
3125842,2025-02-02 19:35:13,19.822,visa,debit,anna.teo362@hotmail.com,471122,Medium,6637,New User,55,,Approved,No,No,mobile,0,hotmail.com,0
3033924,2025-01-13 22:03:43,71.476,visa,credit,jason.teo994@gmail.com,419315,Low,9725,Existing User,37,,Approved,No,No,mobile,0,gmail.com,0
3038668,2025-01-15 00:09:35,100,discover,credit,john.teo514@aol.com,612877,Low,2184,Existing User,27,,Approved,No,No,mobile,iOS Device,aol.com,0
3304609,2025-04-02 15:07:39,92.745,visa,debit,david.wong993@hotmail.com,461177,Medium,3161,New User,55,,Approved,No,No,desktop,0,hotmail.com,0
3139973,2025-02-06 17:26:25,200,visa,debit,anna.tan731@anonymous.com,431634,Medium,1064,New User,60,,Approved,No,No,desktop,Windows,anonymous.com,0
3134028,2025-02-04 22:45:58,54.919,mastercard,credit,david.ong853@gmail.com,527795,Medium,3619,New User,54,,Approved,No,No,mobile,0,gmail.com,0
3452106,2025-05-19 15:16:59,150,mastercard,credit,jason.ng875@yahoo.com,555343,Low,8248,Existing User,27,,Approved,No,No,mobile,iOS Device,yahoo.com,0
3547793,2025-06-21 22:08:28,125,mastercard,credit,alex.ng324@hotmail.com,517694,Low,2141,New User,39,,Approved,No,No,desktop,Windows,,0
3345067,2025-04-13 18:04:17,35.406,visa,debit,tom.goh145@gmail.com,401329,Low,7396,Existing User,40,,Approved,No,No,mobile,F3113 Build/33.3.A.1.97,gmail.com,0
3021133,2025-01-10 19:20:52,150,mastercard,credit,jason.wong658@gmail.com,542332,Low,9569,Existing User,26,,Approved,Yes,No,mobile,iOS Device,gmail.com,1
3074317,2025-01-22 04:55:04,75,mastercard,debit,tom.lee426@yahoo.com,514451,Low,4699,Existing User,35,,Approved,No,No,mobile,iOS Device,yahoo.com,0
3063726,2025-01-20 13:34:02,300,american express,credit,sarah.teo326@anonymous.com,370173,High,1954,New User,79,,Approved,No,No,desktop,Windows,anonymous.com,0
3144785,2025-02-07 23:53:44,77.073,mastercard,credit,alex.goh366@anonymous.com,517467,Medium,5542,Existing User,56,,Approved,No,No,mobile,ALE-L21 Build/HuaweiALE-L21,anonymous.com,0
3301847,2025-04-01 19:18:39,300,mastercard,credit,mike.teo389@gmail.com,517018,Medium,1573,New User,64,,Approved,Yes,No,mobile,iOS Device,gmail.com,1
3507172,2025-06-07 23:56:00,50,american express,credit,anna.chan632@gmail.com,377399,Low,7968,New User,44,,Approved,No,No,desktop,Windows,gmail.com,0
3279876,2025-03-25 17:41:39,222,visa,credit,david.lim117@gmail.com,422581,Low,7252,Existing User,38,,Approved,No,No,desktop,MacOS,gmail.com,0
3363787,2025-04-19 23:11:31,25,discover,credit,jason.chan317@outlook.com,602379,Low,7097,Existing User,28,,Approved,No,No,desktop,Windows,,0
3084254,2025-01-23 21:01:33,13.059,mastercard,debit,alex.lee248@gmail.com,548227,Low,6659,Existing User,35,,Approved,No,No,mobile,Ilium LT500 Build/LMY47O,gmail.com,0
3556694,2025-06-24 21:34:12,100,visa,debit,lisa.tan323@yahoo.com,431755,Low,8622,Existing User,32,,Approved,No,Yes,mobile,iOS Device,yahoo.com,0
2993762,2025-01-03 15:57:07,5,visa,credit,tom.lee735@gmail.com,444902,Low,8939,Existing User,27,,Approved,No,No,desktop,MacOS,,0
3075904,2025-01-22 16:50:51,75,visa,credit,sarah.ong520@gmail.com,470978,Low,9940,Existing User,34,,Approved,No,No,desktop,0,gmail.com,0
3565673,2025-06-28 06:30:33,100,visa,debit,john.lee577@gmail.com,496945,Low,9767,Existing User,33,,Approved,No,No,mobile,iOS Device,gmail.com,0
3082193,2025-01-23 17:01:54,100,visa,debit,david.koh823@gmail.com,419553,Low,5999,Existing User,24,,Approved,No,No,desktop,Windows,gmail.com,0
3292438,2025-03-29 19:24:05,29.183,visa,debit,mike.ong335@hotmail.com,492619,Low,6725,Existing User,39,,Approved,No,No,desktop,0,hotmail.com,0
3203209,2025-02-28 02:29:54,16.434,visa,debit,anna.goh952@hotmail.com,469214,Low,6050,New User,49,,Approved,No,No,mobile,SM-G610M Build/MMB29K,hotmail.com,0
3548328,2025-06-22 00:17:27,75,mastercard,credit,sarah.chan853@gmail.com,550339,Low,5304,Existing User,29,,Approved,No,No,desktop,0,,0
3316812,2025-04-04 21:29:36,50,visa,debit,sarah.goh510@yahoo.com,485778,Low,6769,New User,47,,Approved,No,No,desktop,Windows,,0
3056098,2025-01-18 23:31:51,15,visa,debit,david.wong207@hotmail.com,486488,Low,4844,Existing User,20,,Approved,No,No,desktop,Windows,,0
2987844,2025-01-02 05:18:35,21.389,mastercard,credit,sarah.lee154@hotmail.es,537051,Low,7299,New User,32,,Approved,No,No,desktop,Windows,hotmail.es,0
3151010,2025-02-10 03:37:48,100,visa,credit,jason.chan778@gmail.com,465466,Medium,9906,New User,54,,Approved,No,No,mobile,iOS Device,gmail.com,0
3043344,2025-01-16 01:03:05,200,visa,credit,john.koh173@anonymous.com,460915,Low,3968,Existing User,48,,Approved,No,No,desktop,Windows,anonymous.com,0
3367590,2025-04-21 02:23:14,70,american express,credit,lisa.wong727@outlook.com,370225,Low,2538,Existing User,25,,Approved,No,No,desktop,MacOS,,0
3022918,2025-01-11 01:47:23,100,visa,credit,lisa.lee768@aol.com,462789,Low,6789,Existing User,31,,Approved,No,No,mobile,iOS Device,aol.com,0
3142570,2025-02-07 04:59:46,7.871,visa,debit,john.lim445@live.com.mx,489706,Low,7960,Existing User,30,,Approved,No,No,desktop,Windows,live.com.mx,0
3465868,2025-05-24 20:10:55,47.585,visa,debit,mike.koh613@gmail.com,470092,Medium,5003,New User,54,,Approved,No,No,0,0,gmail.com,0
3556949,2025-06-24 23:06:57,400,visa,debit,jason.wong800@gmail.com,447696,Low,5336,Existing User,35,,Approved,Yes,No,desktop,Windows,gmail.com,1
3467810,2025-05-25 16:46:33,100,american express,credit,anna.koh573@aol.com,370597,Low,2020,Existing User,17,,Approved,No,No,desktop,Trident/7.0,aol.com,0
3029276,2025-01-12 20:49:54,15,visa,debit,john.lim216@gmail.com,455941,Low,9111,Existing User,20,,Approved,No,No,desktop,Windows,gmail.com,0
3268465,2025-03-21 14:03:47,100,visa,credit,tom.ng735@outlook.com,408250,Low,4806,Existing User,16,,Approved,No,No,desktop,Windows,,0
3065255,2025-01-20 18:23:59,100,american express,credit,alex.wong580@aol.com,375347,Low,6976,New User,32,,Approved,No,No,desktop,Windows,aol.com,0
3018076,2025-01-09 22:07:58,100,mastercard,credit,david.wong875@optonline.net,551679,Low,2987,Existing User,32,,Approved,No,No,mobile,iOS Device,optonline.net,0
3129682,2025-02-03 22:16:43,57.484,mastercard,debit,lisa.ng143@outlook.com,556543,Medium,8392,New User,50,,Approved,No,No,desktop,0,outlook.com,0
3529643,2025-06-15 17:35:27,100,visa,debit,sarah.goh42@anonymous.com,497198,Medium,8589,Existing User,57,,Approved,No,No,desktop,MacOS,anonymous.com,0
3547786,2025-06-21 22:07:56,125,mastercard,credit,anna.goh905@outlook.com,519101,Low,8641,New User,49,,Approved,No,No,desktop,0,,0
2997029,2025-01-04 15:07:12,60,visa,credit,jason.tan701@hotmail.com,486731,Low,7701,New User,38,,Approved,No,No,desktop,Windows,,0
3348946,2025-04-14 21:26:45,40.723,visa,debit,lisa.chan16@gmail.com,402037,Low,9310,New User,41,,Approved,No,No,desktop,Windows,gmail.com,0
3113969,2025-01-30 01:32:07,40.227,mastercard,debit,jason.lim752@gmail.com,527375,Medium,8273,New User,55,,Approved,No,No,mobile,LG-H320 Build/LRX21Y,gmail.com,0
3079981,2025-01-23 04:29:04,34.047,visa,debit,amy.goh616@gmail.com,436970,Low,9524,Existing User,23,,Approved,No,No,desktop,Windows,gmail.com,0
3040833,2025-01-15 16:45:41,35.404,visa,debit,david.ng657@gmail.com,458517,Low,9939,Existing User,30,,Approved,No,No,desktop,0,gmail.com,0
3031450,2025-01-13 06:54:49,42.792,visa,credit,tom.tan232@anonymous.com,463311,Medium,2546,New User,70,ANONYMOUS_EMAIL,Rejected,No,No,desktop,Windows,anonymous.com,0
3478352,2025-05-29 12:14:27,30,mastercard,debit,alex.chan607@gmail.com,519667,Low,5775,Existing User,27,,Approved,No,No,desktop,Windows,,0
3152944,2025-02-10 22:26:40,7.929,mastercard,credit,david.chan553@gmail.com,551834,Low,7692,New User,40,,Approved,No,No,mobile,Ilium LT510 Build/MRA58K,gmail.com,0
3099529,2025-01-26 08:00:48,20,visa,credit,amy.lee564@outlook.com,478659,Low,2234,Existing User,15,,Approved,No,No,desktop,Windows,,0
3154536,2025-02-11 15:29:25,100,visa,debit,alex.teo944@aol.com,449354,Low,8093,Existing User,25,,Approved,No,No,desktop,MacOS,aol.com,0
3041898,2025-01-15 20:11:03,100,mastercard,debit,jason.ng730@gmail.com,543649,Low,2055,Existing User,25,,Approved,No,No,desktop,Windows,gmail.com,0
3206450,2025-03-01 16:54:53,100,visa,debit,tom.chan853@anonymous.com,431038,High,2633,New User,79,,Approved,No,No,mobile,iOS Device,anonymous.com,0
3052025,2025-01-17 22:31:14,150,mastercard,debit,john.teo273@gmail.com,549615,Low,9135,Existing User,33,,Approved,No,No,desktop,MacOS,gmail.com,0
3567817,2025-06-29 12:03:22,100,mastercard,credit,sarah.goh666@gmail.com,522912,Low,4329,Existing User,34,,Approved,No,No,mobile,SM-G955U Build/R16NW,gmail.com,0
3347533,2025-04-14 14:23:19,200,visa,debit,jason.tan206@gmail.com,450070,Low,2035,New User,47,,Approved,No,No,mobile,iOS Device,gmail.com,0
3079571,2025-01-23 02:36:21,150,american express,credit,alex.teo405@anonymous.com,370476,Low,2604,Existing User,41,,Approved,No,No,desktop,Windows,anonymous.com,0
3491511,2025-06-02 21:11:06,10,mastercard,debit,amy.tan338@yahoo.com,516821,Medium,9167,Existing User,52,,Approved,Yes,No,mobile,0,,1
3142730,2025-02-07 10:51:55,49.438,visa,credit,lisa.tan997@anonymous.com,470890,Low,1081,Existing User,41,,Approved,No,No,desktop,Windows,anonymous.com,0
3052926,2025-01-18 02:08:14,54.161,mastercard,debit,jason.lim378@gmail.com,518170,Low,6087,Existing User,34,,Approved,No,No,desktop,Windows,gmail.com,0
3236070,2025-03-10 17:53:59,61.326,visa,credit,amy.lee484@hotmail.com,442573,Low,9910,Existing User,19,,Approved,No,No,desktop,Windows,hotmail.com,0
3545251,2025-06-20 22:51:31,15.002,mastercard,debit,alex.wong955@live.fr,538570,Low,3712,Existing User,32,,Approved,No,No,desktop,0,live.fr,0
3079656,2025-01-23 02:54:42,34.047,mastercard,credit,lisa.teo281@gmail.com,530268,Low,8019,New User,45,,Approved,No,No,desktop,Windows,gmail.com,0
3320344,2025-04-05 22:45:19,51.538,visa,credit,mike.chan822@gmail.com,429269,Low,5401,New User,48,,Approved,Yes,No,mobile,Redmi Note 4 Build/NRD90M,gmail.com,1
3022257,2025-01-10 23:05:03,400,visa,credit,lisa.ong543@anonymous.com,494119,Medium,9847,New User,73,HIGH_AMOUNT,Rejected,No,No,desktop,Windows,anonymous.com,0
3107654,2025-01-28 06:05:16,22.562,mastercard,debit,jason.ong39@gmail.com,531968,Medium,1231,New User,51,,Approved,No,No,mobile,SM-G935F Build/NRD90M,gmail.com,0
3075908,2025-01-22 16:51:05,50,visa,debit,sarah.chan822@hotmail.com,452510,Low,9931,Existing User,25,,Approved,No,No,desktop,Trident/7.0,hotmail.com,0
3193266,2025-02-24 21:04:52,25,visa,debit,sarah.ng194@yahoo.com,464407,Low,6138,New User,49,,Approved,Yes,No,desktop,Windows,yahoo.com,1
3286018,2025-03-27 15:24:01,44.107,visa,debit,anna.koh940@gmail.com,406964,Low,4693,Existing User,35,,Approved,No,No,mobile,SM-G532M Build/MMB29T,gmail.com,0
3025226,2025-01-11 21:27:19,50,visa,debit,jason.ong162@anonymous.com,420837,High,3311,New User,79,HIGH_RISK_SCORE,Rejected,No,No,mobile,iOS Device,anonymous.com,0
3054305,2025-01-18 17:29:31,300,american express,credit,tom.wong386@gmail.com,377179,Low,4157,Existing User,26,,Approved,No,No,desktop,Windows,gmail.com,0
3205866,2025-03-01 03:34:39,11.299,mastercard,debit,alex.lim412@anonymous.com,521692,Medium,5844,New User,74,,Approved,No,No,desktop,Windows,anonymous.com,0
3542789,2025-06-19 22:52:37,18.707,mastercard,debit,david.chan668@gmail.com,514270,Low,6651,Existing User,48,,Approved,No,No,mobile,0,gmail.com,0
3495511,2025-06-04 01:23:59,100,visa,credit,tom.teo735@gmail.com,437641,Low,3499,Existing User,24,,Approved,No,No,desktop,Trident/7.0,gmail.com,0
3098644,2025-01-26 03:28:01,30,visa,debit,tom.ong902@aol.com,423149,Low,8601,New User,47,,Approved,No,No,mobile,iOS Device,aol.com,0
3217122,2025-03-05 00:59:14,30,visa,debit,amy.lim566@outlook.com,402317,Medium,4566,Existing User,51,,Approved,No,No,mobile,0,,0
3362202,2025-04-19 12:29:26,75,visa,debit,amy.lim432@gmail.com,454304,Medium,1637,New User,51,,Approved,No,No,mobile,SM-G900P Build/MMB29M,gmail.com,0
3042246,2025-01-15 21:17:56,250,visa,debit,david.teo873@msn.com,433486,Medium,3408,Existing User,51,,Approved,No,No,mobile,SAMSUNG SM-G950U Build/NRD90M,msn.com,0
3037507,2025-01-14 20:02:32,25,american express,credit,anna.goh497@charter.net,370977,Low,4862,Existing User,32,,Approved,No,No,mobile,iOS Device,charter.net,0
3088245,2025-01-24 16:25:32,100,visa,credit,tom.lee136@gmail.com,424644,Low,3556,New User,38,,Approved,No,No,desktop,Trident/7.0,gmail.com,0
3365065,2025-04-20 14:21:55,20,visa,debit,jason.goh401@gmail.com,466158,Low,3369,New User,38,,Approved,No,No,desktop,MacOS,,0
3484234,2025-05-31 18:49:43,25.287,visa,debit,alex.lee349@gmail.com,480924,Low,8870,New User,35,,Approved,No,No,desktop,Windows,gmail.com,0
3061813,2025-01-20 00:00:45,75,mastercard,credit,sarah.lim499@comcast.net,550554,Low,9811,Existing User,35,,Approved,No,No,desktop,MacOS,comcast.net,0
3141871,2025-02-07 00:22:21,175,visa,credit,david.chan831@gmail.com,448198,Low,6580,Existing User,31,,Approved,Yes,No,mobile,iOS Device,gmail.com,1
3110160,2025-01-28 23:11:39,50,visa,debit,david.koh496@hotmail.com,410538,Low,8793,Existing User,32,,Approved,Yes,No,desktop,Windows,hotmail.com,1
3039312,2025-01-15 02:53:26,50,visa,credit,john.teo32@gmail.com,471998,Low,2760,Existing User,27,,Approved,No,No,desktop,Windows,,0
3192274,2025-02-24 15:45:17,60,visa,debit,david.ong662@gmail.com,452611,Low,4811,Existing User,32,,Approved,No,No,desktop,Windows,gmail.com,0
3355903,2025-04-17 01:31:55,25,visa,debit,sarah.chan987@anonymous.com,494929,Medium,6436,Existing User,50,,Approved,No,No,desktop,Windows,anonymous.com,0
3076923,2025-01-22 19:09:57,50,visa,credit,john.goh347@sbcglobal.net,433177,Low,6346,Existing User,22,,Approved,No,No,desktop,Windows,sbcglobal.net,0
3238587,2025-03-11 15:13:16,24.772,visa,debit,tom.chan180@anonymous.com,405613,Medium,4860,Existing User,55,,Approved,No,No,desktop,0,anonymous.com,0
3553468,2025-06-23 19:46:41,100,visa,credit,mike.tan667@yahoo.com,490769,Low,8109,Existing User,19,,Approved,No,Yes,desktop,Windows,yahoo.com,0
3278110,2025-03-24 23:15:38,40,visa,credit,mike.wong960@outlook.com,431946,Low,9679,Existing User,24,,Approved,No,No,desktop,Windows,,0
3079991,2025-01-23 04:32:49,50,visa,credit,david.wong871@me.com,456804,Low,8945,Existing User,25,,Approved,No,No,desktop,MacOS,me.com,0
3415448,2025-05-06 05:27:15,43.651,visa,credit,tom.ong106@hotmail.com,430822,Low,2834,Existing User,39,,Approved,No,No,mobile,0,hotmail.com,0
3311716,2025-04-03 20:19:02,200,mastercard,debit,anna.lee380@anonymous.com,539102,High,7599,New User,77,HIGH_RISK_SCORE,Rejected,No,No,mobile,iOS Device,anonymous.com,0
3434657,2025-05-12 22:12:53,76.727,visa,debit,lisa.tan882@gmail.com,461632,Low,7426,Existing User,28,,Approved,No,No,desktop,Windows,gmail.com,0
3443384,2025-05-16 00:03:45,250,visa,credit,sarah.ng994@hotmail.com,448026,Low,2454,Existing User,32,,Approved,No,No,desktop,Windows,hotmail.com,0
2993008,2025-01-03 04:19:55,400,mastercard,credit,mike.ong176@hotmail.com,513174,Low,9036,Existing User,37,,Approved,No,No,desktop,Windows,hotmail.com,0
3570932,2025-06-30 17:44:49,300,visa,credit,mike.teo690@gmail.com,468448,Low,6198,Existing User,39,,Approved,Yes,No,desktop,MacOS,gmail.com,1
2993428,2025-01-03 14:06:00,35,visa,credit,amy.wong60@hotmail.com,471421,Low,8216,Existing User,25,,Approved,No,No,mobile,iOS Device,hotmail.com,0
3440470,2025-05-15 00:31:30,22.993,visa,debit,alex.lim535@hotmail.com,468219,Low,3792,Existing User,34,,Approved,No,No,mobile,Blade L5 Build/LMY47I,hotmail.com,0
3540470,2025-06-19 04:58:14,230.673,visa,credit,mike.ng520@gmail.com,404524,Low,9831,New User,40,,Approved,Yes,No,desktop,Windows,gmail.com,1
3226983,2025-03-07 17:28:37,100,visa,credit,john.goh840@yahoo.com,484007,Low,1829,Existing User,28,,Approved,No,No,desktop,Windows,yahoo.com,0
3506978,2025-06-07 22:43:03,150,visa,credit,lisa.wong320@bellsouth.net,436979,Low,6331,Existing User,31,,Approved,No,No,desktop,MacOS,bellsouth.net,0
3522546,2025-06-13 02:52:57,137.9,mastercard,debit,alex.lee248@gmail.com,522010,Low,8788,Existing User,33,,Approved,No,Yes,mobile,Moto X Play Build/NPD26.48-24-1,gmail.com,0
3140639,2025-02-06 19:46:30,250,visa,debit,david.ng108@yahoo.com,488998,Low,2635,Existing User,32,,Approved,No,No,desktop,Windows,,0
3106956,2025-01-28 00:59:24,53.869,visa,debit,alex.lim99@outlook.com,477609,Low,2128,Existing User,21,,Approved,No,No,desktop,Windows,,0
3028276,2025-01-12 17:44:05,125,visa,debit,alex.teo852@gmail.com,422234,Low,2238,Existing User,31,,Approved,No,No,desktop,Windows,gmail.com,0
3485004,2025-05-31 23:23:01,11.128,mastercard,debit,alex.ng847@gmail.com,553168,Medium,7657,New User,50,,Approved,No,No,desktop,Windows,gmail.com,0
3410896,2025-05-05 01:54:13,75,visa,debit,lisa.goh680@gmail.com,452962,Low,6610,Existing User,32,,Approved,No,No,desktop,Trident/7.0,gmail.com,0
3091866,2025-01-25 01:02:10,100,visa,debit,anna.koh328@hotmail.com,446891,Low,9536,Existing User,31,,Approved,No,No,mobile,iOS Device,hotmail.com,0
3030459,2025-01-13 00:38:19,25,visa,credit,anna.koh452@gmail.com,474663,Low,8157,Existing User,26,,Approved,No,No,desktop,MacOS,gmail.com,0
3168187,2025-02-16 02:23:17,38.245,mastercard,credit,jason.wong637@gmail.com,525042,Low,6402,New User,32,,Approved,No,No,desktop,Windows,gmail.com,0
3222609,2025-03-06 15:23:52,58.694,visa,debit,anna.ng695@gmail.com,468877,Low,5082,Existing User,39,,Approved,No,No,desktop,0,gmail.com,0
3389349,2025-04-28 14:51:20,18.851,visa,credit,mike.teo937@hotmail.com,495402,Low,1334,Existing User,27,,Approved,No,No,desktop,Windows,hotmail.com,0
3080474,2025-01-23 12:20:04,100,visa,credit,amy.ng287@yahoo.com,482476,Low,2401,Existing User,26,,Approved,No,No,desktop,MacOS,yahoo.com,0
3093727,2025-01-25 15:25:42,50,discover,credit,sarah.chan103@aol.com,654025,Low,2609,Existing User,35,,Approved,No,No,mobile,iOS Device,aol.com,0
3402154,2025-05-02 05:07:54,81.446,mastercard,debit,anna.wong873@gmail.com,558540,Medium,7013,New User,65,NEW_USER_RULE,Rejected,No,No,desktop,0,gmail.com,0
3189365,2025-02-23 15:52:43,7.754,visa,debit,sarah.ng700@hotmail.com,417727,Low,9412,Existing User,32,,Approved,No,No,mobile,LG-H500 Build/LRX21Y,hotmail.com,0
3047106,2025-01-16 21:04:01,250,visa,debit,david.koh757@gmail.com,484409,Low,7294,Existing User,31,,Approved,No,No,desktop,Windows,gmail.com,0
3028592,2025-01-12 18:48:14,25,visa,credit,david.lee324@gmail.com,481989,Low,4052,New User,44,,Approved,No,No,desktop,Windows,gmail.com,0
3066035,2025-01-20 20:30:55,75,mastercard,credit,lisa.lee226@hotmail.com,523932,Low,9614,Existing User,39,,Approved,No,No,mobile,SM-G955U Build/NRD90M,hotmail.com,0
3296190,2025-03-30 23:28:02,100,visa,debit,alex.goh476@gmail.com,455383,Low,1437,Existing User,22,,Approved,No,No,desktop,Windows,gmail.com,0
3510676,2025-06-09 02:30:43,69.551,mastercard,credit,tom.wong262@gmail.com,538939,Low,9265,Existing User,32,,Approved,No,No,mobile,SM-G950U1 Build/R16NW,gmail.com,0
3169170,2025-02-16 17:12:55,200,visa,credit,jason.goh868@anonymous.com,494747,Low,7692,Existing User,42,,Approved,No,No,desktop,Trident/7.0,anonymous.com,0
3164560,2025-02-14 19:26:42,50.838,mastercard,debit,alex.teo785@gmail.com,529345,Low,1822,Existing User,31,,Approved,No,No,desktop,Windows,gmail.com,0
3105562,2025-01-27 19:22:58,150,american express,credit,david.koh760@gmail.com,379443,Low,9793,Existing User,29,,Approved,No,No,desktop,Windows,gmail.com,0
3173416,2025-02-17 23:19:16,50,visa,debit,john.ong618@yahoo.com,415070,Low,7604,Existing User,36,,Approved,No,No,mobile,SAMSUNG-SM-G935A Build/NRD90M,yahoo.com,0
3335057,2025-04-10 04:32:12,37.4,visa,debit,alex.ng32@yahoo.com,431252,Low,8389,New User,45,,Approved,No,No,desktop,Windows,,0
3220651,2025-03-05 23:01:21,26.162,visa,credit,tom.goh3@gmail.com,427190,Low,5687,New User,44,,Approved,No,No,desktop,0,gmail.com,0
3066783,2025-01-20 22:31:19,125,visa,debit,lisa.chan965@anonymous.com,455439,Medium,7237,Existing User,54,,Approved,No,No,desktop,MacOS,anonymous.com,0
3200646,2025-02-27 15:20:01,30,visa,debit,mike.koh746@gmail.com,496550,Low,7442,Existing User,28,,Approved,No,No,desktop,Windows,gmail.com,0
3301792,2025-04-01 19:05:39,250,visa,credit,jason.koh843@anonymous.com,466246,Medium,3393,Existing User,62,ANONYMOUS_EMAIL,Rejected,No,No,desktop,Windows,anonymous.com,0
3252251,2025-03-16 03:21:58,10.252,visa,debit,sarah.lim365@gmail.com,469184,Low,8560,Existing User,43,,Approved,No,No,desktop,0,gmail.com,0
3026835,2025-01-12 04:26:13,250,mastercard,credit,sarah.lim251@yahoo.com,534623,Medium,8101,New User,55,,Approved,No,No,desktop,Windows,,0
3085616,2025-01-24 00:01:12,50,visa,debit,david.lim136@yahoo.com,468132,Low,2696,Existing User,32,,Approved,No,No,mobile,iOS Device,yahoo.com,0
3525423,2025-06-14 04:30:25,26.067,mastercard,debit,alex.tan137@gmail.com,513279,Low,2465,New User,44,,Approved,No,No,mobile,SM-J730GM Build/NRD90M,gmail.com,0
3088363,2025-01-24 16:41:06,50,mastercard,debit,lisa.ong905@gmail.com,512370,Low,2019,Existing User,45,,Approved,No,No,mobile,iOS Device,gmail.com,0
3577082,2025-07-02 21:21:45,2.784,visa,debit,sarah.lim341@gmail.com,464010,Low,9008,New User,40,,Approved,No,No,mobile,LG-X180g Build/LMY47I,gmail.com,0
3002086,2025-01-05 20:23:45,50,visa,credit,amy.chan808@yahoo.com,495356,Low,5095,New User,40,,Approved,No,No,desktop,Windows,yahoo.com,0
3101966,2025-01-26 19:15:33,50,mastercard,debit,jason.teo581@gmail.com,538903,Low,6963,New User,46,,Approved,No,No,mobile,iOS Device,gmail.com,0
3154208,2025-02-11 12:45:56,20,visa,debit,amy.teo513@outlook.com,486863,Low,8374,Existing User,23,,Approved,No,Yes,desktop,Windows,,0
3046743,2025-01-16 20:06:51,40,discover,credit,alex.lee329@aol.com,623814,Low,7793,Existing User,17,,Approved,No,No,desktop,Windows,aol.com,0
3082972,2025-01-23 18:26:13,14.983,mastercard,debit,john.lee969@hotmail.com,556420,Low,5189,New User,48,,Approved,No,No,desktop,0,hotmail.com,0
3051411,2025-01-17 20:25:38,50,mastercard,debit,john.koh489@gmail.com,528612,Low,5778,Existing User,41,,Approved,No,No,0,0,gmail.com,0
3114150,2025-01-30 02:51:19,76.023,visa,credit,john.teo1@gmail.com,429914,Low,9923,Existing User,39,,Approved,No,No,desktop,0,gmail.com,0
3066827,2025-01-20 22:38:31,100,mastercard,debit,amy.teo64@anonymous.com,535368,Low,6718,Existing User,46,,Approved,No,No,desktop,Trident/7.0,anonymous.com,0
3228806,2025-03-08 02:18:56,60.903,visa,debit,jason.goh757@hotmail.com,470455,Low,3076,New User,40,,Approved,No,No,desktop,rv:11.0,hotmail.com,0
3280298,2025-03-25 19:45:56,12.567,visa,credit,david.koh629@hotmail.com,442393,Low,4558,Existing User,34,,Approved,No,No,desktop,0,hotmail.com,0
3575060,2025-07-02 01:48:14,45.894,mastercard,debit,sarah.lee136@hotmail.com,554995,Low,1054,Existing User,26,,Approved,No,No,mobile,SAMSUNG SM-A310F Build/NRD90M,hotmail.com,0
2999909,2025-01-05 04:08:05,150,visa,credit,alex.goh285@yahoo.com,462175,Low,3855,Existing User,37,,Approved,No,No,mobile,iOS Device,yahoo.com,0
3077720,2025-01-22 21:01:18,100,american express,credit,sarah.goh477@anonymous.com,375421,Medium,1924,New User,63,,Approved,No,No,desktop,MacOS,anonymous.com,0
3048405,2025-01-17 01:05:30,125,visa,debit,david.chan974@msn.com,448969,Low,3600,Existing User,36,,Approved,No,No,mobile,KFJWI,msn.com,0
3327235,2025-04-07 22:17:19,100,mastercard,debit,alex.teo61@yahoo.com,546297,Low,3181,Existing User,32,,Approved,No,No,mobile,SM-J700T Build/NMF26X,yahoo.com,0
3327466,2025-04-07 23:21:49,210.262,visa,debit,david.ong915@anonymous.com,457588,Medium,8477,Existing User,59,,Approved,No,No,desktop,Windows,anonymous.com,0
3298840,2025-03-31 20:34:25,300,visa,credit,jason.ong600@hotmail.com,443755,Low,4717,Existing User,32,,Approved,No,No,desktop,Windows,,0
3453232,2025-05-19 21:57:01,250,mastercard,credit,alex.wong514@anonymous.com,514556,Medium,5429,Existing User,57,,Approved,No,No,desktop,Windows,anonymous.com,0
3281471,2025-03-26 01:33:13,59.937,visa,credit,amy.tan37@hotmail.com,477058,Medium,9368,New User,65,NEW_USER_RULE,Rejected,No,No,mobile,0,hotmail.com,0
3525566,2025-06-14 08:56:20,50,visa,debit,jason.lim246@gmail.com,428294,Low,4699,Existing User,37,,Approved,No,No,desktop,MacOS,gmail.com,0
3182691,2025-02-20 22:43:46,200,mastercard,credit,mike.lim294@icloud.com,551935,Medium,3707,Existing User,50,,Approved,Yes,No,mobile,0,icloud.com,1
3382181,2025-04-25 22:10:16,92.594,mastercard,credit,jason.teo322@anonymous.com,515433,Medium,1828,Existing User,53,,Approved,No,No,desktop,Windows,anonymous.com,0
3068622,2025-01-21 04:45:42,66.356,visa,debit,anna.lee491@hotmail.com,428999,Low,5289,Existing User,42,,Approved,No,No,desktop,0,hotmail.com,0
3212492,2025-03-03 17:42:08,75,visa,credit,david.goh334@anonymous.com,438527,Medium,2561,New User,70,ANONYMOUS_EMAIL,Rejected,No,No,desktop,rv:58.0,anonymous.com,0
3320055,2025-04-05 21:30:11,77.338,visa,debit,david.lim87@hotmail.com,409533,Low,9289,Existing User,34,,Approved,No,No,desktop,Moto E (4) Plus Build/NMA26.42-11-3,hotmail.com,0
3082321,2025-01-23 17:16:47,200,american express,credit,mike.wong52@anonymous.com,371004,Low,4503,Existing User,49,,Approved,No,No,desktop,Trident/7.0,anonymous.com,0
3212062,2025-03-03 15:21:04,50,visa,credit,john.teo686@hotmail.com,414300,Low,5864,Existing User,21,,Approved,No,No,desktop,Windows,hotmail.com,0
3239344,2025-03-11 18:44:53,50,visa,debit,mike.tan296@live.com,470636,Low,4772,Existing User,33,,Approved,No,No,mobile,iOS Device,live.com,0
3114095,2025-01-30 02:29:18,16.557,visa,debit,tom.tan410@hotmail.com,449223,Medium,3817,New User,70,,Approved,No,No,mobile,0,hotmail.com,0
3074383,2025-01-22 05:17:58,125,visa,credit,john.lee486@anonymous.com,488395,Medium,5570,New User,72,ANONYMOUS_EMAIL,Rejected,No,No,desktop,MacOS,anonymous.com,0
3054310,2025-01-18 17:30:29,50,visa,debit,tom.teo870@anonymous.com,447125,Medium,3106,Existing User,57,,Approved,No,No,mobile,iOS Device,anonymous.com,0
3105685,2025-01-27 19:48:01,30,visa,credit,mike.lim832@gmail.com,435686,Low,3823,Existing User,37,,Approved,No,No,mobile,iOS Device,gmail.com,0
3182671,2025-02-20 22:40:03,200,mastercard,credit,alex.goh445@hotmail.com,542700,Medium,9875,Existing User,50,,Approved,Yes,Yes,mobile,0,hotmail.com,1
3348397,2025-04-14 18:52:19,90.388,visa,credit,tom.teo813@gmail.com,443241,Low,2198,Existing User,15,,Approved,No,No,desktop,Windows,gmail.com,0
3307946,2025-04-03 08:44:22,32.023,visa,debit,alex.goh939@gmail.com,450279,Low,9446,Existing User,34,,Approved,Yes,No,desktop,Windows,gmail.com,1
3101153,2025-01-26 17:09:42,125,visa,credit,alex.tan187@gmail.com,447012,Low,4128,New User,43,,Approved,No,No,mobile,iOS Device,gmail.com,0
3325311,2025-04-07 05:58:30,21.268,mastercard,debit,sarah.lee489@anonymous.com,513179,Medium,3817,Existing User,50,,Approved,No,No,mobile,SM-J320M Build/LMY47V,anonymous.com,0
3219594,2025-03-05 19:07:08,19.395,mastercard,credit,amy.tan628@gmail.com,512719,Low,4310,Existing User,33,,Approved,Yes,No,desktop,0,gmail.com,1
3503192,2025-06-06 13:54:16,7.255,visa,debit,mike.lee436@icloud.com,474919,Low,3859,Existing User,48,,Approved,No,No,mobile,0,icloud.com,0
3059592,2025-01-19 18:20:37,25.361,mastercard,debit,sarah.tan233@yahoo.com.mx,527172,Medium,4467,New User,59,,Approved,No,No,desktop,0,yahoo.com.mx,0
3082610,2025-01-23 17:46:58,100,american express,credit,lisa.ng120@anonymous.com,370367,Medium,5964,Existing User,55,,Approved,No,No,desktop,Windows,anonymous.com,0
3407921,2025-05-04 10:55:27,126.776,mastercard,credit,tom.ong296@hotmail.co.uk,546437,Low,9237,Existing User,38,,Approved,No,No,0,0,hotmail.co.uk,0
3053686,2025-01-18 14:34:22,50,visa,credit,david.wong658@hotmail.com,452901,Low,9926,Existing User,19,,Approved,No,Yes,desktop,Windows,hotmail.com,0
3571634,2025-06-30 21:36:31,82.629,mastercard,debit,sarah.ng33@hotmail.com,513032,Low,4142,Existing User,32,,Approved,Yes,No,mobile,LG-D680 Build/KOT49I,hotmail.com,1
3114542,2025-01-30 06:24:06,30,visa,debit,amy.lee772@gmail.com,438050,Low,8576,New User,36,,Approved,No,No,desktop,MacOS,gmail.com,0
3041838,2025-01-15 19:56:34,150,visa,credit,amy.wong723@gmail.com,468323,Low,8020,Existing User,35,,Approved,No,No,mobile,iOS Device,gmail.com,0
2992496,2025-01-03 01:12:18,10,visa,debit,alex.teo932@hotmail.com,411347,Low,1494,Existing User,32,,Approved,No,No,desktop,MacOS,,0
3356189,2025-04-17 03:58:47,100,visa,credit,mike.ong665@gmail.com,426212,Low,7270,Existing User,25,,Approved,No,Yes,mobile,SM-G930V Build/NRD90M,gmail.com,0
3367509,2025-04-21 01:56:59,100,visa,debit,sarah.lee11@comcast.net,450038,Low,8665,Existing User,34,,Approved,No,No,desktop,MacOS,comcast.net,0
3386811,2025-04-27 18:22:45,5.256,visa,credit,anna.lim418@outlook.com,427935,Low,9341,Existing User,18,,Approved,No,No,desktop,Windows,outlook.com,0
3333194,2025-04-09 20:43:31,25,mastercard,debit,mike.ng620@gmail.com,546046,Low,7859,Existing User,41,,Approved,No,No,mobile,SM-T230NU Build/KOT49H,,0
3353357,2025-04-16 05:47:08,49.907,mastercard,debit,lisa.lim841@hotmail.com,527778,Medium,4779,New User,60,,Approved,No,No,mobile,0,hotmail.com,0
3042967,2025-01-15 23:39:41,76.532,visa,debit,david.chan154@gmail.com,484844,Low,3071,Existing User,29,,Approved,No,No,desktop,Windows,gmail.com,0
3083240,2025-01-23 18:56:43,39.178,visa,credit,amy.wong793@outlook.com,476176,Low,3233,Existing User,17,,Approved,No,No,desktop,Windows,outlook.com,0
3464967,2025-05-24 12:27:57,21.088,visa,debit,tom.wong73@gmail.com,430612,Low,3326,Existing User,34,,Approved,No,No,mobile,SM-J700M Build/LMY48B,gmail.com,0
3228939,2025-03-08 03:21:30,17.643,visa,credit,tom.ng24@outlook.com,406346,Low,4209,Existing User,22,,Approved,No,No,mobile,SM-G531H Build/LMY48B,outlook.com,0
3091901,2025-01-25 01:10:07,450,visa,credit,lisa.teo861@aol.com,460109,Medium,7806,New User,50,,Approved,No,No,desktop,Windows,aol.com,0
3107902,2025-01-28 13:13:17,100,visa,credit,anna.lee555@gmail.com,414860,Low,5153,New User,46,,Approved,No,No,mobile,iOS Device,gmail.com,0
3128745,2025-02-03 18:51:38,50,mastercard,debit,alex.tan164@gmail.com,545146,Low,5545,New User,41,,Approved,No,No,desktop,Trident/7.0,gmail.com,0
3036702,2025-01-14 17:27:35,100,discover,credit,sarah.lim549@anonymous.com,624586,Medium,4838,New User,57,,Approved,No,No,desktop,Windows,anonymous.com,0
3062547,2025-01-20 02:02:17,50,visa,credit,amy.chan618@anonymous.com,445104,Medium,5312,Existing User,54,,Approved,No,No,desktop,Windows,anonymous.com,0
3281946,2025-03-26 05:15:04,100,mastercard,debit,david.lim272@gmail.com,525640,Low,9377,Existing User,35,,Approved,No,No,desktop,Windows,gmail.com,0
3457069,2025-05-21 12:07:31,14.755,mastercard,credit,jason.chan503@gmail.com,518308,Low,9249,Existing User,31,,Approved,No,No,desktop,0,gmail.com,0
3092062,2025-01-25 01:39:04,33.697,visa,debit,david.lim406@gmail.com,447447,Low,1153,Existing User,37,,Approved,No,No,desktop,0,gmail.com,0
3090439,2025-01-24 21:24:17,75,mastercard,debit,john.koh247@gmail.com,534004,Low,1052,Existing User,27,,Approved,No,No,desktop,MacOS,gmail.com,0
3023199,2025-01-11 03:44:15,75,visa,credit,anna.koh581@ptd.net,492573,Low,1720,Existing User,37,,Approved,No,No,mobile,iOS Device,ptd.net,0
3074956,2025-01-22 14:03:06,100,mastercard,debit,lisa.chan976@yahoo.com,539793,Low,8369,Existing User,26,,Approved,No,No,desktop,Windows,yahoo.com,0
3331513,2025-04-09 05:10:33,237.33,visa,debit,amy.tan280@gmail.com,409347,Low,1446,Existing User,45,,Approved,No,No,desktop,0,,0
3216840,2025-03-04 23:41:08,5,mastercard,debit,john.wong41@hotmail.com,554886,Medium,7469,Existing User,54,,Approved,No,No,mobile,0,,0
3059138,2025-01-19 17:11:28,50,mastercard,credit,anna.tan381@hotmail.com,524939,Low,9656,Existing User,23,,Approved,No,Yes,desktop,Windows,,0
3144571,2025-02-07 22:44:01,26.41,visa,credit,sarah.wong460@gmail.com,404160,Low,9775,Existing User,30,,Approved,No,No,desktop,Windows,gmail.com,0
3063130,2025-01-20 04:19:20,100,visa,credit,david.ong686@hotmail.com,423414,Low,5539,Existing User,29,,Approved,No,No,mobile,iOS Device,hotmail.com,0
3375373,2025-04-23 18:54:53,37.34,mastercard,credit,jason.tan592@gmail.com,541117,Low,6640,Existing User,33,,Approved,No,No,desktop,0,gmail.com,0
3191375,2025-02-24 01:29:27,50,mastercard,debit,sarah.tan895@yahoo.com,557181,Low,1298,Existing User,22,,Approved,No,No,desktop,Trident/7.0,,0
3057207,2025-01-19 03:31:54,38.012,visa,credit,anna.tan749@hotmail.com,429568,Low,3050,New User,45,,Approved,Yes,No,desktop,Windows,hotmail.com,1
3351048,2025-04-15 16:41:45,150,visa,credit,tom.lim962@gmail.com,479657,Low,1045,Existing User,16,,Approved,No,No,desktop,Windows,gmail.com,0
3063207,2025-01-20 04:47:03,38.303,mastercard,debit,mike.lee357@anonymous.com,553487,Medium,4836,Existing User,59,,Approved,No,No,desktop,Trident/7.0,anonymous.com,0
3435506,2025-05-13 03:29:28,30.371,visa,debit,john.wong433@gmail.com,425529,Low,4070,New User,42,,Approved,No,No,mobile,LG-H990 Build/NRD90M,gmail.com,0
2987463,2025-01-02 02:08:45,100,mastercard,debit,sarah.chan841@gmail.com,552142,Low,6610,Existing User,34,,Approved,No,No,mobile,SM-G950U Build/NRD90M,gmail.com,0
3086308,2025-01-24 01:55:17,150,visa,credit,mike.ong764@aol.com,438823,Low,5918,Existing User,32,,Approved,No,No,desktop,MacOS,aol.com,0
3508090,2025-06-08 12:48:00,30,visa,credit,john.ng46@yahoo.com,447330,Low,2497,Existing User,16,,Approved,No,No,desktop,Windows,yahoo.com,0
3082826,2025-01-23 18:11:38,200,american express,credit,alex.ng101@anonymous.com,377078,Low,1918,Existing User,48,,Approved,No,No,desktop,MacOS,anonymous.com,0
3479230,2025-05-29 17:17:19,50,visa,credit,alex.ng844@hotmail.com,459979,Low,9746,New User,40,,Approved,No,No,desktop,Trident/7.0,hotmail.com,0
3045280,2025-01-16 15:57:50,40,mastercard,debit,lisa.chan911@gmail.com,511078,Low,6757,Existing User,33,,Approved,No,No,mobile,iOS Device,gmail.com,0
3090586,2025-01-24 21:47:17,250,mastercard,credit,john.goh518@yahoo.com,520076,Low,7367,Existing User,45,,Approved,Yes,No,mobile,SAMSUNG SM-G550T1 Build/MMB29K,yahoo.com,1
3421762,2025-05-08 03:42:53,72.3,visa,credit,amy.lim205@live.com,407617,Low,3881,New User,42,,Approved,No,No,mobile,SM-G800F Build/MMB29K,live.com,0
3107104,2025-01-28 01:44:28,75,visa,credit,jason.lim496@yahoo.com,462036,Low,2155,Existing User,20,,Approved,No,No,desktop,Windows,yahoo.com,0
3405477,2025-05-03 14:27:48,11.359,visa,debit,amy.tan667@hotmail.com,474089,Low,1802,Existing User,28,,Approved,No,No,desktop,Windows,hotmail.com,0
3174828,2025-02-18 15:35:01,75,visa,credit,john.ong10@netzero.net,411933,Low,2896,Existing User,20,,Approved,No,No,desktop,Trident/7.0,netzero.net,0
3187933,2025-02-22 22:35:40,100,visa,credit,mike.koh140@gmail.com,499723,Low,5715,New User,31,,Approved,No,No,desktop,Windows,gmail.com,0
3321427,2025-04-06 03:52:05,158.784,visa,credit,tom.koh467@yahoo.com,472617,Low,7606,Existing User,16,,Approved,No,No,desktop,Windows,yahoo.com,0
3116536,2025-01-30 19:18:54,25,visa,debit,jason.chan883@yahoo.com,432126,Low,3279,Existing User,43,,Approved,No,No,mobile,iOS Device,yahoo.com,0
3496994,2025-06-04 15:37:13,50,visa,credit,lisa.teo656@att.net,400096,Low,5297,Existing User,18,,Approved,No,No,desktop,Windows,att.net,0
3081642,2025-01-23 16:01:51,200,visa,credit,john.goh628@gmail.com,415438,Low,5258,New User,36,,Approved,No,No,desktop,MacOS,gmail.com,0
3034422,2025-01-13 23:58:54,175,visa,debit,alex.chan796@gmail.com,406995,Low,4632,Existing User,37,,Approved,No,No,mobile,iOS Device,gmail.com,0
3404653,2025-05-03 00:30:17,150,visa,credit,jason.koh959@me.com,452685,Low,1825,Existing User,26,,Approved,No,No,desktop,MacOS,me.com,0
3285411,2025-03-27 06:23:52,150,visa,credit,mike.koh975@gmail.com,489902,Low,9579,Existing User,30,,Approved,No,No,desktop,Windows,gmail.com,0
3106116,2025-01-27 21:22:52,100,visa,credit,tom.lim207@yahoo.com,468806,Medium,8474,New User,50,,Approved,No,No,mobile,iOS Device,yahoo.com,0
3395126,2025-04-30 06:11:18,40.965,mastercard,debit,lisa.ong379@hotmail.es,519443,Low,5985,Existing User,29,,Approved,No,No,desktop,Moto E (4) Plus Build/NMA26.42-69,hotmail.es,0
3405315,2025-05-03 12:35:34,200,visa,credit,mike.ng683@gmail.com,442234,Low,6197,Existing User,33,,Approved,No,No,mobile,iOS Device,gmail.com,0
3266601,2025-03-20 19:54:22,100,visa,debit,amy.ng193@yahoo.com,475858,Low,6061,Existing User,41,,Approved,No,No,0,0,yahoo.com,0
3069438,2025-01-21 14:37:42,100,mastercard,credit,sarah.chan509@hotmail.com,553164,Low,1962,Existing User,29,,Approved,No,No,desktop,Trident/7.0,hotmail.com,0
3525352,2025-06-14 03:25:20,100,visa,credit,amy.chan628@comcast.net,465288,Low,6785,Existing User,23,,Approved,No,No,desktop,MacOS,comcast.net,0
3460057,2025-05-22 14:27:55,47.217,mastercard,debit,john.goh113@hotmail.com,522507,Low,1453,Existing User,32,,Approved,No,No,desktop,Trident/7.0,hotmail.com,0
3050148,2025-01-17 16:38:55,78.064,visa,debit,amy.ng329@anonymous.com,447196,High,6993,New User,76,HIGH_RISK_SCORE,Rejected,No,No,desktop,0,anonymous.com,0
3563071,2025-06-27 01:31:19,14.632,visa,debit,lisa.chan529@hotmail.com,400921,Low,5928,Existing User,45,,Approved,No,No,mobile,0,hotmail.com,0
3173488,2025-02-17 23:37:49,25,mastercard,credit,mike.chan635@anonymous.com,540527,Medium,1150,New User,70,ANONYMOUS_EMAIL,Rejected,No,No,desktop,Windows,anonymous.com,0
3556658,2025-06-24 21:26:02,300,mastercard,debit,amy.ong58@gmail.com,550907,Low,7575,Existing User,40,,Approved,Yes,No,mobile,iOS Device,gmail.com,1
3465032,2025-05-24 13:46:36,21.149,mastercard,credit,amy.koh9@hotmail.com,545267,Low,8057,Existing User,37,,Approved,No,No,mobile,0,hotmail.com,0
3109076,2025-01-28 18:56:10,25.361,visa,debit,anna.ong779@gmail.com,434704,Low,7005,Existing User,25,,Approved,No,No,mobile,SM-G925I Build/NRD90M,gmail.com,0
3476792,2025-05-28 19:52:29,50,visa,debit,sarah.ng271@gmail.com,484189,Low,6233,New User,44,,Approved,No,No,desktop,rv:59.0,gmail.com,0
3066889,2025-01-20 22:48:25,250,visa,credit,tom.koh261@yahoo.com,418215,Medium,7337,New User,50,,Approved,No,No,desktop,rv:56.0,yahoo.com,0
3400027,2025-05-01 18:17:31,400,mastercard,credit,lisa.tan505@comcast.net,513573,Medium,6771,New User,52,,Approved,No,No,desktop,Trident/7.0,comcast.net,0
2994568,2025-01-03 18:59:07,29.545,mastercard,debit,amy.ng114@gmail.com,525028,Low,2635,Existing User,28,,Approved,No,Yes,mobile,SM-J700M Build/MMB29K,gmail.com,0
3401439,2025-05-01 23:34:29,27.189,mastercard,debit,tom.lee610@hotmail.com,552242,Medium,8626,Existing User,53,,Approved,Yes,No,mobile,0,hotmail.com,1
3503345,2025-06-06 15:05:36,20,visa,debit,tom.lim406@outlook.com,486933,Low,2114,Existing User,42,,Approved,No,No,mobile,P008 Build/NRD90M,,0
3451112,2025-05-19 01:48:33,75,discover,credit,mike.goh715@aol.com,633423,Low,5129,Existing User,35,,Approved,No,No,mobile,SAMSUNG SM-G955U Build/R16NW,aol.com,0
3570977,2025-06-30 17:57:12,100,visa,debit,amy.koh616@gmail.com,414238,Low,4931,Existing User,35,,Approved,No,No,desktop,Windows,gmail.com,0
3020777,2025-01-10 18:08:28,200,visa,credit,david.wong618@gmail.com,462711,Low,8770,Existing User,22,,Approved,No,No,desktop,MacOS,gmail.com,0
3520872,2025-06-12 18:58:58,200,american express,credit,alex.chan877@anonymous.com,375471,Medium,7983,Existing User,61,ANONYMOUS_EMAIL,Rejected,No,No,0,0,anonymous.com,0
3524488,2025-06-13 21:39:14,200,mastercard,credit,amy.teo948@yahoo.com,518924,Low,4235,New User,35,,Approved,No,No,mobile,iOS Device,yahoo.com,0
3054043,2025-01-18 16:33:32,68.211,visa,credit,alex.chan57@anonymous.com,459345,High,2159,New User,78,HIGH_RISK_SCORE,Rejected,No,No,mobile,0,anonymous.com,0
3379188,2025-04-24 21:31:48,22.355,visa,debit,lisa.chan194@gmail.com,451209,Low,3335,New User,35,,Approved,No,No,desktop,Windows,gmail.com,0
3420776,2025-05-07 21:59:27,42.472,mastercard,debit,john.tan529@icloud.com,545275,Medium,9071,Existing User,50,,Approved,No,No,mobile,0,icloud.com,0
3501993,2025-06-05 22:22:12,71.068,visa,debit,amy.koh374@gmail.com,427553,Low,8418,Existing User,37,,Approved,No,No,desktop,0,gmail.com,0
3499420,2025-06-05 02:35:09,36.458,visa,debit,lisa.ong45@gmail.com,444777,Low,1726,New User,45,,Approved,No,No,desktop,Windows,gmail.com,0
3328877,2025-04-08 15:37:12,100,mastercard,debit,amy.ng769@anonymous.com,540067,Medium,2897,New User,70,,Approved,No,No,desktop,Windows,anonymous.com,0
3524466,2025-06-13 21:32:26,75,mastercard,debit,anna.chan124@yahoo.com,514663,Low,5272,Existing User,33,,Approved,No,Yes,mobile,iOS Device,yahoo.com,0
3070027,2025-01-21 16:20:07,21.629,mastercard,debit,alex.teo346@hotmail.com,511838,Low,3097,New User,36,,Approved,No,No,desktop,Windows,hotmail.com,0
3569900,2025-06-30 04:45:50,6.824,visa,debit,lisa.teo987@yahoo.com,415687,Medium,8193,Existing User,50,,Approved,No,No,mobile,0,yahoo.com,0
3312847,2025-04-03 22:56:39,40,mastercard,debit,david.ng854@hotmail.com,511616,Low,6652,Existing User,44,,Approved,No,No,mobile,0,,0
3556168,2025-06-24 18:38:26,18.198,visa,debit,tom.tan409@hotmail.fr,488032,Low,9534,Existing User,41,,Approved,No,No,mobile,0,hotmail.fr,0
3367737,2025-04-21 03:48:05,9.063,visa,credit,amy.goh486@anonymous.com,466952,Medium,4304,Existing User,70,,Approved,No,No,mobile,0,anonymous.com,0
3537838,2025-06-18 13:26:34,100,mastercard,debit,mike.lee273@anonymous.com,541896,Medium,2482,New User,62,ANONYMOUS_EMAIL,Rejected,No,No,desktop,MacOS,anonymous.com,0
3352367,2025-04-15 23:04:00,43.502,visa,debit,david.tan654@gmail.com,471228,Medium,9513,New User,59,,Approved,Yes,No,mobile,0,gmail.com,1
3024692,2025-01-11 19:37:13,100,visa,credit,tom.teo366@cox.net,489375,Low,8841,Existing User,37,,Approved,No,No,0,0,cox.net,0
3066473,2025-01-20 21:40:29,28.09,mastercard,debit,mike.tan500@yahoo.com,554715,Low,5798,Existing User,34,,Approved,No,No,desktop,0,yahoo.com,0
3182732,2025-02-20 22:50:34,15,visa,debit,jason.chan564@yahoo.com,449569,Low,3679,Existing User,24,,Approved,No,No,desktop,Windows,,0
3396004,2025-04-30 16:38:40,34.742,visa,debit,sarah.chan837@hotmail.com,493483,Low,5898,Existing User,25,,Approved,No,No,mobile,Lenovo A2016b30 Build/MRA58K,hotmail.com,0
3213820,2025-03-03 23:51:35,15,visa,debit,lisa.teo31@gmail.com,425083,Low,7642,Existing User,24,,Approved,No,No,desktop,Windows,,0
3129314,2025-02-03 20:52:57,27.459,visa,debit,anna.wong826@gmail.com,440867,Low,1965,Existing User,40,,Approved,No,No,desktop,0,gmail.com,0
3499246,2025-06-05 01:33:15,40,visa,debit,john.tan519@gmail.com,495779,Low,2260,Existing User,42,,Approved,No,No,mobile,iOS Device,gmail.com,0
3081969,2025-01-23 16:38:20,8,visa,debit,anna.tan194@gmail.com,475871,Low,1192,Existing User,39,,Approved,No,No,desktop,0,,0
3088861,2025-01-24 17:49:41,4.547,visa,debit,sarah.tan621@hotmail.com,495768,Low,8695,Existing User,35,,Approved,No,No,mobile,HTC Desire 10 lifestyle Build/MMB29M,hotmail.com,0
3242499,2025-03-12 19:33:17,46.523,mastercard,debit,david.koh415@anonymous.com,552862,Medium,4983,Existing User,53,,Approved,No,No,desktop,Windows,anonymous.com,0
3083961,2025-01-23 20:20:49,50,mastercard,credit,alex.wong39@anonymous.com,556510,Medium,1343,New User,60,,Approved,No,No,desktop,rv:11.0,anonymous.com,0
3516279,2025-06-11 02:08:10,54.776,visa,debit,mike.goh732@anonymous.com,425049,Medium,5610,New User,69,ANONYMOUS_EMAIL,Rejected,No,No,desktop,Windows,anonymous.com,0
3024138,2025-01-11 17:32:20,75,visa,debit,jason.goh772@gmail.com,407204,Low,4071,Existing User,38,,Approved,No,No,mobile,iOS Device,gmail.com,0
3438339,2025-05-14 04:45:06,100,visa,credit,john.goh632@gmail.com,429588,Low,9100,New User,42,,Approved,No,No,mobile,iOS Device,gmail.com,0
3025752,2025-01-11 23:17:57,50,mastercard,credit,jason.tan729@anonymous.com,558351,Medium,1754,Existing User,51,,Approved,No,No,desktop,Windows,anonymous.com,0
3251279,2025-03-15 21:33:11,50,visa,credit,alex.ng462@hotmail.com,420701,Low,1269,Existing User,23,,Approved,No,No,desktop,Windows,,0
3230619,2025-03-08 21:56:34,100,visa,credit,david.lim203@anonymous.com,419538,Medium,3076,Existing User,50,,Approved,No,No,desktop,Windows,anonymous.com,0
3258124,2025-03-18 01:09:30,25,visa,debit,amy.lim197@anonymous.com,460298,Medium,3274,New User,70,ANONYMOUS_EMAIL,Rejected,No,No,desktop,Windows,anonymous.com,0
3127374,2025-02-03 04:35:28,450,mastercard,credit,john.teo958@gmail.com,521328,Low,1733,Existing User,39,,Approved,Yes,No,desktop,Windows,gmail.com,1
3011720,2025-01-08 05:40:10,42.657,visa,credit,mike.lee643@yahoo.com,418961,Low,8726,Existing User,21,,Approved,No,No,desktop,Windows,yahoo.com,0
3206253,2025-03-01 15:34:17,36.735,visa,debit,jason.koh800@anonymous.com,436428,Medium,8234,Existing User,55,,Approved,No,No,mobile,SAMSUNG,anonymous.com,0
2991926,2025-01-02 23:30:09,66.402,visa,debit,david.lim221@gmail.com,450114,Low,2485,New User,46,,Approved,No,No,0,0,gmail.com,0
3227320,2025-03-07 19:06:11,200,american express,credit,amy.goh238@gmail.com,372140,Low,7143,Existing User,21,,Approved,No,Yes,desktop,MacOS,gmail.com,0
3348084,2025-04-14 17:25:26,11.782,visa,debit,tom.lee960@aol.com,485659,Low,4147,Existing User,21,,Approved,No,No,desktop,Windows,aol.com,0
3082084,2025-01-23 16:50:52,200,visa,debit,sarah.teo529@anonymous.com,463181,Medium,5353,New User,71,ANONYMOUS_EMAIL,Rejected,No,No,desktop,Trident/7.0,anonymous.com,0
3120760,2025-01-31 21:26:00,400,visa,debit,tom.tan755@anonymous.com,456447,High,1880,New User,92,HIGH_RISK_SCORE,Rejected,Yes,No,0,0,anonymous.com,0
3067799,2025-01-21 01:27:58,150,discover,credit,anna.wong608@windstream.net,635195,Low,8490,Existing User,27,,Approved,No,No,desktop,MacOS,windstream.net,0
3564284,2025-06-27 18:19:58,41.13,visa,credit,jason.ong24@hotmail.com,486147,Low,3897,Existing User,25,,Approved,No,No,desktop,Windows,hotmail.com,0
3249147,2025-03-14 22:35:53,32.023,visa,debit,john.goh121@gmail.com,427007,Medium,6055,New User,55,,Approved,No,No,mobile,0,gmail.com,0
3124066,2025-02-01 22:48:24,72.758,visa,debit,david.lim793@anonymous.com,411684,Medium,3667,Existing User,71,,Approved,No,No,mobile,0,anonymous.com,0
3555394,2025-06-24 14:31:36,49.799,mastercard,debit,lisa.teo518@hotmail.com,559233,Low,7834,Existing User,43,,Approved,No,No,mobile,0,hotmail.com,0
3355990,2025-04-17 02:06:41,30.693,mastercard,credit,lisa.chan72@gmail.com,555905,Low,6093,New User,46,,Approved,No,No,mobile,Blade V6 Plus Build/MRA58K,gmail.com,0
3017205,2025-01-09 19:13:48,100,visa,credit,tom.ong953@gmail.com,435881,Low,3738,Existing User,39,,Approved,No,No,mobile,SAMSUNG SM-G950U Build/NRD90M,gmail.com,0
2992148,2025-01-03 00:06:54,25,visa,debit,lisa.ong644@comcast.net,435241,Medium,8869,New User,53,,Approved,No,No,mobile,SM-G950U Build/NRD90M,comcast.net,0
3407794,2025-05-04 05:07:40,12.265,mastercard,debit,amy.goh710@gmail.com,540664,Low,2770,Existing User,28,,Approved,No,No,desktop,Windows,gmail.com,0
2998456,2025-01-04 21:46:44,20,visa,debit,alex.ong18@gmail.com,442242,Low,7013,Existing User,28,,Approved,No,No,desktop,MacOS,gmail.com,0
3097356,2025-01-25 23:30:07,200,visa,credit,lisa.goh141@anonymous.com,438662,Low,8965,Existing User,49,,Approved,No,No,desktop,Windows,anonymous.com,0
3047684,2025-01-16 22:45:22,125,visa,debit,david.tan287@embarqmail.com,423743,Low,2116,Existing User,24,,Approved,No,No,desktop,Windows,embarqmail.com,0
3548584,2025-06-22 00:56:35,106,mastercard,credit,sarah.wong635@hotmail.com,523724,Low,7657,Existing User,16,,Approved,No,No,desktop,Windows,,0
3126977,2025-02-03 01:35:42,18.19,visa,debit,amy.goh798@hotmail.com,431917,Low,6922,New User,37,,Approved,No,No,desktop,Windows,hotmail.com,0
3022096,2025-01-10 22:33:38,100,visa,credit,lisa.ong450@gmail.com,440228,Low,7080,Existing User,20,,Approved,No,No,desktop,Windows,gmail.com,0
3123731,2025-02-01 21:24:39,30,american express,credit,jason.lim52@hotmail.com,378547,Medium,7676,New User,61,NEW_USER_RULE,Rejected,No,No,mobile,0,,0
3060144,2025-01-19 19:40:13,75,mastercard,debit,lisa.teo570@aol.com,522160,Medium,3857,New User,54,,Approved,No,No,mobile,iOS Device,aol.com,0
3007907,2025-01-07 03:50:28,71.635,mastercard,credit,anna.lim472@hotmail.com,531040,Low,1488,Existing User,24,,Approved,No,No,desktop,Windows,hotmail.com,0
3478032,2025-05-29 03:22:45,28.22,mastercard,debit,lisa.ong501@hotmail.com,531792,Low,9911,Existing User,27,,Approved,No,No,mobile,SM-G532M Build/MMB29T,hotmail.com,0
3197091,2025-02-26 02:18:12,49.672,visa,credit,david.ong253@outlook.com,405088,Low,2482,Existing User,23,,Approved,Yes,No,desktop,Windows,outlook.com,1
3507294,2025-06-08 00:36:15,200,visa,credit,david.ng798@yahoo.com,400248,Low,5624,Existing User,24,,Approved,No,No,desktop,Windows,yahoo.com,0
3197592,2025-02-26 12:51:55,50,american express,credit,alex.chan62@hotmail.com,376541,Low,4293,Existing User,25,,Approved,No,No,mobile,iOS Device,hotmail.com,0
3484364,2025-05-31 19:38:37,96.647,mastercard,debit,anna.lee852@hotmail.com,555578,Low,1182,New User,49,,Approved,Yes,No,mobile,LG-H870 Build/NRD90U,hotmail.com,1
3158396,2025-02-12 20:52:12,40.179,mastercard,credit,alex.tan529@gmail.com,528895,Low,4798,New User,36,,Approved,Yes,No,desktop,Windows,gmail.com,1
3068569,2025-01-21 04:29:38,10.07,mastercard,debit,anna.koh251@gmail.com,510964,Low,1607,New User,40,,Approved,No,No,desktop,Windows,gmail.com,0
3494397,2025-06-03 20:05:22,47.708,visa,debit,amy.goh679@gmail.com,402917,Low,1861,Existing User,35,,Approved,Yes,No,desktop,Windows,gmail.com,1
3128962,2025-02-03 19:40:05,50,mastercard,credit,tom.lim734@outlook.com,529546,Low,9577,Existing User,18,,Approved,No,No,desktop,Windows,,0
3141210,2025-02-06 21:47:38,42.792,mastercard,debit,tom.ng792@gmail.com,556078,Low,5071,New User,38,,Approved,No,No,desktop,Windows,gmail.com,0
3560889,2025-06-26 14:50:25,10.021,mastercard,debit,john.wong72@hotmail.com,527888,Low,6732,Existing User,30,,Approved,No,No,mobile,MYA-L13 Build/HUAWEIMYA-L13,hotmail.com,0
3575474,2025-07-02 11:18:41,35.904,visa,credit,tom.ng481@gmail.com,466086,Low,4233,Existing User,49,,Approved,No,No,mobile,0,gmail.com,0
3190465,2025-02-23 21:07:53,200,visa,credit,jason.wong217@anonymous.com,498939,Low,9882,Existing User,45,,Approved,No,No,desktop,Windows,anonymous.com,0
3297403,2025-03-31 07:45:51,200,mastercard,credit,david.ong994@anonymous.com,530384,High,6107,New User,79,,Approved,No,No,mobile,iOS Device,anonymous.com,0
3212703,2025-03-03 18:43:45,79.936,visa,debit,amy.chan180@hotmail.com,475632,Low,6207,Existing User,27,,Approved,No,No,mobile,Moto E (4) Plus Build/NMA26.42-69,hotmail.com,0
3442484,2025-05-15 19:45:17,3.46,visa,debit,anna.wong361@outlook.com,423088,Low,7799,Existing User,25,,Approved,No,No,mobile,LG-D680 Build/KOT49I,outlook.com,0
3548312,2025-06-22 00:15:44,75,mastercard,credit,sarah.tan327@outlook.com,514580,Low,7025,Existing User,15,,Approved,No,No,desktop,Windows,,0
3471162,2025-05-26 19:40:37,100,american express,credit,anna.ong908@anonymous.com,379050,Low,7019,Existing User,45,,Approved,No,No,desktop,Windows,anonymous.com,0
3223400,2025-03-06 18:03:56,10.876,mastercard,debit,alex.ng379@gmail.com,511662,Low,3276,Existing User,25,,Approved,Yes,No,mobile,LG-X240 Build/MRA58K,gmail.com,1
3371282,2025-04-22 14:43:22,106.037,visa,debit,amy.ong948@hotmail.com,468604,Medium,1288,Existing User,50,,Approved,Yes,No,mobile,0,hotmail.com,1
3005812,2025-01-06 19:12:14,50,mastercard,credit,john.ng6@aol.com,530938,Low,2030,Existing User,29,,Approved,No,No,desktop,Windows,aol.com,0
3084743,2025-01-23 22:03:40,100,visa,credit,john.chan713@hotmail.com,449138,Low,6798,Existing User,24,,Approved,No,No,desktop,Windows,hotmail.com,0
3127544,2025-02-03 08:27:38,4.198,visa,debit,john.wong891@live.com,435708,Low,9084,New User,40,,Approved,No,No,mobile,Moto G Play Build/NJH47F,live.com,0
3398839,2025-05-01 13:54:42,15,visa,debit,david.ng557@gmail.com,454172,Low,8911,Existing User,30,,Approved,Yes,No,desktop,Windows,,1
3349928,2025-04-15 02:19:53,100,visa,credit,alex.lee720@live.com,423875,Low,3668,New User,47,,Approved,No,No,mobile,iOS Device,live.com,0
3082110,2025-01-23 16:53:43,100,mastercard,debit,amy.ng293@gmail.com,516503,Low,3701,New User,37,,Approved,Yes,No,desktop,Windows,gmail.com,0
3330142,2025-04-08 21:32:19,23.201,visa,debit,david.chan239@hotmail.com,437228,Medium,5547,New User,53,,Approved,No,No,mobile,LG-K200 Build/MXB48T,hotmail.com,0
3069536,2025-01-21 14:54:21,325,visa,credit,jason.lee352@anonymous.com,493708,Medium,7557,Existing User,60,HIGH_AMOUNT,Rejected,Yes,No,desktop,Windows,anonymous.com,0
3268261,2025-03-21 05:22:40,60.239,mastercard,credit,anna.koh110@hotmail.com,543138,Low,2800,New User,48,,Approved,No,No,mobile,SM-G900M Build/LRX21T,hotmail.com,0
3475265,2025-05-28 02:48:17,31.109,visa,credit,alex.tan828@hotmail.com,422797,Low,7211,Existing User,42,,Approved,No,No,mobile,0,hotmail.com,0
3169780,2025-02-16 20:11:05,50,visa,credit,alex.chan410@gmail.com,450069,Medium,9950,New User,53,,Approved,No,No,mobile,iOS Device,gmail.com,0
3263438,2025-03-19 19:21:58,66.945,mastercard,debit,jason.ng633@yahoo.com.mx,524047,Low,8959,Existing User,39,,Approved,No,No,mobile,Blade V6 Plus Build/MRA58K,yahoo.com.mx,0
3383556,2025-04-26 16:04:49,62.535,visa,debit,john.teo523@gmail.com,444566,Low,5970,Existing User,35,,Approved,No,No,mobile,0,gmail.com,0
3391550,2025-04-29 02:24:30,16.918,mastercard,debit,anna.koh781@gmail.com,545120,Medium,2821,New User,61,NEW_USER_RULE,Rejected,No,No,mobile,0,gmail.com,0
3072255,2025-01-21 21:47:20,50,mastercard,debit,sarah.lee722@yahoo.com,542692,Low,9533,Existing User,34,,Approved,No,No,desktop,Windows,yahoo.com,0
3076339,2025-01-22 17:52:56,50,visa,credit,mike.tan339@comcast.net,408743,Low,1493,New User,37,,Approved,No,No,desktop,Windows,comcast.net,0
3073274,2025-01-22 00:33:08,200,american express,credit,jason.lee217@aol.com,371331,Low,8262,Existing User,16,,Approved,No,No,desktop,Trident/7.0,aol.com,0
3072814,2025-01-21 23:18:05,74.449,visa,debit,jason.lee749@gmail.com,454133,Low,3958,Existing User,30,,Approved,No,No,mobile,Android 5.1,gmail.com,0
3491823,2025-06-02 22:34:44,50,visa,debit,alex.lee377@gmail.com,483614,Low,6510,Existing User,31,,Approved,No,No,mobile,HTC One M9 Build/NRD90M,gmail.com,0
3019861,2025-01-10 14:23:53,50,visa,credit,alex.koh944@hotmail.com,479230,Low,7165,Existing User,27,,Approved,No,No,desktop,Windows,hotmail.com,0
3555597,2025-06-24 15:34:16,5,visa,debit,jason.ong238@outlook.com,495152,Medium,6142,New User,58,,Approved,No,No,0,0,,0
3303901,2025-04-02 06:34:49,26.343,mastercard,debit,amy.koh720@anonymous.com,550126,Medium,6460,New User,71,ANONYMOUS_EMAIL,Rejected,No,No,mobile,SM-G950F Build/NRD90M,anonymous.com,0
3513239,2025-06-10 00:49:10,7.44,,,david.lim311@hotmail.com,622052,Low,5703,Existing User,21,,Approved,No,No,mobile,M4 SS4453 Build/MMB29M,hotmail.com,0
3282704,2025-03-26 15:52:05,44.59,visa,credit,tom.koh686@hotmail.com,485062,Low,1090,Existing User,21,,Approved,No,No,desktop,Windows,hotmail.com,0
3505443,2025-06-07 05:46:33,3.812,mastercard,debit,anna.lee215@gmail.com,558495,Low,3087,New User,42,,Approved,No,No,mobile,SAMSUNG SM-A720F Build/NRD90M,gmail.com,0
3043725,2025-01-16 02:34:20,15,visa,credit,jason.teo568@gmail.com,421132,Low,4168,Existing User,26,,Approved,No,No,mobile,iOS Device,gmail.com,0
3420465,2025-05-07 20:22:35,100,american express,credit,john.teo313@gmail.com,372981,Low,7110,Existing User,26,,Approved,Yes,No,desktop,MacOS,gmail.com,0
3263054,2025-03-19 17:25:52,19.818,visa,debit,alex.ong913@gmail.com,475038,Low,8035,Existing User,38,,Approved,Yes,No,desktop,0,gmail.com,1
3070492,2025-01-21 17:26:48,50,american express,credit,anna.chan79@aol.com,373962,Low,4120,Existing User,16,,Approved,No,No,desktop,Windows,aol.com,0
3109472,2025-01-28 20:21:50,39.061,mastercard,credit,david.wong614@hotmail.com,518437,Low,8636,Existing User,37,,Approved,No,No,0,0,hotmail.com,0
3307721,2025-04-03 04:38:43,44.107,mastercard,credit,amy.tan131@hotmail.com,510583,Low,3067,New User,40,,Approved,No,No,0,0,hotmail.com,0
3157197,2025-02-12 14:23:54,4.256,mastercard,debit,john.chan534@yahoo.com.mx,554325,Medium,9128,New User,54,,Approved,No,No,mobile,Moto X Play Build/NPD26.48-24-1,yahoo.com.mx,0
3202381,2025-02-27 22:38:24,75,visa,debit,alex.lim998@gmail.com,496527,Low,7156,Existing User,38,,Approved,No,No,desktop,MacOS,gmail.com,0
3127410,2025-02-03 04:53:15,300,mastercard,credit,alex.lee249@anonymous.com,553261,Medium,3755,New User,73,HIGH_AMOUNT,Rejected,No,No,desktop,MacOS,anonymous.com,1
3034442,2025-01-14 00:02:29,25,visa,debit,amy.chan91@yahoo.com,425373,Low,7730,Existing User,35,,Approved,No,No,desktop,Windows,yahoo.com,0
3089434,2025-01-24 19:06:16,8.745,mastercard,debit,jason.teo632@gmail.com,518307,Medium,1025,New User,60,NEW_USER_RULE,Rejected,No,No,desktop,0,gmail.com,0
3027431,2025-01-12 14:44:26,50,visa,debit,john.ng573@gmail.com,486087,Low,1752,Existing User,42,,Approved,No,No,mobile,SAMSUNG SM-G955U Build/NRD90M,gmail.com,0
3510692,2025-06-09 02:35:11,18.936,mastercard,credit,anna.lim578@gmail.com,544195,Low,8237,Existing User,35,,Approved,Yes,No,mobile,0,gmail.com,1
3464860,2025-05-24 05:45:35,34.675,mastercard,debit,david.koh164@gmail.com,530601,Low,9775,Existing User,39,,Approved,No,No,mobile,HTC One A9s Build/MRA58K,gmail.com,0
3546604,2025-06-21 15:39:23,106,mastercard,credit,david.ng72@hotmail.com,545186,Low,4904,Existing User,25,,Approved,No,No,desktop,Windows,,0
3095578,2025-01-25 19:42:25,400,mastercard,credit,lisa.koh801@hotmail.com,531875,Low,7150,Existing User,40,,Approved,No,No,mobile,iOS Device,hotmail.com,0
3519393,2025-06-12 06:42:14,15,visa,credit,amy.ong501@hotmail.com,454490,Low,7285,Existing User,18,,Approved,No,No,desktop,MacOS,,0
3143560,2025-02-07 18:23:20,50,visa,debit,lisa.lim274@gmail.com,478114,Low,9265,Existing User,41,,Approved,No,No,mobile,iOS Device,gmail.com,0
3106759,2025-01-28 00:03:15,250,visa,credit,mike.lee278@cox.net,427778,Low,4394,New User,45,,Approved,No,No,desktop,Windows,cox.net,0
3077790,2025-01-22 21:11:02,50,visa,debit,sarah.lim353@gmail.com,493979,Medium,9592,New User,54,,Approved,No,No,mobile,iOS Device,gmail.com,0
3498545,2025-06-04 22:02:20,13.833,visa,debit,jason.lim347@hotmail.com,498599,Medium,3239,New User,60,,Approved,No,Yes,desktop,0,hotmail.com,0
3492496,2025-06-03 02:06:26,29.51,visa,credit,sarah.lee42@gmail.com,494763,Low,7496,Existing User,18,,Approved,Yes,No,desktop,Moto G (5) Plus Build/NPN25.137-92,gmail.com,1
3424992,2025-05-09 03:49:54,10.759,visa,credit,amy.lim458@hotmail.com,487180,Low,6719,New User,47,,Approved,No,No,mobile,SM-J730GM Build/NRD90M,hotmail.com,0
2992342,2025-01-03 00:42:02,125,visa,credit,lisa.lee81@cox.net,414228,Low,7642,New User,32,,Approved,No,No,desktop,Windows,cox.net,0
3075069,2025-01-22 14:28:10,100,visa,credit,amy.lee854@gmail.com,448877,Low,1678,New User,44,,Approved,No,No,desktop,Windows,gmail.com,0
3030964,2025-01-13 02:48:56,50,visa,credit,mike.wong118@gmail.com,410675,Low,8941,Existing User,19,,Approved,No,No,desktop,Windows,,0
3024934,2025-01-11 20:27:24,31.191,visa,debit,alex.lim360@gmail.com,454858,Medium,3737,New User,60,,Approved,No,No,mobile,0,gmail.com,0
3507905,2025-06-08 07:06:16,86.687,visa,credit,alex.lim823@hotmail.com,445172,Low,4864,Existing User,35,,Approved,Yes,No,desktop,0,hotmail.com,1
3186256,2025-02-22 03:13:12,10.902,visa,debit,jason.lee675@hotmail.com,418580,Low,8386,Existing User,46,,Approved,No,No,mobile,0,hotmail.com,0
3293843,2025-03-30 03:04:30,210,american express,credit,sarah.tan240@yahoo.com,375456,Low,4120,Existing User,35,,Approved,No,No,desktop,MacOS,,0
3512442,2025-06-09 20:34:40,150,visa,credit,tom.ng581@yahoo.com,461081,Low,4547,Existing User,39,,Approved,No,No,mobile,iOS Device,yahoo.com,0
3432715,2025-05-12 03:36:19,26.682,visa,credit,john.chan234@gmail.com,403654,Low,3978,Existing User,30,,Approved,No,No,desktop,Windows,gmail.com,0
3286406,2025-03-27 17:18:38,16.012,visa,credit,david.tan767@gmail.com,440187,Medium,7999,New User,54,,Approved,Yes,No,desktop,0,gmail.com,1
3026122,2025-01-12 00:44:27,40,discover,credit,alex.lim557@cfl.rr.com,641398,Low,5802,Existing User,26,,Approved,No,No,desktop,Trident/7.0,cfl.rr.com,0
3017475,2025-01-09 20:10:18,25,visa,credit,john.ong497@gmail.com,477410,Low,4795,Existing User,27,,Approved,No,No,desktop,Windows,gmail.com,0
3076401,2025-01-22 18:03:16,20,visa,credit,jason.goh115@gmail.com,487710,Low,7058,Existing User,26,,Approved,No,Yes,desktop,Windows,gmail.com,0
3060504,2025-01-19 20:38:06,100,visa,debit,john.teo856@gmail.com,432503,Low,8899,Existing User,25,,Approved,No,No,desktop,Windows,gmail.com,0
3307355,2025-04-03 01:57:49,35.769,visa,credit,john.wong115@gmail.com,450581,Low,3312,Existing User,23,,Approved,No,Yes,mobile,HUAWEI CAN-L01 Build/HUAWEICAN-L01,gmail.com,0
3562318,2025-06-26 21:42:49,50,visa,debit,lisa.koh386@comcast.net,400129,Low,9494,Existing User,27,,Approved,No,No,desktop,Windows,comcast.net,0
3090506,2025-01-24 21:35:00,200,visa,debit,john.tan785@yahoo.com,408419,Low,1411,Existing User,34,,Approved,No,No,desktop,MacOS,yahoo.com,0
3194374,2025-02-25 02:53:50,25.419,visa,debit,lisa.lim61@gmail.com,451194,Medium,1899,New User,52,,Approved,No,No,desktop,0,gmail.com,0
3039384,2025-01-15 03:17:41,187.143,visa,debit,david.wong414@hotmail.com,427720,Low,4275,Existing User,31,,Approved,No,No,desktop,Windows,hotmail.com,0
3101055,2025-01-26 16:56:16,25,visa,debit,john.goh847@gmail.com,471824,Low,5028,Existing User,35,,Approved,No,No,desktop,Windows,gmail.com,0
3103704,2025-01-27 02:20:38,10.611,mastercard,debit,john.koh283@hotmail.com,537551,Low,5179,New User,47,,Approved,No,No,mobile,5054S Build/LMY47V,hotmail.com,0
3475140,2025-05-28 01:39:35,150,visa,credit,amy.tan940@icloud.com,407849,Medium,7367,New User,52,,Approved,No,No,mobile,iOS Device,icloud.com,0
3356313,2025-04-17 05:39:41,157.575,visa,debit,lisa.tan385@hotmail.fr,458461,Low,4126,Existing User,25,,Approved,No,No,desktop,Windows,hotmail.fr,0
3333042,2025-04-09 20:06:14,10.876,visa,debit,amy.lim5@hotmail.com,489689,Low,9627,Existing User,31,,Approved,No,No,desktop,Windows,,0
3087769,2025-01-24 15:02:50,25,mastercard,debit,mike.ong102@gmail.com,522979,Low,7713,New User,38,,Approved,No,No,desktop,Windows,gmail.com,0
3229068,2025-03-08 05:13:01,13.292,mastercard,credit,tom.ng719@gmail.com,535782,Low,5422,Existing User,28,,Approved,No,No,desktop,Windows,gmail.com,0
3107050,2025-01-28 01:27:15,28.217,mastercard,debit,amy.koh321@gmail.com,521563,Low,6585,Existing User,36,,Approved,No,No,mobile,SM-J700M Build/MMB29K,gmail.com,0
3108580,2025-01-28 17:09:52,100,visa,credit,david.ng125@anonymous.com,468245,Medium,9755,New User,63,ANONYMOUS_EMAIL,Rejected,No,No,desktop,Windows,anonymous.com,0
3037723,2025-01-14 20:44:41,200,mastercard,credit,sarah.chan151@anonymous.com,557357,Medium,1769,Existing User,60,,Approved,No,No,0,0,anonymous.com,0
3248675,2025-03-14 20:09:16,40,visa,credit,amy.tan920@gmail.com,451521,Low,5988,Existing User,25,,Approved,No,No,desktop,MacOS,gmail.com,0
3059874,2025-01-19 19:02:00,150,discover,credit,lisa.ong77@windstream.net,617074,Low,6039,Existing User,17,,Approved,No,No,desktop,Windows,windstream.net,0
3487357,2025-06-01 19:53:22,75,mastercard,credit,john.ng782@anonymous.com,537395,Low,2869,Existing User,49,,Approved,No,No,desktop,Windows,anonymous.com,0
3528553,2025-06-15 04:25:26,11.005,visa,debit,alex.ong908@outlook.es,470864,Low,2052,Existing User,33,,Approved,No,No,mobile,SM-G531H Build/LMY48B,outlook.es,0
3392217,2025-04-29 13:55:48,29.183,visa,credit,sarah.ong915@gmail.com,420336,Low,6256,Existing User,21,,Approved,No,No,desktop,Windows,gmail.com,0
3027843,2025-01-12 16:13:06,100,mastercard,credit,david.lee252@outlook.com,536659,Low,9290,New User,44,,Approved,No,No,desktop,Trident/7.0,outlook.com,0
3104946,2025-01-27 17:04:04,30.549,visa,debit,alex.lim142@live.com.mx,423823,Low,2983,Existing User,40,,Approved,No,No,desktop,0,live.com.mx,0
3098803,2025-01-26 04:03:37,20,mastercard,credit,john.lee230@gmail.com,552869,Low,5118,Existing User,28,,Approved,No,No,desktop,Windows,gmail.com,0
3418631,2025-05-07 02:41:46,86.318,mastercard,debit,sarah.ong260@gmail.com,545005,Medium,9104,New User,54,,Approved,Yes,No,desktop,0,gmail.com,1
3528798,2025-06-15 12:16:55,50,visa,credit,alex.wong169@gmail.com,416967,Low,3878,Existing User,25,,Approved,No,No,desktop,MacOS,gmail.com,0
3070563,2025-01-21 17:36:57,14,visa,debit,mike.ng846@hotmail.com,463191,Low,9511,Existing User,32,,Approved,No,No,desktop,Windows,,0
3284109,2025-03-26 22:07:41,55.586,visa,debit,tom.tan513@hotmail.com,455256,Low,5001,Existing User,24,,Approved,No,No,desktop,Windows,hotmail.com,0
3100803,2025-01-26 16:15:46,25,visa,credit,sarah.chan672@hotmail.com,485784,Low,2883,Existing User,27,,Approved,No,No,mobile,iOS Device,hotmail.com,0
3499931,2025-06-05 12:29:41,39.839,mastercard,credit,anna.lim772@gmail.com,546814,Low,5078,Existing User,39,,Approved,No,No,mobile,0,gmail.com,0
3048308,2025-01-17 00:48:40,30.199,visa,debit,lisa.wong200@gmail.com,432330,Low,7830,Existing User,27,,Approved,No,No,mobile,LG-X180g Build/LMY47I,gmail.com,0
3095422,2025-01-25 19:22:11,250,american express,credit,lisa.wong792@anonymous.com,377001,Medium,6244,Existing User,52,,Approved,No,No,desktop,Windows,anonymous.com,0
3463827,2025-05-23 20:39:17,100,visa,debit,tom.wong699@gmail.com,433535,Low,7525,Existing User,22,,Approved,No,No,desktop,Windows,gmail.com,0
3102471,2025-01-26 20:51:32,125,mastercard,debit,anna.lim329@gmail.com,531957,Low,1624,New User,48,,Approved,No,No,mobile,iOS Device,gmail.com,0
3107713,2025-01-28 07:17:34,76.023,mastercard,debit,david.koh841@hotmail.com,539353,Low,5554,Existing User,35,,Approved,No,No,mobile,LG-K410 Build/LRX22G,hotmail.com,0
3130149,2025-02-04 00:08:55,44.658,visa,debit,alex.lim914@hotmail.com,446610,Medium,7042,New User,55,,Approved,No,No,mobile,SM-A320Y Build/NRD90M,hotmail.com,0
3418331,2025-05-07 00:58:49,35.351,visa,credit,amy.chan375@gmail.com,477585,Medium,9093,New User,53,,Approved,Yes,No,desktop,0,gmail.com,1
3103392,2025-01-27 00:28:18,35,visa,debit,amy.ng758@me.com,423443,Low,2399,Existing User,37,,Approved,No,No,mobile,iOS Device,me.com,0
3055023,2025-01-18 20:01:40,100,visa,credit,sarah.lim610@comcast.net,416799,Low,2482,Existing User,35,,Approved,No,No,mobile,iOS Device,comcast.net,0
3142474,2025-02-07 03:51:30,43.783,mastercard,debit,tom.lim157@gmail.com,533515,Low,3473,New User,47,,Approved,No,Yes,mobile,SM-P350 Build/MMB29M,gmail.com,0
3085934,2025-01-24 00:48:22,25,visa,debit,john.lee18@gmail.com,421466,Low,3092,Existing User,38,,Approved,No,No,mobile,5049W Build/NRD90M,gmail.com,0
3199368,2025-02-26 23:33:00,22.912,visa,credit,anna.koh333@hotmail.com,481143,Low,1855,New User,37,,Approved,Yes,No,mobile,SM-A510M Build/MMB29K,hotmail.com,1
3089365,2025-01-24 18:57:13,150,visa,credit,anna.teo581@yahoo.com,433702,Low,8209,Existing User,25,,Approved,No,No,desktop,MacOS,yahoo.com,0
3109699,2025-01-28 21:12:01,57.368,mastercard,debit,alex.ng172@gmail.com,531404,Low,9045,Existing User,40,,Approved,No,No,desktop,0,gmail.com,0
3074744,2025-01-22 12:59:25,60,visa,debit,sarah.teo840@gmail.com,447096,Low,3888,Existing User,42,,Approved,No,No,mobile,SAMSUNG SM-G890A Build/NRD90M,gmail.com,0
3383534,2025-04-26 15:55:12,55.345,mastercard,credit,lisa.wong627@gmail.com,531862,Low,1909,Existing User,33,,Approved,No,No,mobile,LenovoA3300-GV Build/JDQ39,gmail.com,0
3100101,2025-01-26 14:17:57,150,mastercard,debit,lisa.lim275@gmail.com,520031,Low,2266,Existing User,44,,Approved,No,No,mobile,SM-G935T Build/NRD90M,gmail.com,0
3223627,2025-03-06 18:46:38,70,mastercard,credit,alex.ong582@anonymous.com,557658,Medium,6578,Existing User,59,,Approved,No,No,mobile,iOS Device,anonymous.com,0
3450844,2025-05-19 00:20:09,26.744,visa,debit,anna.lim429@gmail.com,426798,Low,9139,Existing User,29,,Approved,No,Yes,mobile,SM-G531H Build/LMY48B,gmail.com,0
3403484,2025-05-02 18:43:01,25,visa,credit,david.lim569@yahoo.com,409157,Low,8704,New User,42,,Approved,No,No,desktop,Trident/7.0,yahoo.com,0
3521549,2025-06-12 21:49:45,11.435,visa,debit,alex.goh246@live.com.mx,493883,Low,4315,Existing User,39,,Approved,No,No,mobile,Moto E (4) Build/NMA26.42-69,live.com.mx,0
3348494,2025-04-14 19:20:16,21.993,visa,credit,mike.wong748@gmail.com,430209,Low,1676,Existing User,15,,Approved,No,No,desktop,Windows,gmail.com,0
3154777,2025-02-11 16:47:10,200,mastercard,debit,john.lee70@gmail.com,528774,Low,2475,Existing User,42,,Approved,Yes,No,mobile,iOS Device,gmail.com,1
3101195,2025-01-26 17:15:14,150,discover,credit,john.koh986@gmail.com,644334,Low,3360,Existing User,38,,Approved,No,No,mobile,iOS Device,gmail.com,0
3528199,2025-06-15 01:42:46,23.608,visa,debit,mike.ong796@anonymous.com,441629,Medium,9134,Existing User,70,,Approved,No,No,desktop,0,anonymous.com,0
3060602,2025-01-19 20:52:21,29.616,visa,debit,lisa.ong342@gmail.com,494162,Low,3325,Existing User,28,,Approved,No,No,mobile,GT-S7580L Build/JDQ39,gmail.com,0
3414881,2025-05-06 01:00:20,56.5,mastercard,debit,david.wong758@hotmail.com,548633,Low,6207,New User,45,,Approved,No,No,desktop,Windows,hotmail.com,0
3201861,2025-02-27 20:42:36,26.343,mastercard,debit,john.chan623@hotmail.com,522150,Medium,3768,New User,66,,Approved,No,No,mobile,0,hotmail.com,0
3373810,2025-04-23 02:36:20,25.618,visa,debit,amy.wong663@gmail.com,479618,Low,4854,Existing User,45,,Approved,No,No,0,0,gmail.com,0
3052973,2025-01-18 02:23:50,30.199,visa,debit,tom.ong798@gmail.com,484126,Low,8230,Existing User,35,,Approved,No,No,mobile,Moto G (4) Build/NPJ25.93-14.5,gmail.com,0
3520169,2025-06-12 15:54:36,12.296,visa,credit,sarah.lee942@gmail.com,468237,Low,5936,New User,44,,Approved,Yes,No,mobile,SM-J327P Build/MMB29M,gmail.com,1
3053589,2025-01-18 13:44:26,100,visa,credit,lisa.ong508@gmail.com,431695,Low,6317,Existing User,22,,Approved,No,No,desktop,Windows,gmail.com,0
3249995,2025-03-15 04:15:41,30,visa,debit,lisa.goh463@outlook.com,437060,Medium,1651,New User,59,,Approved,No,No,mobile,iOS Device,,0
3081062,2025-01-23 14:40:35,25,visa,debit,john.wong367@hotmail.com,456952,Medium,9723,New User,52,,Approved,No,No,mobile,iOS Device,hotmail.com,0
3049291,2025-01-17 08:20:45,250,visa,debit,alex.teo578@gmail.com,458424,Low,3374,Existing User,35,,Approved,No,No,desktop,Windows,gmail.com,0
3100600,2025-01-26 15:47:07,25,visa,debit,alex.wong168@gmail.com,473071,Low,6886,Existing User,32,,Approved,No,No,mobile,SAMSUNG SM-N920T Build/NRD90M,gmail.com,0
3180841,2025-02-20 14:36:45,42.559,visa,credit,sarah.ng824@gmail.com,437574,Low,5206,New User,47,,Approved,No,No,mobile,Moto G (5S,gmail.com,0
3336051,2025-04-10 17:09:19,20.694,visa,debit,jason.lim720@yahoo.com,474011,Low,6837,Existing User,27,,Approved,No,No,desktop,Moto G (4) Build/NPJS25.93-14-13,,0
3197385,2025-02-26 05:07:06,6.122,visa,credit,lisa.goh697@hotmail.com,457165,Low,3225,New User,42,,Approved,No,No,mobile,SAMSUNG SM-N900W8 Build/LRX21V,hotmail.com,0
3473429,2025-05-27 17:28:32,100,visa,debit,jason.goh228@anonymous.com,417628,Medium,7788,Existing User,55,,Approved,No,No,desktop,Windows,anonymous.com,0
3035532,2025-01-14 07:53:55,50,visa,credit,john.chan650@gmail.com,414836,Low,8484,Existing User,32,,Approved,No,No,mobile,iOS Device,gmail.com,0
3376057,2025-04-23 21:52:39,66.22,mastercard,credit,alex.chan75@yahoo.com.mx,515825,Low,8517,Existing User,29,,Approved,No,No,desktop,0,yahoo.com.mx,0
3071440,2025-01-21 19:37:39,38.012,mastercard,credit,amy.ong802@anonymous.com,539461,Medium,5558,Existing User,52,,Approved,No,No,desktop,0,anonymous.com,0
3440754,2025-05-15 02:42:20,50,visa,credit,john.wong739@yahoo.com,476524,Low,2183,New User,44,,Approved,No,No,mobile,iOS Device,yahoo.com,0
3240787,2025-03-12 01:32:16,80,mastercard,credit,amy.lee738@outlook.com,513823,Medium,2683,Existing User,50,,Approved,Yes,No,mobile,0,,1
3462614,2025-05-23 06:03:30,5.041,visa,credit,david.ong580@gmail.com,432251,Low,9756,Existing User,45,,Approved,Yes,No,mobile,0,gmail.com,1
3058613,2025-01-19 15:51:28,150,mastercard,debit,jason.teo600@yahoo.com,521827,Low,6329,Existing User,25,,Approved,No,No,desktop,Windows,yahoo.com,0
3547842,2025-06-21 22:18:00,125,mastercard,credit,sarah.koh980@hotmail.com,555447,Low,1788,Existing User,27,,Approved,No,No,desktop,Windows,,0
3074457,2025-01-22 06:07:15,38.711,visa,debit,mike.lee157@outlook.es,459965,Low,9262,New User,47,,Approved,No,No,mobile,SM-G570M Build/MMB29K,outlook.es,0
3110011,2025-01-28 22:33:55,53.17,visa,debit,jason.ng534@gmail.com,442464,Low,8313,Existing User,30,,Approved,No,No,desktop,Windows,gmail.com,0
3306406,2025-04-02 21:52:24,153.467,visa,debit,sarah.chan818@gmail.com,409756,Low,8512,New User,46,,Approved,No,No,desktop,0,gmail.com,0
3518981,2025-06-12 01:14:05,170,visa,debit,jason.lee609@hotmail.com,471919,Low,8551,Existing User,36,,Approved,No,No,desktop,0,,0
3092986,2025-01-25 06:29:59,50,visa,debit,john.chan669@aol.com,479088,Low,5635,Existing User,26,,Approved,No,No,desktop,Windows,aol.com,0
3228103,2025-03-07 22:35:14,10,visa,credit,mike.tan294@gmail.com,411855,Low,3773,New User,31,,Approved,No,No,desktop,Windows,,0
3212806,2025-03-03 19:13:09,32.687,visa,credit,jason.goh117@hotmail.com,442749,Low,5792,New User,35,,Approved,No,No,mobile,LG-K200 Build/MXB48T,hotmail.com,0
3059015,2025-01-19 16:50:49,100,visa,credit,mike.ng729@gmail.com,446647,Low,5043,Existing User,31,,Approved,No,No,0,0,gmail.com,0
3066765,2025-01-20 22:28:07,100,mastercard,debit,lisa.lee945@charter.net,550928,Low,2200,Existing User,31,,Approved,No,No,mobile,QTASUN1 Build/NRD90M,charter.net,0
3292480,2025-03-29 19:35:02,33.352,mastercard,credit,mike.chan294@gmail.com,532645,Low,2732,Existing User,48,,Approved,No,No,mobile,0,gmail.com,0
3421431,2025-05-08 01:18:14,25,mastercard,debit,david.lee937@gmail.com,521265,Medium,7950,New User,56,,Approved,No,No,mobile,XT1565,gmail.com,0
3531424,2025-06-16 03:01:46,58.283,visa,credit,mike.tan254@anonymous.com,465465,Medium,8196,Existing User,53,,Approved,No,No,desktop,Windows,anonymous.com,0
3110134,2025-01-28 23:04:41,21.454,mastercard,debit,amy.koh339@hotmail.com,535091,Low,2704,New User,49,,Approved,No,No,desktop,Windows,hotmail.com,0
3199507,2025-02-27 00:20:53,48.097,visa,credit,tom.chan375@gmail.com,430924,Low,1625,Existing User,28,,Approved,No,No,mobile,Pixel,gmail.com,0
3133414,2025-02-04 20:35:52,10.611,visa,debit,lisa.ong4@yahoo.com,494378,Low,2624,Existing User,28,,Approved,No,No,mobile,SAMSUNG SM-G955U Build/NRD90M,yahoo.com,0
3040454,2025-01-15 15:34:24,38.012,visa,debit,jason.ng1@gmail.com,470469,Low,9726,Existing User,33,,Approved,No,No,desktop,Trident/7.0,gmail.com,0
3008098,2025-01-07 05:32:59,6.646,visa,debit,jason.chan733@gmail.com,408767,Low,7639,Existing User,36,,Approved,No,No,desktop,0,gmail.com,0
3260469,2025-03-18 20:01:24,128.695,mastercard,credit,jason.tan771@gmail.com,538796,Low,6645,Existing User,43,,Approved,Yes,No,mobile,0,gmail.com,1
3166453,2025-02-15 16:12:42,200,american express,credit,mike.ng150@anonymous.com,376476,Low,7955,Existing User,42,,Approved,No,No,desktop,Windows,anonymous.com,0
3383703,2025-04-26 16:54:19,35.044,mastercard,credit,david.ong412@gmail.com,532390,Low,6219,Existing User,28,,Approved,Yes,No,desktop,Moto E (4) Build/NMA26.42-69,gmail.com,1
3089373,2025-01-24 18:58:22,75,mastercard,debit,mike.chan491@gmail.com,527790,Low,3988,Existing User,37,,Approved,No,Yes,mobile,SAMSUNG SM-N950U Build/NMF26X,gmail.com,0
3193707,2025-02-24 23:07:03,50,visa,credit,tom.teo321@gmail.com,468771,Low,2096,New User,35,,Approved,No,No,desktop,MacOS,gmail.com,0
3499401,2025-06-05 02:26:07,12.296,visa,credit,david.tan649@gmail.com,498631,Low,6328,New User,42,,Approved,Yes,No,desktop,SM-A500M Build/KTU84P,gmail.com,1
3354036,2025-04-16 16:03:29,250,visa,debit,mike.teo339@gmail.com,476467,Medium,4994,New User,55,,Approved,No,No,desktop,Windows,gmail.com,0
3309648,2025-04-03 17:24:19,50,visa,credit,jason.chan987@gmail.com,452912,Low,6232,New User,34,,Approved,No,No,desktop,Trident/7.0,,0
3359359,2025-04-18 02:51:43,75,visa,credit,anna.teo359@bellsouth.net,465828,Low,2003,Existing User,40,,Approved,No,No,mobile,iOS Device,bellsouth.net,0
3045562,2025-01-16 16:42:24,50,visa,credit,anna.tan249@aol.com,457993,Low,9975,Existing User,16,,Approved,No,No,desktop,Windows,aol.com,0
3394146,2025-04-29 23:07:42,77.7,mastercard,debit,sarah.lee53@hotmail.com,513007,Low,4623,Existing User,41,,Approved,No,No,mobile,0,hotmail.com,0
3043652,2025-01-16 02:16:27,78.064,mastercard,debit,tom.lim646@hotmail.com,511450,Low,2056,Existing User,28,,Approved,No,No,desktop,Windows,hotmail.com,0
3380459,2025-04-25 06:43:24,9.305,visa,debit,anna.ong535@yahoo.com,471553,Medium,9045,Existing User,53,,Approved,No,No,mobile,0,,0
3263431,2025-03-19 19:19:49,32.264,mastercard,credit,john.wong407@gmail.com,536995,Low,9227,Existing User,27,,Approved,Yes,No,desktop,Windows,gmail.com,1
3399027,2025-05-01 14:41:57,25,visa,debit,mike.ong770@yahoo.com,411420,Low,7891,Existing User,28,,Approved,No,No,desktop,MacOS,yahoo.com,0
3065425,2025-01-20 18:52:07,34.105,mastercard,debit,sarah.ng713@gmail.com,546494,Medium,9409,New User,62,,Approved,No,No,mobile,0,gmail.com,0
3261526,2025-03-19 00:42:38,18.368,mastercard,debit,alex.lim610@hotmail.com,527491,Medium,8752,New User,54,,Approved,No,No,mobile,ALE-L23 Build/HuaweiALE-L23,hotmail.com,0
3128922,2025-02-03 19:32:19,34.63,visa,debit,mike.lim949@gmail.com,417432,Low,3899,Existing User,49,,Approved,No,No,mobile,0,gmail.com,0
3226090,2025-03-07 05:19:43,25.678,visa,credit,mike.lim642@hotmail.com,440212,Low,6302,Existing User,20,,Approved,No,No,mobile,E5803 Build/32.4.A.1.54,hotmail.com,0
3380345,2025-04-25 04:25:23,20,visa,debit,alex.koh194@yahoo.com,480703,Low,7263,Existing User,22,,Approved,Yes,No,desktop,Windows,,1
3111071,2025-01-29 04:42:09,150,visa,credit,sarah.koh788@gmail.com,443435,Low,7445,Existing User,32,,Approved,Yes,No,mobile,SAMSUNG SM-G955U Build/NRD90M,gmail.com,1
3538545,2025-06-18 17:32:55,350,american express,credit,lisa.ng682@gmail.com,376119,Low,3637,Existing User,44,,Approved,No,No,desktop,MacOS,gmail.com,0
3465722,2025-05-24 19:13:20,100,american express,credit,sarah.teo247@anonymous.com,370540,Medium,3937,Existing User,54,,Approved,No,No,desktop,Trident/7.0,anonymous.com,0
3184489,2025-02-21 17:24:44,125,american express,credit,sarah.chan371@gmail.com,370192,Low,4927,Existing User,30,,Approved,No,No,desktop,Windows,gmail.com,0
3214583,2025-03-04 05:28:54,175,mastercard,debit,john.wong236@anonymous.com,519411,Medium,7580,Existing User,68,,Approved,No,No,mobile,iOS Device,anonymous.com,0
3118818,2025-01-31 04:48:54,26.118,visa,debit,tom.koh617@gmail.com,431994,Low,9912,Existing User,25,,Approved,No,No,desktop,Trident/7.0,gmail.com,0
3165309,2025-02-14 22:54:40,200,visa,credit,john.koh262@msn.com,446707,Low,4773,Existing User,35,,Approved,No,No,mobile,SAMSUNG SM-G930T Build/NRD90M,msn.com,0
3042111,2025-01-15 20:49:52,100,visa,debit,john.lee953@yahoo.com,497427,Low,6695,Existing User,30,,Approved,No,No,mobile,iOS Device,yahoo.com,0
3087709,2025-01-24 14:52:37,450,discover,credit,alex.lee783@gmail.com,623114,Low,1416,Existing User,38,,Approved,No,No,mobile,iOS Device,gmail.com,0
3499820,2025-06-05 11:17:27,21.518,mastercard,debit,tom.teo410@hotmail.com,548405,Low,3804,New User,40,,Approved,No,No,mobile,Moto C Build/NRD90M.054,hotmail.com,0
3205059,2025-02-28 22:07:30,27.793,visa,credit,sarah.lim281@hotmail.com,475435,Low,3070,New User,45,,Approved,Yes,No,mobile,TRT-L53 Build/HUAWEITRT-L53,hotmail.com,1
3170508,2025-02-16 23:32:12,20,visa,credit,alex.koh349@gmail.com,440397,Low,3162,Existing User,32,,Approved,No,No,desktop,MacOS,,0
3429345,2025-05-10 23:55:33,28.342,mastercard,credit,jason.lee931@gmail.com,527262,Low,5861,Existing User,35,,Approved,Yes,No,desktop,0,gmail.com,1
3367681,2025-04-21 03:16:13,30.029,visa,debit,john.koh695@hotmail.com,456290,Low,7626,Existing User,25,,Approved,No,No,desktop,Windows,hotmail.com,0
3555972,2025-06-24 17:40:16,14.157,mastercard,credit,lisa.goh362@live.fr,552813,Low,7946,Existing User,42,,Approved,No,No,mobile,0,live.fr,0
3061020,2025-01-19 21:53:54,75,visa,debit,david.wong915@gmail.com,493814,Low,5290,New User,47,,Approved,Yes,No,0,0,gmail.com,0
3206605,2025-03-01 17:48:41,88.213,mastercard,credit,mike.lee291@hotmail.com,545995,Low,9812,New User,49,,Approved,No,No,mobile,Moto E (4) Build/NMA26.42-19,hotmail.com,0
3056858,2025-01-19 02:07:53,200,visa,debit,mike.wong629@yahoo.com,494355,Low,5282,Existing User,39,,Approved,No,No,mobile,SM-G955U Build/NRD90M,yahoo.com,0
3571200,2025-06-30 19:02:53,3.256,mastercard,debit,david.lim271@hotmail.com,518051,Low,9202,Existing User,32,,Approved,No,No,desktop,0,hotmail.com,0
3085185,2025-01-23 23:03:47,75,visa,credit,jason.goh238@yahoo.com,499932,Low,4488,Existing User,28,,Approved,No,No,desktop,Windows,yahoo.com,0
3122720,2025-02-01 16:53:37,250,american express,credit,lisa.tan854@aol.com,370047,Low,2196,Existing User,47,,Approved,No,No,mobile,iOS Device,aol.com,0
3533013,2025-06-16 19:31:03,25,visa,debit,david.wong631@hotmail.com,499175,Low,3091,Existing User,29,,Approved,No,No,desktop,Windows,,0
3039637,2025-01-15 04:51:45,25,visa,credit,mike.koh437@hotmail.com,453350,Low,2715,Existing User,30,,Approved,No,No,desktop,MacOS,hotmail.com,0
3286892,2025-03-27 19:18:39,100,visa,credit,jason.koh284@gmail.com,438441,Low,4549,Existing User,30,,Approved,No,No,desktop,Windows,gmail.com,0
3282552,2025-03-26 15:11:57,25.86,visa,debit,david.koh434@hotmail.com,419923,Low,9349,Existing User,21,,Approved,No,No,desktop,Moto G (5) Plus Build/NPNS25.137-92-4,hotmail.com,0
3080649,2025-01-23 13:23:38,100,american express,credit,jason.chan80@hotmail.com,372778,Low,8505,New User,40,,Approved,No,No,mobile,iOS Device,hotmail.com,0
3243558,2025-03-13 00:50:56,20.785,visa,debit,alex.ong435@hotmail.fr,405530,Low,3827,Existing User,35,,Approved,No,No,desktop,0,hotmail.fr,0
3094768,2025-01-25 17:58:25,37.254,visa,debit,sarah.tan819@hotmail.com,499337,Low,5403,Existing User,30,,Approved,No,No,desktop,Windows,hotmail.com,0
3511120,2025-06-09 12:17:10,28,visa,debit,alex.lee909@hotmail.com,493495,Medium,8642,New User,57,,Approved,No,No,mobile,0,,0
3071512,2025-01-21 19:49:02,100,visa,debit,jason.lee638@anonymous.com,463097,Medium,9139,Existing User,52,,Approved,No,No,desktop,rv:11.0,anonymous.com,0
3068745,2025-01-21 05:45:15,99.576,visa,credit,sarah.koh844@hotmail.com,450382,Low,8155,Existing User,47,,Approved,No,No,mobile,0,hotmail.com,0
3504666,2025-06-06 22:31:15,15.309,mastercard,debit,mike.lee614@gmail.com,522410,Low,2146,Existing User,21,,Approved,No,No,desktop,Moto Z (2,gmail.com,0
3516181,2025-06-11 01:24:27,21.887,mastercard,credit,mike.ong15@anonymous.com,544698,Medium,1173,Existing User,52,,Approved,No,No,mobile,rv:59.0,anonymous.com,0
3291362,2025-03-29 03:19:01,100,american express,credit,alex.koh857@gmail.com,379969,Low,3524,Existing User,27,,Approved,No,No,desktop,MacOS,gmail.com,0
3032370,2025-01-13 16:37:55,50,visa,debit,lisa.tan792@hotmail.com,497386,Low,4444,Existing User,43,,Approved,No,No,mobile,iOS Device,hotmail.com,0
3023201,2025-01-11 03:44:47,40,mastercard,debit,lisa.ng351@rocketmail.com,539926,Low,9618,Existing User,24,,Approved,No,No,desktop,MacOS,rocketmail.com,0
3046050,2025-01-16 18:02:48,25,visa,debit,alex.chan624@outlook.com,430240,Low,3190,Existing User,33,,Approved,No,No,desktop,Windows,,0
3050623,2025-01-17 18:09:42,100,visa,credit,jason.lim418@gmail.com,438053,Low,2374,Existing User,18,,Approved,No,No,desktop,rv:11.0,gmail.com,0
3151766,2025-02-10 16:46:16,50,visa,debit,amy.ng747@gmail.com,413986,Low,4451,Existing User,28,,Approved,No,No,desktop,Windows,gmail.com,0
3240617,2025-03-12 00:32:10,28.662,visa,debit,mike.ong708@anonymous.com,456053,Medium,2121,New User,73,ANONYMOUS_EMAIL,Rejected,No,No,desktop,rv:57.0,anonymous.com,0
3135418,2025-02-05 05:28:43,79.23,mastercard,credit,alex.teo678@gmail.com,522717,Low,7191,Existing User,24,,Approved,No,No,mobile,HUAWEI,gmail.com,0
3215003,2025-03-04 14:43:17,13.534,mastercard,credit,david.chan787@gmail.com,530052,Low,1914,Existing User,18,,Approved,No,No,desktop,Windows,gmail.com,0
3099409,2025-01-26 06:51:35,156.71,visa,credit,amy.lim377@live.com,456771,Low,9630,New User,38,,Approved,No,No,mobile,SM-G570M Build/MMB29K,live.com,0
3098146,2025-01-26 01:48:05,100,visa,credit,jason.ng607@sbcglobal.net,426848,Low,6732,Existing User,35,,Approved,No,No,desktop,0,sbcglobal.net,0
3497828,2025-06-04 19:05:11,67.997,visa,debit,jason.koh338@hotmail.com,474954,Medium,3424,New User,51,,Approved,No,No,desktop,0,hotmail.com,0
3249180,2025-03-14 22:46:02,64.77,visa,credit,anna.wong385@gmail.com,469475,Medium,6737,New User,51,,Approved,No,No,desktop,0,gmail.com,0
3092227,2025-01-25 02:13:51,25,visa,debit,tom.teo65@gmail.com,422102,Low,6725,New User,46,,Approved,No,No,mobile,iOS Device,gmail.com,0
3302190,2025-04-01 20:47:43,19.032,mastercard,debit,tom.ong337@yahoo.com.mx,525945,Low,2181,New User,48,,Approved,No,No,desktop,Windows,yahoo.com.mx,0
3456846,2025-05-21 03:57:15,100,visa,credit,lisa.wong702@gmail.com,409194,Low,4070,Existing User,33,,Approved,Yes,No,mobile,iOS Device,gmail.com,1
3409570,2025-05-04 20:03:39,87.302,mastercard,credit,amy.ng523@outlook.com,521905,Low,8026,New User,35,,Approved,Yes,No,desktop,LG-D320 Build/KOT49I.V10a,outlook.com,1
3098300,2025-01-26 02:21:20,50,visa,credit,jason.goh1@yahoo.com,493315,Low,2926,Existing User,40,,Approved,No,No,0,0,,0
3326822,2025-04-07 20:26:26,35.346,visa,credit,lisa.tan284@gmail.com,453433,Low,6880,Existing User,32,,Approved,Yes,No,mobile,BLADE V8 SE Build/NRD90M,gmail.com,1
3507777,2025-06-08 03:56:24,28.035,visa,credit,anna.ng677@anonymous.com,435848,Low,7828,Existing User,43,,Approved,No,No,desktop,Windows,anonymous.com,0
3001083,2025-01-05 16:50:05,50,visa,credit,alex.chan292@hotmail.com,459346,Low,5153,New User,38,,Approved,No,No,desktop,MacOS,,0
3535134,2025-06-17 15:03:39,50,visa,debit,amy.ong371@gmail.com,477110,Low,8904,Existing User,34,,Approved,Yes,No,desktop,Windows,gmail.com,1
3003882,2025-01-06 02:59:21,45,mastercard,credit,amy.goh762@yahoo.com,556745,Low,2570,Existing User,35,,Approved,No,No,desktop,MacOS,yahoo.com,0
3554584,2025-06-24 01:55:23,150,visa,debit,alex.ong722@hotmail.com,472767,Medium,7750,New User,54,,Approved,No,No,desktop,MacOS,hotmail.com,0
3410305,2025-05-04 23:15:56,150,visa,debit,alex.goh55@anonymous.com,460116,Medium,2873,Existing User,52,,Approved,No,No,desktop,Windows,anonymous.com,0
3217086,2025-03-05 00:49:49,46.161,visa,debit,jason.teo910@hotmail.com,448200,Low,3977,Existing User,23,,Approved,No,No,desktop,Windows,hotmail.com,0
3075353,2025-01-22 15:19:12,100,american express,credit,sarah.koh673@gmail.com,373989,Low,8495,Existing User,38,,Approved,No,No,0,0,gmail.com,0
3351107,2025-04-15 17:00:13,85.071,visa,credit,sarah.ong958@hotmail.com,411722,Low,7375,New User,42,,Approved,No,No,desktop,0,hotmail.com,0
3331067,2025-04-09 01:53:44,43.865,mastercard,credit,sarah.koh8@yahoo.com.mx,539800,Low,7654,Existing User,17,,Approved,No,No,desktop,rv:11.0,yahoo.com.mx,0
3230300,2025-03-08 20:23:51,42.651,visa,debit,anna.ong313@anonymous.com,431407,High,9708,New User,86,HIGH_RISK_SCORE,Rejected,No,No,mobile,0,anonymous.com,0
3479026,2025-05-29 16:24:57,133.709,visa,credit,john.koh314@gmail.com,403996,Low,2464,New User,48,,Approved,No,No,desktop,0,gmail.com,0
3540272,2025-06-19 02:46:13,74.575,mastercard,credit,mike.lee39@anonymous.com,535071,High,3869,New User,89,HIGH_RISK_SCORE,Rejected,No,No,mobile,0,anonymous.com,0
3099688,2025-01-26 11:59:41,50,american express,credit,jason.ong354@gmail.com,372817,Low,9093,Existing User,33,,Approved,No,No,mobile,iOS Device,gmail.com,0
3082618,2025-01-23 17:47:28,50,visa,debit,sarah.wong173@ymail.com,423731,Medium,6519,New User,58,,Approved,No,No,mobile,iOS Device,ymail.com,0
3357612,2025-04-17 18:32:40,250,visa,credit,alex.lee857@gmail.com,465370,Low,9440,Existing User,26,,Approved,No,No,desktop,Windows,gmail.com,0
3181270,2025-02-20 16:42:17,1000,mastercard,credit,john.chan929@yahoo.com,536225,Medium,7365,New User,54,,Approved,No,No,desktop,Windows,,0
3166747,2025-02-15 18:07:46,15,mastercard,credit,amy.goh658@outlook.com,530624,Low,1128,Existing User,24,,Approved,No,No,desktop,Windows,,0
3183443,2025-02-21 01:56:28,44.774,mastercard,credit,david.chan128@hotmail.com,540414,Low,8578,New User,40,,Approved,No,No,desktop,0,hotmail.com,0
3013504,2025-01-08 19:45:15,200,visa,credit,amy.tan328@anonymous.com,412843,Medium,1535,New User,57,,Approved,No,No,desktop,Windows,anonymous.com,0
3171125,2025-02-17 03:00:52,10.727,visa,credit,tom.goh615@hotmail.com,461797,Low,9280,Existing User,24,,Approved,No,No,desktop,Windows,hotmail.com,0
3022699,2025-01-11 00:44:19,25,visa,credit,amy.teo883@gmail.com,446240,Low,8496,New User,32,,Approved,No,No,desktop,Windows,gmail.com,0
3103458,2025-01-27 00:47:33,25,visa,debit,sarah.tan820@gmail.com,461329,Low,9890,Existing User,25,,Approved,No,No,desktop,MacOS,gmail.com,0
3074109,2025-01-22 03:45:08,25,visa,debit,alex.ong933@gmail.com,422663,Low,8772,New User,49,,Approved,No,No,desktop,Windows,,0
3075798,2025-01-22 16:32:08,75,visa,debit,tom.ong867@gmail.com,473373,Low,6391,Existing User,27,,Approved,No,No,desktop,MacOS,gmail.com,0
3526665,2025-06-14 17:31:55,16.231,mastercard,debit,amy.ong67@hotmail.com,530465,Low,8040,New User,42,,Approved,No,No,mobile,Moto G (5) Build/NPP25.137-72,hotmail.com,0
3479370,2025-05-29 17:53:21,250,visa,debit,tom.ong970@yahoo.com,417661,Medium,6437,New User,64,NEW_USER_RULE,Rejected,No,No,mobile,iOS Device,yahoo.com,1
3145527,2025-02-08 08:38:37,32.765,mastercard,credit,david.chan33@anonymous.com,519141,Medium,2025,Existing User,67,ANONYMOUS_EMAIL,Rejected,No,No,mobile,0,anonymous.com,0
3201249,2025-02-27 18:13:00,32.939,mastercard,credit,lisa.chan632@hotmail.com,545021,Low,4610,Existing User,37,,Approved,No,No,desktop,0,hotmail.com,0
3113350,2025-01-29 22:26:30,50,mastercard,credit,amy.ng993@comcast.net,544107,Low,6624,Existing User,21,,Approved,No,No,desktop,Trident/7.0,comcast.net,0
3444795,2025-05-16 17:53:58,8.361,mastercard,debit,alex.chan414@hotmail.com,515045,Low,8410,Existing User,37,,Approved,No,No,mobile,HUAWEI RIO-L03 Build/HUAWEIRIO-L03,hotmail.com,0
3550116,2025-06-22 17:32:25,200,mastercard,debit,lisa.ong624@anonymous.com,558028,Medium,7326,Existing User,51,,Approved,No,No,desktop,Windows,anonymous.com,0
3038206,2025-01-14 22:36:34,129.659,visa,credit,amy.chan153@hotmail.com,430839,Low,5793,Existing User,15,,Approved,No,No,desktop,Windows,hotmail.com,0
3041943,2025-01-15 20:20:23,25,mastercard,credit,amy.chan669@yahoo.com,544638,Low,5566,Existing User,16,,Approved,No,No,desktop,hp2015,,0
3060197,2025-01-19 19:47:09,50,visa,debit,david.teo677@hotmail.com,477429,Low,1524,Existing User,23,,Approved,No,No,desktop,Windows,hotmail.com,0
3187547,2025-02-22 20:27:14,12.126,mastercard,credit,alex.chan323@hotmail.com,542503,Medium,4914,New User,55,,Approved,No,No,0,0,hotmail.com,0
3017080,2025-01-09 18:48:18,50,visa,debit,tom.koh327@gmail.com,458052,Low,9719,Existing User,34,,Approved,No,No,desktop,Windows,gmail.com,0
3196966,2025-02-26 01:37:58,26.876,mastercard,credit,jason.teo308@hotmail.com,522335,Low,4374,Existing User,31,,Approved,No,No,0,0,hotmail.com,0
3262154,2025-03-19 06:17:19,22.114,visa,debit,mike.lim113@gmail.com,406658,Medium,7126,New User,54,,Approved,No,No,desktop,0,gmail.com,0
3021636,2025-01-10 21:11:33,50,visa,debit,anna.tan981@gmail.com,447157,Low,3746,Existing User,41,,Approved,No,No,mobile,iOS Device,gmail.com,0
3221684,2025-03-06 04:18:36,70,visa,credit,david.tan385@yahoo.com,462480,Low,7984,New User,41,,Approved,No,No,desktop,Trident/7.0,,0
3540621,2025-06-19 11:32:01,25,visa,debit,lisa.ng234@gmail.com,425462,Low,7652,Existing User,25,,Approved,No,No,desktop,Windows,gmail.com,0
3037558,2025-01-14 20:12:38,100,visa,credit,sarah.koh95@anonymous.com,480710,High,4631,New User,80,HIGH_RISK_SCORE,Rejected,No,No,0,0,anonymous.com,0
3068466,2025-01-21 03:59:03,39.941,mastercard,credit,david.lee225@hotmail.com,528754,Low,2062,Existing User,22,,Approved,No,No,desktop,Windows,hotmail.com,0
3528167,2025-06-15 01:36:22,19.12,visa,debit,john.wong614@yahoo.com,483216,Low,7417,New User,35,,Approved,No,No,desktop,Windows,yahoo.com,0
3249439,2025-03-15 00:03:37,50,visa,debit,alex.koh164@gmail.com,445134,Low,7658,Existing User,32,,Approved,No,No,mobile,iOS Device,gmail.com,0
3207664,2025-03-01 23:15:38,20,visa,debit,tom.koh656@gmail.com,449794,Medium,4477,New User,60,NEW_USER_RULE,Rejected,No,No,mobile,iOS Device,gmail.com,0
3104398,2025-01-27 14:31:11,200,american express,credit,lisa.ng348@gmail.com,370204,Low,5903,Existing User,28,,Approved,No,No,mobile,iOS Device,gmail.com,0
3395245,2025-04-30 11:37:51,34.742,mastercard,debit,david.ong572@gmail.com,550066,Low,8214,New User,40,,Approved,No,No,desktop,Windows,gmail.com,0
3411757,2025-05-05 13:01:41,200,visa,credit,tom.ng163@anonymous.com,402874,Medium,6947,New User,59,,Approved,No,No,desktop,Windows,anonymous.com,0
3033051,2025-01-13 18:59:45,100,visa,debit,amy.wong790@gmail.com,467928,Low,6205,New User,37,,Approved,No,No,desktop,Windows,gmail.com,0
3198836,2025-02-26 21:02:58,27.518,mastercard,debit,jason.wong942@gmail.com,549810,Low,3544,Existing User,37,,Approved,No,No,mobile,Blade V6 Build/LRX22G,gmail.com,0
3360117,2025-04-18 15:50:11,8.217,visa,debit,john.goh642@hotmail.com,450493,Low,4287,Existing User,40,,Approved,No,No,mobile,0,hotmail.com,0
3181974,2025-02-20 19:45:23,100,mastercard,credit,john.tan8@comcast.net,527732,Low,5905,Existing User,29,,Approved,No,No,desktop,MacOS,comcast.net,0
3237973,2025-03-11 03:13:56,20.12,visa,debit,lisa.koh802@gmail.com,430872,Low,3926,Existing User,26,,Approved,No,No,mobile,E5506 Build/29.1.A.0.101,gmail.com,0
3556292,2025-06-24 19:23:52,17.46,visa,debit,mike.wong602@gmail.com,421462,Medium,7295,New User,52,,Approved,No,No,mobile,PRA-LX3 Build/HUAWEIPRA-LX3,gmail.com,0
3206358,2025-03-01 16:17:31,19.334,mastercard,debit,anna.teo809@gmail.com,530379,Low,2197,Existing User,34,,Approved,No,No,desktop,Windows,gmail.com,0
3026204,2025-01-12 01:05:22,15,visa,credit,jason.goh181@gmail.com,489834,Low,5974,New User,44,,Approved,No,No,desktop,Windows,gmail.com,0
3483192,2025-05-31 02:13:35,38.855,mastercard,credit,mike.lim927@gmail.com,515299,Low,3877,Existing User,26,,Approved,No,No,desktop,Windows,gmail.com,0
3248733,2025-03-14 20:32:37,67.187,visa,debit,sarah.ong784@hotmail.com,403376,Low,8108,New User,46,,Approved,No,No,mobile,Hisense F23 Build/NRD90M,hotmail.com,0
3533573,2025-06-16 22:14:18,100,visa,credit,david.chan88@msn.com,402897,Medium,6400,New User,53,,Approved,No,No,mobile,SM-G950U Build/R16NW,msn.com,0
3182403,2025-02-20 21:37:10,48.272,mastercard,debit,mike.koh332@hotmail.com,553595,Medium,4132,New User,62,NEW_USER_RULE,Rejected,No,No,mobile,0,hotmail.com,0
3542535,2025-06-19 21:36:40,300,visa,debit,john.lee916@aol.com,480595,Low,6280,Existing User,46,,Approved,No,No,mobile,iOS Device,aol.com,0
3292280,2025-03-29 18:29:59,29.847,visa,debit,john.tan820@hotmail.com,479302,Low,6165,Existing User,34,,Approved,No,No,desktop,Windows,hotmail.com,0
3476394,2025-05-28 17:34:43,26.313,visa,credit,tom.ong549@web.de,425448,Low,6468,Existing User,39,,Approved,No,No,mobile,0,web.de,0
3013834,2025-01-08 21:02:50,25,visa,credit,sarah.ong679@gmail.com,482235,Low,8738,New User,36,,Approved,No,No,desktop,Windows,gmail.com,0
3091662,2025-01-25 00:27:55,20.988,mastercard,debit,david.goh323@hotmail.com,529088,Low,1999,Existing User,42,,Approved,No,No,0,0,hotmail.com,0
3372659,2025-04-22 21:01:46,43.623,visa,debit,anna.lim512@hotmail.com,488709,Low,7279,Existing User,44,,Approved,No,No,desktop,0,hotmail.com,0
3005888,2025-01-06 19:29:54,50,mastercard,debit,mike.goh600@hotmail.com,552745,Medium,5453,New User,55,,Approved,No,No,desktop,MacOS,hotmail.com,0
3045984,2025-01-16 17:50:20,100,visa,credit,mike.goh834@comcast.net,400621,Low,9886,Existing User,15,,Approved,No,No,desktop,Trident/7.0,comcast.net,0
3096802,2025-01-25 22:14:45,25,mastercard,debit,jason.goh96@hotmail.com,550169,Low,6045,Existing User,40,,Approved,No,No,mobile,iOS Device,hotmail.com,0
3537438,2025-06-18 04:00:10,30,visa,credit,lisa.chan695@aol.com,452185,Medium,2155,New User,55,,Approved,No,No,mobile,LGLS990,aol.com,0
3198960,2025-02-26 21:48:31,13.642,visa,credit,john.tan414@gmail.com,430693,Low,5422,Existing User,26,,Approved,Yes,No,mobile,SAMSUNG SM-G531H Build/LMY48B,gmail.com,0
3415642,2025-05-06 12:07:38,50,american express,credit,david.lee715@outlook.com,377871,Low,6970,Existing User,15,,Approved,No,No,desktop,MacOS,,0
3109427,2025-01-28 20:10:12,21.629,visa,debit,jason.goh698@gmail.com,420661,Low,5719,Existing User,40,,Approved,No,No,mobile,Moto Z (2,gmail.com,0
3502036,2025-06-05 22:31:53,600,visa,credit,david.chan860@gmail.com,405720,Medium,4664,New User,53,,Approved,No,No,desktop,Windows,gmail.com,0
3336298,2025-04-10 18:21:23,100,visa,credit,amy.chan226@gmail.com,415483,Low,5556,Existing User,30,,Approved,No,No,desktop,Windows,gmail.com,0
3504739,2025-06-06 22:51:40,250,american express,credit,jason.wong349@cox.net,370103,Low,1075,New User,45,,Approved,Yes,No,desktop,Windows,cox.net,1
3073570,2025-01-22 01:36:56,50,mastercard,debit,anna.goh803@gmail.com,559280,Low,7003,Existing User,26,,Approved,Yes,No,desktop,Windows,gmail.com,0
3098595,2025-01-26 03:19:06,50,visa,debit,jason.tan999@gmail.com,477274,Low,4243,Existing User,35,,Approved,No,No,desktop,MacOS,gmail.com,0
3406772,2025-05-03 22:28:19,27.492,visa,credit,sarah.lim455@gmail.com,459999,Low,6105,Existing User,27,,Approved,No,No,mobile,Blade V580 Build/LMY47D,gmail.com,0
3056436,2025-01-19 00:43:13,100,mastercard,credit,sarah.lim312@gmail.com,518942,Low,6832,Existing User,29,,Approved,No,No,desktop,Trident/7.0,gmail.com,0
3041144,2025-01-15 17:48:24,100,visa,debit,tom.chan455@aol.com,489966,Low,6371,Existing User,45,,Approved,No,No,mobile,iOS Device,aol.com,0
3423970,2025-05-08 21:32:55,100,visa,credit,alex.lee690@yahoo.com,465592,Low,3400,New User,45,,Approved,No,No,desktop,Windows,yahoo.com,0
3217592,2025-03-05 04:04:58,150,visa,debit,anna.goh365@aol.com,458518,Low,7845,Existing User,41,,Approved,No,No,mobile,LGLS665 Build/LMY47V,aol.com,0
3386332,2025-04-27 16:10:42,34.742,mastercard,debit,amy.lee252@anonymous.com,534341,High,9836,Existing User,75,,Approved,No,No,desktop,0,anonymous.com,0
3426000,2025-05-09 18:15:34,200,american express,credit,lisa.tan887@anonymous.com,373485,Low,7101,Existing User,49,,Approved,No,No,desktop,Windows,anonymous.com,0
3091429,2025-01-24 23:51:37,25,visa,debit,jason.tan894@hotmail.com,461319,Low,6023,Existing User,34,,Approved,No,No,desktop,MacOS,hotmail.com,0
3237091,2025-03-10 22:42:19,139.208,mastercard,debit,john.chan742@anonymous.com,519755,Medium,4845,Existing User,55,,Approved,No,No,desktop,Trident/7.0,anonymous.com,0
3100555,2025-01-26 15:41:14,100,visa,debit,amy.ng736@hotmail.com,480264,Low,8985,Existing User,40,,Approved,No,No,desktop,MacOS,hotmail.com,0
3169286,2025-02-16 17:54:20,500,visa,debit,david.lim71@yahoo.com,488986,Low,2531,Existing User,40,,Approved,No,No,desktop,Trident/7.0,yahoo.com,0
3140849,2025-02-06 20:28:33,50,visa,debit,sarah.koh114@gmail.com,475349,Low,2387,Existing User,24,,Approved,No,No,desktop,Trident/7.0,gmail.com,0
3021089,2025-01-10 19:13:18,25,mastercard,credit,amy.tan372@gmail.com,519428,Low,4381,Existing User,34,,Approved,No,No,mobile,iOS Device,gmail.com,0
3435772,2025-05-13 11:55:17,100,mastercard,credit,mike.chan314@yahoo.com,511235,Low,6421,New User,44,,Approved,No,No,mobile,iOS Device,yahoo.com,0
3524114,2025-06-13 19:40:52,225,visa,debit,sarah.ng265@hotmail.com,427460,Low,9329,New User,46,,Approved,No,No,desktop,rv:11.0,hotmail.com,0
3504481,2025-06-06 21:28:42,35.658,mastercard,debit,alex.ng759@gmail.com,541534,Low,9183,Existing User,32,,Approved,No,No,desktop,Windows,gmail.com,0
3003983,2025-01-06 03:33:21,15,visa,credit,mike.goh787@hotmail.com,430154,Low,9912,Existing User,29,,Approved,No,No,desktop,MacOS,,0
3277738,2025-03-24 21:25:34,75,visa,debit,sarah.lee2@gmail.com,482882,Low,2165,Existing User,35,,Approved,No,No,mobile,iOS Device,gmail.com,0
3398941,2025-05-01 14:19:44,14.017,mastercard,debit,mike.koh398@hotmail.com,514980,Low,6682,Existing User,26,,Approved,No,No,desktop,Moto G (5) Build/NPP25.137-93,hotmail.com,0
3055362,2025-01-18 21:09:41,75,visa,credit,sarah.chan880@yahoo.com,415978,Low,5847,Existing User,31,,Approved,No,No,mobile,iOS Device,yahoo.com,0
3303932,2025-04-02 06:58:16,14.622,mastercard,debit,john.ong291@hotmail.es,534833,Low,9619,Existing User,34,,Approved,No,No,mobile,SM-J701M Build/NRD90M,hotmail.es,0
3165873,2025-02-15 02:30:26,18.656,visa,debit,jason.lee959@hotmail.com,492688,Low,4602,Existing User,24,,Approved,No,No,desktop,Windows,hotmail.com,0
3080676,2025-01-23 13:30:30,250,mastercard,credit,mike.tan874@gmail.com,510214,Low,7056,Existing User,38,,Approved,No,No,desktop,Windows,gmail.com,0
3217887,2025-03-05 08:41:17,20.18,visa,credit,anna.tan604@gmail.com,439159,Low,9856,New User,48,,Approved,Yes,No,mobile,F5121 Build/34.3.A.0.252,gmail.com,1
3559415,2025-06-25 22:01:16,16.292,mastercard,debit,amy.ong10@gmail.com,545704,Low,5945,Existing User,26,,Approved,Yes,No,mobile,SM-A720F Build/NRD90M,gmail.com,1
3057329,2025-01-19 04:03:43,32.436,visa,debit,david.chan619@gmail.com,415556,Low,5242,New User,43,,Approved,No,No,desktop,Windows,gmail.com,0
3033365,2025-01-13 19:56:02,50,visa,credit,david.lim718@ymail.com,494137,Low,2134,Existing User,32,,Approved,No,No,mobile,iOS Device,ymail.com,0
3377603,2025-04-24 14:04:33,45,visa,debit,lisa.ng482@hotmail.com,419634,Low,4908,Existing User,22,,Approved,No,No,desktop,Windows,,0
3454764,2025-05-20 14:54:33,2.247,visa,debit,jason.goh784@anonymous.com,444613,Medium,9802,New User,61,,Approved,No,No,desktop,Trident/7.0,anonymous.com,0
3381689,2025-04-25 19:39:45,8.519,visa,debit,tom.ong233@gmail.com,436531,Low,2292,Existing User,45,,Approved,Yes,No,desktop,0,gmail.com,1
3421405,2025-05-08 01:11:26,56.07,visa,debit,alex.ong270@hotmail.com,498959,Medium,1520,New User,51,,Approved,No,No,mobile,F3213 Build/36.1.A.1.86,hotmail.com,0
3559407,2025-06-25 22:00:04,47.708,mastercard,credit,lisa.teo873@outlook.com,546266,Low,5743,Existing User,23,,Approved,No,No,mobile,Moto,outlook.com,0
3357756,2025-04-17 19:14:15,125,visa,credit,anna.teo418@anonymous.com,439313,Medium,8406,New User,56,,Approved,No,No,desktop,Windows,anonymous.com,0
3015402,2025-01-09 04:58:42,11.543,mastercard,debit,alex.tan453@hotmail.com,535429,Low,3457,Existing User,36,,Approved,No,No,desktop,0,hotmail.com,0
3142776,2025-02-07 13:06:34,100,visa,debit,mike.chan515@comcast.net,452357,Low,8369,Existing User,31,,Approved,No,No,mobile,iOS Device,comcast.net,0
3297877,2025-03-31 15:29:01,50,visa,debit,sarah.teo384@outlook.com,414675,Low,7835,New User,40,,Approved,No,Yes,desktop,Windows,,0
3132165,2025-02-04 16:20:25,6.88,mastercard,debit,mike.tan854@gmail.com,547156,Low,2928,Existing User,40,,Approved,No,No,mobile,HUAWEI VNS-L23 Build/HUAWEIVNS-L23,gmail.com,0
3092024,2025-01-25 01:31:58,100,mastercard,debit,alex.tan101@yahoo.com,514208,Low,5140,Existing User,38,,Approved,No,No,mobile,iOS Device,yahoo.com,0
3350015,2025-04-15 03:04:00,24.47,visa,debit,lisa.lim610@hotmail.com,471767,Low,5042,Existing User,38,,Approved,No,No,desktop,0,hotmail.com,0
3005979,2025-01-06 19:50:37,4.372,visa,debit,amy.ong993@gmail.com,433228,Low,4852,Existing User,48,,Approved,No,No,mobile,0,gmail.com,0
3196455,2025-02-25 23:01:49,25,mastercard,credit,david.koh197@mail.com,526770,Low,4326,New User,39,,Approved,No,No,desktop,Windows,mail.com,0
3391373,2025-04-29 01:18:44,11.359,visa,debit,mike.tan80@hotmail.com,424065,Low,1862,New User,43,,Approved,No,No,mobile,LG-K500 Build/MMB29M,hotmail.com,0
3380449,2025-04-25 06:23:52,34.742,visa,debit,john.goh132@gmail.com,401429,Medium,2301,New User,50,,Approved,No,No,mobile,Moto X Play Build/NPD26.48-24-1,gmail.com,0
3471593,2025-05-26 22:24:04,86.072,mastercard,debit,amy.ng609@hotmail.com,524248,Low,3571,Existing User,23,,Approved,No,No,desktop,Windows,hotmail.com,0
3510675,2025-06-09 02:30:04,18.936,visa,debit,john.goh722@gmail.com,450936,Low,5994,Existing User,46,,Approved,Yes,No,mobile,0,gmail.com,1
3153740,2025-02-11 02:34:01,26,visa,credit,tom.lim226@gmail.com,474777,Low,5295,Existing User,33,,Approved,No,No,mobile,SAMSUNG-SM-G930A Build/NRD90M,gmail.com,0
3004651,2025-01-06 14:30:54,100,mastercard,debit,anna.wong779@gmail.com,520222,Low,3905,Existing User,32,,Approved,No,No,mobile,SM-G930V Build/NRD90M,gmail.com,0
3397801,2025-05-01 01:11:11,22.597,visa,debit,david.wong936@gmail.com,435892,Low,2700,Existing User,36,,Approved,No,No,mobile,BLADE V8 SE Build/NRD90M,gmail.com,0
3362954,2025-04-19 18:35:19,21.328,visa,debit,david.wong459@hotmail.com,484759,Low,6912,Existing User,40,,Approved,No,No,mobile,0,hotmail.com,0
3094898,2025-01-25 18:13:27,50,visa,credit,alex.koh583@hotmail.com,433189,Low,8462,Existing User,20,,Approved,No,No,desktop,Windows,hotmail.com,0
3023516,2025-01-11 13:15:10,39.527,visa,debit,mike.chan711@hotmail.com,471904,Low,2397,New User,45,,Approved,No,No,desktop,Trident/7.0,hotmail.com,0
3503509,2025-06-06 16:10:09,7.44,visa,credit,sarah.ng658@gmail.com,434183,Low,9733,Existing User,28,,Approved,No,No,desktop,Windows,gmail.com,0
3187396,2025-02-22 19:37:14,65.646,visa,debit,amy.lee560@yahoo.com,417047,Low,5214,New User,39,,Approved,No,Yes,desktop,Windows,yahoo.com,0
3330874,2025-04-09 00:54:40,29.183,visa,credit,anna.tan977@gmail.com,496620,Low,6220,Existing User,17,,Approved,No,No,desktop,XT1040,gmail.com,0
3559489,2025-06-25 22:23:27,43.774,mastercard,debit,lisa.koh40@hotmail.com,528382,Low,8122,Existing User,40,,Approved,Yes,No,mobile,TRT-L53 Build/HUAWEITRT-L53,hotmail.com,1
3089080,2025-01-24 18:19:00,450,visa,credit,sarah.lee697@gmail.com,463476,Low,8177,Existing User,37,,Approved,No,No,desktop,rv:11.0,gmail.com,0
3334670,2025-04-10 01:31:36,9.123,mastercard,debit,amy.lim658@hotmail.com,524553,Low,4824,Existing User,27,,Approved,No,No,mobile,SM-G935F Build/NRD90M,,0
3342442,2025-04-12 20:11:54,125,visa,credit,alex.teo478@verizon.net,462530,Low,3838,New User,44,,Approved,No,No,desktop,MacOS,verizon.net,0
3522414,2025-06-13 01:53:58,23.239,visa,debit,mike.ng203@hotmail.com,454083,Low,9674,Existing User,33,,Approved,No,No,mobile,HUAWEI VNS-L23 Build/HUAWEIVNS-L23,hotmail.com,0
3512916,2025-06-09 23:13:13,48.077,,,jason.ng665@anonymous.com,529985,Medium,3037,Existing User,57,,Approved,No,No,desktop,0,anonymous.com,0
3456924,2025-05-21 05:48:30,55.332,visa,debit,mike.lim408@gmail.com,498041,Medium,2678,New User,51,,Approved,Yes,Yes,mobile,SM-G955U Build/R16NW,gmail.com,1
3131164,2025-02-04 07:17:27,92.464,mastercard,credit,alex.chan335@gmail.com,536982,Low,1372,New User,30,,Approved,Yes,No,desktop,Windows,gmail.com,1
3281635,2025-03-26 02:37:09,7.069,mastercard,credit,anna.ng871@hotmail.com,521858,Low,6868,New User,45,,Approved,No,No,mobile,SM-G531H Build/LMY48B,hotmail.com,0
3198154,2025-02-26 17:14:05,170.236,visa,debit,anna.chan494@gmail.com,425017,Low,5359,New User,46,,Approved,No,No,desktop,Windows,gmail.com,0
3051121,2025-01-17 19:39:18,150,mastercard,credit,anna.chan378@gmail.com,540714,Low,6774,Existing User,30,,Approved,No,No,desktop,Windows,gmail.com,0
3216753,2025-03-04 23:14:45,54.076,visa,debit,john.teo24@gmail.com,460405,Low,4863,Existing User,23,,Approved,No,No,desktop,Windows,gmail.com,0
3079148,2025-01-23 01:06:10,125,mastercard,credit,lisa.koh496@optonline.net,543792,Low,3356,Existing User,33,,Approved,No,No,mobile,iOS Device,optonline.net,0
3250479,2025-03-15 16:33:21,20,visa,credit,amy.tan147@yahoo.com,471489,Low,4421,Existing User,19,,Approved,No,No,desktop,Windows,,0
3154577,2025-02-11 15:39:43,150,visa,credit,john.chan4@gmail.com,463359,Low,9063,Existing User,38,,Approved,No,No,mobile,iOS Device,gmail.com,0
3335552,2025-04-10 14:41:46,200,visa,credit,amy.goh694@gmail.com,450126,Low,9763,Existing User,27,,Approved,No,No,desktop,Windows,gmail.com,0
3028040,2025-01-12 16:58:51,100,mastercard,credit,amy.lee887@anonymous.com,552658,Low,7610,Existing User,47,,Approved,No,No,desktop,Windows,anonymous.com,0
3063050,2025-01-20 03:57:04,100,visa,credit,alex.tan1@aol.com,421084,Low,7589,Existing User,23,,Approved,No,No,desktop,MacOS,aol.com,0
3119013,2025-01-31 09:28:11,50,visa,credit,david.lim101@gmail.com,493645,Low,4613,Existing User,27,,Approved,No,No,desktop,Windows,,0
3069730,2025-01-21 15:31:30,600,american express,credit,jason.chan698@gmail.com,375030,Medium,2634,New User,60,,Approved,No,No,desktop,rv:11.0,gmail.com,0
3232987,2025-03-09 18:49:43,10.09,visa,debit,mike.wong557@gmail.com,459683,Low,7709,New User,40,,Approved,No,No,mobile,SM-G531H Build/LMY48B,gmail.com,0
3175749,2025-02-18 19:54:54,100,visa,credit,tom.ong720@gmail.com,460034,Low,4261,Existing User,30,,Approved,No,No,desktop,Windows,gmail.com,0
3049077,2025-01-17 04:28:28,50,american express,credit,sarah.lim231@gmail.com,376319,Low,1956,Existing User,28,,Approved,No,No,desktop,MacOS,gmail.com,0
3079100,2025-01-23 00:57:47,200,visa,credit,david.chan519@gmail.com,437040,Low,9552,Existing User,31,,Approved,No,No,desktop,MacOS,gmail.com,0
3522387,2025-06-13 01:45:53,18.444,visa,credit,anna.lee120@gmail.com,445809,Low,5400,New User,32,,Approved,Yes,No,desktop,Windows,gmail.com,1
3526175,2025-06-14 15:16:44,150,visa,credit,anna.teo876@gmail.com,493508,Low,4979,New User,44,,Approved,No,No,desktop,Windows,gmail.com,0
3072265,2025-01-21 21:48:51,100,visa,debit,sarah.tan147@q.com,488725,Low,8164,Existing User,22,,Approved,No,Yes,desktop,rv:51.0,q.com,0
3445821,2025-05-17 00:10:57,11.558,visa,debit,lisa.lee101@gmail.com,487375,Low,1353,Existing User,34,,Approved,No,No,mobile,SM-G900M Build/LRX21T,gmail.com,0
3457566,2025-05-21 15:38:20,150,visa,debit,tom.chan146@gmail.com,408430,Low,4117,Existing User,23,,Approved,No,No,desktop,rv:11.0,gmail.com,0
3382389,2025-04-25 23:19:45,44.206,visa,debit,jason.lim606@hotmail.com,413047,Low,7584,Existing User,33,,Approved,No,No,mobile,TRT-L53 Build/HUAWEITRT-L53,hotmail.com,0
3222098,2025-03-06 12:33:33,100,mastercard,debit,david.lee468@yahoo.com,528471,Low,5294,Existing User,46,,Approved,Yes,No,mobile,0,,1
3431416,2025-05-11 19:57:05,20,mastercard,debit,amy.wong290@gmail.com,519052,Low,8165,Existing User,22,,Approved,No,No,desktop,Windows,,0
3233662,2025-03-09 21:45:32,150,mastercard,debit,sarah.koh565@gmail.com,542512,Low,6413,Existing User,31,,Approved,Yes,No,desktop,Windows,gmail.com,1
3102048,2025-01-26 19:26:24,30,visa,credit,tom.tan497@gmail.com,444791,Medium,9142,New User,50,,Approved,No,No,desktop,MacOS,gmail.com,0
3148820,2025-02-09 16:49:41,49.205,mastercard,debit,amy.lim403@hotmail.com,548839,Low,9604,Existing User,33,,Approved,No,No,desktop,Windows,hotmail.com,0
3543981,2025-06-20 15:09:08,20,visa,debit,sarah.wong440@outlook.com,431441,Low,1439,Existing User,26,,Approved,No,No,desktop,Trident/7.0,,0
3012996,2025-01-08 18:02:35,50,visa,credit,tom.goh768@earthlink.net,460442,Low,8956,Existing User,30,,Approved,No,No,desktop,MacOS,earthlink.net,0
3251848,2025-03-16 00:44:14,19.576,visa,debit,mike.tan703@gmail.com,457931,Medium,1007,Existing User,50,,Approved,No,No,mobile,0,gmail.com,0
3490258,2025-06-02 16:20:14,500,visa,credit,amy.ong268@gmail.com,423517,Medium,6488,New User,53,,Approved,No,No,desktop,Windows,gmail.com,0
3056868,2025-01-19 02:10:44,100,visa,debit,lisa.lee858@gmail.com,462239,Low,6498,Existing User,27,,Approved,No,No,desktop,MacOS,gmail.com,0
3079550,2025-01-23 02:33:27,66.637,visa,credit,david.lee108@gmail.com,467330,Low,6805,New User,40,,Approved,No,No,mobile,SM-G530H Build/LRX22G,gmail.com,0
3372252,2025-04-22 19:13:03,250,visa,credit,amy.ong130@anonymous.com,468103,Medium,5458,New User,70,,Approved,No,No,desktop,Windows,anonymous.com,0
3555798,2025-06-24 16:46:59,150,visa,credit,lisa.chan130@gmail.com,414580,Low,7423,Existing User,19,,Approved,No,No,desktop,Trident/7.0,gmail.com,0
3226568,2025-03-07 15:21:27,25,mastercard,debit,tom.wong746@msn.com,518692,Medium,8078,New User,50,,Approved,No,No,mobile,iOS Device,msn.com,0
3465953,2025-05-24 20:45:19,65.415,mastercard,debit,lisa.lee495@hotmail.com,537832,Low,1070,New User,45,,Approved,No,No,mobile,SM-G570M Build/MMB29K,hotmail.com,0
3062413,2025-01-20 01:35:34,26.818,visa,debit,jason.teo895@hotmail.com,486630,Low,7942,Existing User,45,,Approved,No,No,mobile,0,hotmail.com,0
3535160,2025-06-17 15:09:49,17.645,visa,debit,anna.ng845@hotmail.com,404996,Low,4010,Existing User,45,,Approved,No,No,mobile,0,hotmail.com,0
3525444,2025-06-14 04:49:47,6.763,mastercard,credit,amy.chan395@gmail.com,518987,Low,4760,New User,43,,Approved,No,No,mobile,SAMSUNG SM-G531H Build/LMY48B,gmail.com,0
3548594,2025-06-22 00:57:54,106,mastercard,credit,jason.wong318@outlook.com,557497,Low,7153,New User,40,,Approved,No,No,desktop,0,,0
3525772,2025-06-14 13:22:36,125,visa,credit,jason.tan871@gmail.com,468941,Low,5877,New User,38,,Approved,No,No,desktop,MacOS,gmail.com,0
3367766,2025-04-21 04:03:33,9.425,visa,credit,anna.ong950@anonymous.com,410734,Medium,8717,Existing User,56,,Approved,No,No,0,0,anonymous.com,0
3102351,2025-01-26 20:24:35,50,visa,debit,amy.lim683@anonymous.com,406819,Medium,7967,New User,74,,Approved,No,No,desktop,Trident/7.0,anonymous.com,0
3094439,2025-01-25 17:15:06,50,mastercard,credit,sarah.lee833@msn.com,517201,Low,1876,Existing User,15,,Approved,No,No,desktop,Windows,msn.com,0
3087752,2025-01-24 14:59:23,300,visa,debit,alex.wong824@aol.com,455639,Medium,3829,Existing User,55,,Approved,No,No,mobile,iOS Device,aol.com,0
3519371,2025-06-12 05:46:18,104.885,visa,credit,david.lee301@gmail.com,446922,Low,3235,Existing User,39,,Approved,Yes,No,mobile,0,gmail.com,1
3004684,2025-01-06 14:39:14,19.334,visa,credit,anna.ong912@gmail.com,416063,Low,7490,Existing User,18,,Approved,Yes,No,desktop,Windows,gmail.com,1
3294864,2025-03-30 16:42:00,37.763,mastercard,debit,mike.chan749@icloud.com,516515,Medium,4401,Existing User,52,,Approved,No,No,mobile,0,icloud.com,0
3529682,2025-06-15 17:46:37,150,visa,debit,anna.koh442@gmail.com,489001,Low,9415,Existing User,22,,Approved,No,No,desktop,Windows,gmail.com,0
3040219,2025-01-15 14:40:46,300,mastercard,credit,lisa.ng297@anonymous.com,527951,Medium,6589,New User,69,,Approved,No,No,desktop,Trident/7.0,anonymous.com,0
3060647,2025-01-19 20:58:13,50,visa,debit,mike.wong100@anonymous.com,424809,Low,1893,Existing User,48,,Approved,No,No,desktop,Windows,anonymous.com,0
3524512,2025-06-13 21:47:43,75,visa,debit,david.goh485@gmail.com,481179,Low,8869,New User,47,,Approved,No,No,desktop,Windows,gmail.com,0
3358728,2025-04-17 23:26:21,75,visa,debit,jason.lim492@anonymous.com,452188,Medium,5373,Existing User,56,,Approved,No,Yes,desktop,MacOS,anonymous.com,0
3550481,2025-06-22 19:34:16,50,visa,debit,alex.tan672@yahoo.com,493717,Low,7914,Existing User,27,,Approved,No,No,desktop,Windows,yahoo.com,0
3265609,2025-03-20 15:12:04,14.38,visa,debit,mike.ong624@gmail,425281,Low,3676,Existing User,23,,Approved,No,No,desktop,HTC One mini Build/KOT49H,gmail,0
3096507,2025-01-25 21:35:08,75,mastercard,debit,jason.teo801@gmail.com,531607,Low,4817,Existing User,23,,Approved,No,No,desktop,Windows,gmail.com,0
3267072,2025-03-20 21:50:37,116.973,mastercard,credit,tom.ong607@anonymous.com,538660,Medium,7092,Existing User,55,,Approved,No,No,desktop,0,anonymous.com,0
3420938,2025-05-07 22:44:09,100,visa,credit,david.chan244@gmail.com,457327,Low,5797,New User,34,,Approved,No,No,desktop,Windows,gmail.com,0
2996410,2025-01-04 02:47:45,100,mastercard,credit,david.tan184@gmail.com,556342,Low,5064,Existing User,36,,Approved,No,No,mobile,iOS Device,gmail.com,0
3026770,2025-01-12 03:47:00,22.271,mastercard,credit,david.tan475@anonymous.com,522471,Medium,2629,Existing User,64,ANONYMOUS_EMAIL,Rejected,No,No,mobile,0,anonymous.com,0
3303835,2025-04-02 05:24:22,134.133,mastercard,credit,anna.wong173@gmail.com,548188,Low,9773,Existing User,33,,Approved,No,Yes,mobile,LG-H650 Build/LMY47V,gmail.com,0
3360826,2025-04-18 19:35:46,75,visa,credit,amy.chan215@verizon.net,423189,Low,5439,Existing User,23,,Approved,No,Yes,desktop,MacOS,verizon.net,0
3293709,2025-03-30 02:07:25,84.226,visa,debit,mike.chan512@gmail.com,423367,Medium,8054,New User,57,,Approved,No,No,desktop,0,gmail.com,0
3064891,2025-01-20 17:30:50,100,visa,credit,anna.tan13@gmail.com,487582,Low,3927,Existing User,27,,Approved,No,No,desktop,Windows,gmail.com,0
3097233,2025-01-25 23:15:08,100,visa,debit,sarah.teo269@anonymous.com,438878,Medium,5845,Existing User,56,,Approved,No,No,desktop,Windows,anonymous.com,0
3096258,2025-01-25 21:04:13,75,visa,credit,sarah.lim71@gmail.com,422446,Low,2711,Existing User,22,,Approved,No,No,desktop,MacOS,gmail.com,0
3079164,2025-01-23 01:09:53,23.32,mastercard,debit,anna.ng332@anonymous.com,559475,Medium,5425,New User,62,ANONYMOUS_EMAIL,Rejected,No,No,desktop,Windows,anonymous.com,0
3439769,2025-05-14 20:04:25,39.962,visa,debit,anna.wong45@gmail.com,441560,Low,6948,New User,48,,Approved,No,No,0,0,gmail.com,0
3215800,2025-03-04 18:50:44,50,visa,debit,sarah.tan96@yahoo.com,482361,Low,5160,Existing User,31,,Approved,Yes,No,desktop,Windows,yahoo.com,1
3080655,2025-01-23 13:25:59,50,visa,debit,mike.wong784@hotmail.com,476997,Low,8735,New User,38,,Approved,No,No,desktop,Windows,hotmail.com,0
3297689,2025-03-31 14:15:21,25,visa,debit,mike.lee580@outlook.com,420041,Low,9629,Existing User,34,,Approved,No,No,desktop,Windows,,0
3030417,2025-01-13 00:31:04,100,visa,credit,sarah.tan108@aol.com,467106,Low,7607,New User,35,,Approved,No,No,desktop,MacOS,aol.com,0
3395814,2025-04-30 15:39:03,182.227,visa,credit,mike.chan52@gmail.com,410621,Low,5466,Existing User,49,,Approved,No,Yes,mobile,0,gmail.com,0
3115973,2025-01-30 17:30:36,49.205,visa,debit,amy.chan853@hotmail.com,484091,Low,1749,New User,36,,Approved,No,No,desktop,Windows,hotmail.com,0
3052063,2025-01-17 22:40:50,100,mastercard,debit,amy.ng492@yahoo.com,522256,Low,5516,New User,49,,Approved,No,No,mobile,iOS Device,yahoo.com,0
3422967,2025-05-08 17:11:02,150,visa,credit,alex.ng437@gmail.com,431222,Low,7126,New User,42,,Approved,No,No,desktop,MacOS,gmail.com,0
3089946,2025-01-24 20:16:32,150,mastercard,credit,tom.lee798@gmail.com,523600,Low,5244,Existing User,28,,Approved,No,No,desktop,rv:11.0,gmail.com,0
3190004,2025-02-23 19:01:00,53.636,mastercard,credit,mike.wong907@anonymous.com,526426,Low,9072,Existing User,40,,Approved,No,No,desktop,Windows,anonymous.com,0
3438138,2025-05-14 02:21:28,57.422,visa,credit,lisa.ng141@gmail.com,449109,Low,7034,Existing User,21,,Approved,No,No,desktop,Windows,gmail.com,0
3470496,2025-05-26 16:04:41,100,mastercard,credit,john.teo172@att.net,539404,Low,6305,New User,45,,Approved,No,No,desktop,Windows,att.net,0
3000200,2025-01-05 09:32:03,100,mastercard,debit,alex.tan795@anonymous.com,529320,Medium,9920,Existing User,55,,Approved,No,No,mobile,iOS Device,anonymous.com,0
3386841,2025-04-27 18:31:07,50,visa,debit,anna.lee510@anonymous.com,440951,Medium,5823,New User,66,,Approved,No,No,desktop,Trident/7.0,anonymous.com,0
3466692,2025-05-25 01:28:48,35.781,visa,debit,amy.ng975@hotmail.com,472328,Low,6149,New User,45,,Approved,No,No,desktop,Windows,hotmail.com,0
3083391,2025-01-23 19:12:46,50,visa,credit,jason.lim756@yahoo.com,444783,Low,1792,Existing User,34,,Approved,No,No,mobile,SM-G950U Build/NRD90M,yahoo.com,0
3266683,2025-03-20 20:16:44,45.073,mastercard,debit,mike.lim502@gmail.com,512465,Low,1578,Existing User,40,,Approved,No,No,mobile,SAMSUNG SM-P580 Build/NRD90M,gmail.com,0
3460732,2025-05-22 17:47:48,176.448,visa,credit,david.tan261@gmail.com,467566,Low,8301,Existing User,30,,Approved,No,No,desktop,Moto G (4) Build/NPJ25.93-14.7,gmail.com,0
3384837,2025-04-26 23:13:45,150,mastercard,debit,john.ng900@gmail.com,555311,Low,8513,Existing User,27,,Approved,Yes,No,desktop,Windows,gmail.com,1
3184135,2025-02-21 15:13:45,25,visa,credit,lisa.goh350@hotmail.com,430733,Low,2839,Existing User,28,,Approved,Yes,No,desktop,Windows,hotmail.com,1
3223409,2025-03-06 18:05:00,14.501,visa,debit,amy.koh979@hotmail.com,492917,Low,5327,Existing User,38,,Approved,Yes,No,desktop,0,,1
3499631,2025-06-05 04:29:55,150,visa,debit,anna.tan655@gmail.com,458432,Low,5289,New User,37,,Approved,No,No,desktop,MacOS,gmail.com,0
3013942,2025-01-08 21:23:39,150,visa,debit,david.ong297@gmail.com,435748,Low,8658,Existing User,41,,Approved,No,No,mobile,iOS Device,gmail.com,0
3541662,2025-06-19 17:42:37,26.313,visa,credit,alex.teo424@hotmail.com,460487,Low,4131,Existing User,27,,Approved,No,No,mobile,SM-G532M Build/MMB29T,hotmail.com,0
3532102,2025-06-16 14:27:01,200,american express,credit,tom.koh223@yahoo.com,375625,Low,9756,Existing User,28,,Approved,No,No,mobile,iOS Device,yahoo.com,0
3158077,2025-02-12 19:17:23,25,visa,credit,sarah.koh108@gmail.com,461549,Low,2785,Existing User,25,,Approved,No,No,desktop,Windows,gmail.com,0
3243026,2025-03-12 22:08:17,200,mastercard,credit,tom.goh395@aol.com,525723,Medium,7169,New User,51,,Approved,No,No,mobile,SAMSUNG,aol.com,0
3050728,2025-01-17 18:27:57,150,american express,credit,david.chan528@hotmail.com,374107,Low,6679,Existing User,21,,Approved,No,No,desktop,MacOS,hotmail.com,0
3104921,2025-01-27 16:57:26,50,visa,debit,sarah.goh660@anonymous.com,435583,Medium,6645,Existing User,53,,Approved,No,No,desktop,MacOS,anonymous.com,0
3264807,2025-03-20 03:08:03,19.697,visa,debit,anna.goh267@hotmail.com,494128,Low,7305,Existing User,40,,Approved,No,No,mobile,HUAWEI VNS-L23 Build/HUAWEIVNS-L23,hotmail.com,0
3035729,2025-01-14 13:24:09,100,visa,credit,tom.chan915@yahoo.com,472122,Low,3046,Existing User,25,,Approved,No,No,desktop,Trident/7.0,,0
3278484,2025-03-25 01:07:04,40,mastercard,debit,david.wong842@outlook.com,530181,Low,6656,Existing User,36,,Approved,No,No,mobile,LGLS676 Build/MXB48T,,0
3314108,2025-04-04 02:08:53,25.376,visa,credit,tom.chan775@hotmail.com,481302,Low,3602,Existing User,38,,Approved,No,No,mobile,0,hotmail.com,0
3540294,2025-06-19 02:57:25,32.215,visa,debit,sarah.goh848@hotmail.com,426918,Medium,1638,New User,63,,Approved,No,No,mobile,0,hotmail.com,0
3154911,2025-02-11 17:22:29,38.012,visa,credit,tom.wong440@web.de,412605,Medium,2102,New User,54,,Approved,No,No,mobile,0,web.de,0
3018789,2025-01-10 00:40:13,31.191,visa,debit,anna.chan749@hotmail.com,461769,Low,9113,New User,42,,Approved,No,No,desktop,Windows,hotmail.com,0
3099478,2025-01-26 07:27:08,75,visa,debit,sarah.lee987@gmail.com,411973,Low,5422,Existing User,38,,Approved,No,No,mobile,iOS Device,gmail.com,0
3207663,2025-03-01 23:15:17,23.201,visa,debit,jason.tan259@hotmail.com,435854,Medium,5155,New User,53,,Approved,No,No,mobile,SM-G930F Build/NRD90M,hotmail.com,0
3299820,2025-04-01 00:56:47,20.301,visa,debit,alex.ong913@icloud.com,434189,Medium,7742,New User,59,,Approved,No,No,mobile,0,icloud.com,0
3119277,2025-01-31 15:10:03,75,visa,debit,lisa.tan35@gmail.com,464449,Low,7527,Existing User,40,,Approved,No,No,mobile,iOS Device,gmail.com,0
3058922,2025-01-19 16:38:34,50.721,mastercard,debit,amy.teo686@yahoo.com.mx,524356,Low,2777,New User,49,,Approved,No,No,desktop,0,yahoo.com.mx,0
3541091,2025-06-19 15:02:12,6.763,visa,debit,sarah.teo460@gmail.com,427263,Low,2392,Existing User,32,,Approved,No,No,mobile,SM-G570M Build/NRD90M,gmail.com,0
3328377,2025-04-08 05:22:09,26.524,mastercard,credit,mike.chan351@anonymous.com,525053,Medium,7905,New User,62,,Approved,No,No,mobile,LG-H500 Build/LRX21Y,anonymous.com,0
3036949,2025-01-14 18:12:00,100,american express,credit,anna.tan80@aol.com,378333,Low,6474,Existing User,23,,Approved,No,No,desktop,MacOS,aol.com,0
3080089,2025-01-23 05:11:54,27.051,visa,debit,sarah.wong91@gmail.com,437042,Medium,2433,New User,55,,Approved,No,No,mobile,LG-K410 Build/LRX22G,gmail.com,0
3154289,2025-02-11 13:40:06,93.98,visa,debit,john.goh302@hotmail.com,415098,Low,1628,Existing User,40,,Approved,No,No,mobile,SM-A500M Build/KTU84P,hotmail.com,0
3194656,2025-02-25 07:34:00,40,mastercard,debit,david.lee97@gmail.com,559920,Low,2875,Existing User,34,,Approved,No,No,desktop,Windows,gmail.com,0
3082386,2025-01-23 17:23:34,100,mastercard,credit,sarah.koh652@gmail.com,557017,Low,6327,Existing User,26,,Approved,No,No,desktop,Windows,gmail.com,0
3329884,2025-04-08 20:27:23,50,visa,debit,sarah.lim746@gmail.com,455624,Low,5120,Existing User,21,,Approved,No,No,desktop,Windows,gmail.com,0
3515376,2025-06-10 20:55:42,200,visa,credit,john.ong882@gmail.com,468840,Low,2803,Existing User,25,,Approved,No,No,desktop,MacOS,gmail.com,0
3423527,2025-05-08 19:31:37,100,american express,credit,john.teo396@anonymous.com,379528,Medium,3082,New User,57,,Approved,No,No,desktop,Windows,anonymous.com,0
3058741,2025-01-19 16:09:07,100,visa,credit,john.tan686@att.net,423798,Low,7142,Existing User,25,,Approved,No,No,desktop,Trident/7.0,att.net,0
3009970,2025-01-07 20:43:32,125,american express,credit,sarah.ng423@yahoo.com,370225,Low,7902,New User,33,,Approved,No,No,desktop,Windows,yahoo.com,0
3357298,2025-04-17 17:17:16,16.04,visa,credit,sarah.ong988@gmail.com,482990,Low,4782,Existing User,43,,Approved,Yes,No,desktop,0,gmail.com,1
3119518,2025-01-31 16:26:48,10.028,visa,credit,lisa.tan64@hotmail.com,458260,Low,3529,Existing User,39,,Approved,No,No,desktop,0,hotmail.com,0
3021934,2025-01-10 21:55:21,54.627,visa,credit,tom.tan712@live.com.mx,440121,Low,1021,Existing User,24,,Approved,No,No,desktop,Windows,live.com.mx,0
3499617,2025-06-05 04:22:47,8.607,mastercard,debit,alex.chan984@gmail.com,523141,Low,9231,Existing User,41,,Approved,No,No,desktop,0,gmail.com,0
3243905,2025-03-13 02:59:54,169.659,visa,credit,amy.lim556@yahoo.com,408248,Low,3050,Existing User,39,,Approved,No,Yes,mobile,0,yahoo.com,0
3370597,2025-04-22 02:59:55,88.938,visa,debit,david.wong544@hotmail.com,467616,Low,9808,Existing User,48,,Approved,No,No,mobile,0,hotmail.com,0
3325222,2025-04-07 04:35:30,20,mastercard,debit,sarah.koh862@me.com,545787,Low,3264,Existing User,32,,Approved,No,No,desktop,MacOS,me.com,0
3524226,2025-06-13 20:21:45,35.45,mastercard,debit,alex.koh540@gmail.com,557610,Low,9323,New User,42,,Approved,No,No,desktop,Linux i686,gmail.com,0
3102609,2025-01-26 21:20:35,366.94,visa,debit,david.lim48@hotmail.com,448344,Medium,7314,Existing User,50,,Approved,No,No,mobile,0,hotmail.com,0
3045314,2025-01-16 16:02:38,66.579,visa,debit,john.koh780@gmail.com,469698,Low,7362,Existing User,22,,Approved,Yes,No,desktop,Windows,gmail.com,1
3012128,2025-01-08 14:27:37,50,visa,credit,amy.goh299@gmail.com,453905,Low,2372,New User,45,,Approved,No,No,desktop,MacOS,gmail.com,0
3462806,2025-05-23 13:42:20,100,visa,credit,amy.tan888@yahoo.com,489392,Low,1623,Existing User,33,,Approved,No,No,mobile,iOS Device,yahoo.com,0
3495229,2025-06-04 00:03:05,39.593,mastercard,debit,lisa.lim447@gmail.com,533684,Low,1263,New User,44,,Approved,Yes,No,desktop,Windows,gmail.com,1
3388635,2025-04-28 02:54:36,89.074,mastercard,debit,david.goh250@anonymous.com,533630,High,6785,New User,81,HIGH_RISK_SCORE,Rejected,No,No,desktop,0,anonymous.com,0
3073512,2025-01-22 01:24:29,125,mastercard,debit,lisa.lim382@yahoo.com,528223,Low,4122,Existing User,28,,Approved,No,No,desktop,MacOS,yahoo.com,0
3391139,2025-04-29 00:06:56,45.073,mastercard,debit,david.ong324@hotmail.com,546622,Low,5286,Existing User,40,,Approved,No,No,desktop,0,hotmail.com,0
3096423,2025-01-25 21:24:45,100,visa,debit,alex.wong680@yahoo.com,492208,Low,5493,New User,36,,Approved,No,No,desktop,Windows,yahoo.com,0
3044340,2025-01-16 09:51:30,100,visa,debit,mike.ng763@yahoo.com,457864,Low,6577,New User,41,,Approved,No,No,desktop,Trident/7.0,yahoo.com,0
3346974,2025-04-14 03:23:18,29.727,visa,debit,sarah.ng365@hotmail.com,418189,Low,8879,Existing User,37,,Approved,No,No,desktop,0,hotmail.com,0
3268698,2025-03-21 16:11:10,23.987,visa,debit,jason.koh390@gmail.com,407110,Low,4604,New User,39,,Approved,No,No,desktop,Windows,gmail.com,0
3282097,2025-03-26 10:22:27,25,mastercard,debit,alex.tan425@hotmail.com,525275,Low,8728,Existing User,23,,Approved,No,No,desktop,Windows,,0
3577265,2025-07-02 22:19:22,41.111,mastercard,debit,amy.lee742@gmail.com,525024,Low,7846,Existing User,38,,Approved,No,No,desktop,0,gmail.com,0
3412688,2025-05-05 16:27:37,200,visa,debit,david.wong682@anonymous.com,443319,Medium,4489,New User,67,ANONYMOUS_EMAIL,Rejected,No,No,desktop,Windows,anonymous.com,0
3419555,2025-05-07 15:37:32,250,visa,debit,lisa.chan456@gmail.com,494301,Low,3814,Existing User,30,,Approved,No,No,desktop,Trident/7.0,gmail.com,0
3011460,2025-01-08 03:02:55,100,visa,credit,jason.ong320@comcast.net,468463,Low,2774,Existing User,34,,Approved,No,No,mobile,XT1650,comcast.net,0
3091139,2025-01-24 23:09:21,250,mastercard,credit,david.lim474@protonmail.com,512618,Low,4844,Existing User,38,,Approved,No,No,mobile,iOS Device,protonmail.com,0
3381730,2025-04-25 19:50:22,35.708,visa,debit,amy.goh225@gmail.com,435597,Low,8223,Existing User,25,,Approved,No,No,mobile,4047G Build/NRD90M,gmail.com,0
3320679,2025-04-06 00:08:25,30.814,visa,debit,lisa.ng83@gmail.com,441464,Medium,3424,New User,59,,Approved,No,No,mobile,0,gmail.com,0
3361297,2025-04-18 22:01:00,81.446,visa,debit,jason.ong28@hotmail.com,461196,Low,5421,Existing User,48,,Approved,No,No,mobile,0,hotmail.com,0
3036199,2025-01-14 15:53:30,250,visa,credit,mike.lim250@outlook.com,449435,Low,8248,New User,49,,Approved,No,No,desktop,Trident/7.0,,0
3282926,2025-03-26 16:56:59,39.152,mastercard,credit,alex.lee508@anonymous.com,513504,Medium,3129,Existing User,58,,Approved,No,No,mobile,VTR-AL00 Build/HUAWEIVTR-AL00,anonymous.com,0
3415437,2025-05-06 05:11:11,153.946,visa,credit,alex.chan220@gmail.com,469684,Low,7913,Existing User,22,,Approved,Yes,No,desktop,Windows,gmail.com,1
3084476,2025-01-23 21:27:17,25,visa,debit,anna.ong30@aol.com,445188,Low,3510,Existing User,33,,Approved,No,No,mobile,Z833,aol.com,0
3016270,2025-01-09 16:00:07,50,mastercard,credit,lisa.tan605@gmail.com,526735,Medium,1625,New User,50,,Approved,No,No,mobile,iOS Device,gmail.com,0
3261832,2025-03-19 02:29:39,20,visa,debit,tom.lee452@outlook.com,491304,Low,6009,Existing User,33,,Approved,No,No,desktop,Trident/7.0,,0
3040687,2025-01-15 16:17:54,7.929,mastercard,debit,anna.ng600@gmail.com,544089,Low,6180,Existing User,28,,Approved,No,No,mobile,SM-G935F Build/NRD90M,gmail.com,0
3544272,2025-06-20 17:00:04,4.673,visa,credit,amy.wong463@gmail.com,421754,Medium,1972,New User,50,,Approved,Yes,No,mobile,Moto X Play Build/NPD26.48-24-1,gmail.com,1
3451220,2025-05-19 02:21:36,13.28,visa,debit,david.teo550@gmail.com,414866,Low,8224,New User,42,,Approved,No,No,mobile,HUAWEI VNS-L53 Build/HUAWEIVNS-L53,gmail.com,0
3575018,2025-07-02 01:28:27,125,american express,credit,jason.teo288@anonymous.com,370639,Low,9426,Existing User,40,,Approved,No,No,desktop,Trident/7.0,anonymous.com,0
3020756,2025-01-10 18:05:57,40,visa,credit,sarah.koh115@gmail.com,414061,Low,9261,Existing User,34,,Approved,No,No,mobile,iOS Device,gmail.com,0
3057263,2025-01-19 03:44:40,50,visa,credit,lisa.wong479@gmail.com,410503,Low,1826,Existing User,39,,Approved,No,No,mobile,iOS Device,gmail.com,0
3108043,2025-01-28 14:32:47,62.264,visa,debit,amy.goh589@hotmail.fr,436274,Low,1581,Existing User,20,,Approved,No,No,desktop,Touch,hotmail.fr,0
3192459,2025-02-24 16:52:04,18.948,visa,debit,alex.goh778@gmail.com,467413,Low,5673,Existing User,49,,Approved,No,No,desktop,0,gmail.com,0
3361584,2025-04-18 23:31:38,35.346,mastercard,debit,sarah.tan255@gmail.com,530643,Low,7994,New User,44,,Approved,No,No,desktop,Windows,gmail.com,0
3296203,2025-03-30 23:30:22,40.784,visa,debit,jason.chan188@gmail.com,432350,Low,5200,New User,41,,Approved,No,No,desktop,SAMSUNG SM-G920F Build/LRX22G,gmail.com,0
3089363,2025-01-24 18:56:48,50,visa,credit,tom.lee171@gmail.com,412024,Low,8816,New User,47,,Approved,No,No,desktop,MacOS,gmail.com,0
3382091,2025-04-25 21:44:46,200,visa,credit,lisa.goh560@aol.com,433761,Low,8386,Existing User,35,,Approved,No,No,mobile,iOS Device,aol.com,0
3546358,2025-06-21 14:37:23,30.986,mastercard,credit,jason.koh850@live.fr,512891,Low,6496,Existing User,37,,Approved,No,No,mobile,0,live.fr,0
3150782,2025-02-10 02:03:11,61.387,mastercard,credit,amy.ng869@hotmail.com,526642,Low,5501,Existing User,21,,Approved,No,No,desktop,Windows,hotmail.com,0
3142712,2025-02-07 08:52:35,31.132,visa,debit,jason.goh862@gmail.com,437874,Low,7876,Existing User,26,,Approved,No,No,mobile,5012G Build/MRA58K,gmail.com,0
3425242,2025-05-09 13:20:41,700,visa,credit,lisa.teo978@gmail.com,418534,Low,9594,Existing User,44,,Approved,No,No,desktop,Windows,gmail.com,0
3193862,2025-02-24 23:51:11,19.472,visa,debit,sarah.tan376@gmail.com,401282,Low,3860,Existing User,22,,Approved,No,No,desktop,Windows,gmail.com,0
3042315,2025-01-15 21:30:23,29.616,visa,debit,amy.chan334@gmail.com,492391,Low,8571,Existing User,25,,Approved,No,No,mobile,SM-J700M Build/MMB29K,,0
3065177,2025-01-20 18:12:40,12.593,mastercard,debit,tom.lee322@hotmail.com,511516,Low,7871,New User,40,,Approved,No,No,desktop,Windows,hotmail.com,0
3058383,2025-01-19 15:11:53,200,mastercard,credit,john.chan48@anonymous.com,539418,Low,6278,Existing User,45,,Approved,No,No,desktop,Trident/7.0,anonymous.com,0
3248476,2025-03-14 19:06:02,31.418,visa,credit,anna.teo228@gmail.com,403868,Medium,1062,New User,56,,Approved,No,No,mobile,0,gmail.com,0
3069492,2025-01-21 14:47:57,50,mastercard,credit,lisa.ng818@yahoo.com,556144,Medium,4772,New User,50,,Approved,No,No,mobile,SAMSUNG SM-G920F Build/NRD90M,yahoo.com,0
3432369,2025-05-12 00:58:56,17.583,visa,credit,sarah.lim624@hotmail.com,433518,Low,4114,Existing User,29,,Approved,No,No,mobile,LG-K500 Build/MMB29M,hotmail.com,0
3102175,2025-01-26 19:49:02,100,visa,debit,amy.chan337@aol.com,402805,Low,3436,Existing User,36,,Approved,No,No,mobile,iOS Device,aol.com,0
3199691,2025-02-27 01:20:49,5.655,mastercard,debit,tom.lee801@hotmail.com,539037,Low,5014,New User,44,,Approved,No,No,mobile,SAMSUNG SM-A520F Build/NRD90M,hotmail.com,0
3153488,2025-02-11 01:02:54,13.172,mastercard,credit,mike.teo473@gmail.com,552288,Low,4839,Existing User,31,,Approved,No,No,desktop,0,gmail.com,0
3062003,2025-01-20 00:31:59,100,visa,debit,alex.goh709@aol.com,440519,Low,7026,Existing User,45,,Approved,No,No,0,0,aol.com,0
3443876,2025-05-16 03:51:01,28.65,visa,debit,john.ong610@gmail.com,481031,Medium,7965,Existing User,53,,Approved,No,No,mobile,0,gmail.com,0
2997222,2025-01-04 16:10:14,400,visa,credit,david.goh2@aol.com,451682,Low,9613,Existing User,35,,Approved,No,No,desktop,Windows,aol.com,0
3381493,2025-04-25 18:34:26,200,visa,credit,sarah.ng39@gmail.com,410025,Low,1357,New User,43,,Approved,Yes,No,mobile,iOS Device,gmail.com,1
3028880,2025-01-12 19:38:13,93.863,mastercard,debit,sarah.ng82@hotmail.com,556141,Low,2498,Existing User,24,,Approved,No,No,desktop,Windows,hotmail.com,0
3050351,2025-01-17 17:16:18,50,visa,credit,david.goh363@verizon.net,416312,Low,3864,Existing User,34,,Approved,No,No,desktop,MacOS,verizon.net,0
3506681,2025-06-07 20:53:52,16.231,visa,debit,alex.lim874@hotmail.com,443674,Low,2129,New User,49,,Approved,No,No,desktop,SM-E500M Build/KTU84P,hotmail.com,0
3042061,2025-01-15 20:39:38,150,visa,credit,tom.ng509@anonymous.com,447758,Medium,4979,Existing User,61,,Approved,No,No,mobile,Pixel Build/OPR3.170623.013,anonymous.com,0
3070386,2025-01-21 17:11:15,43.667,mastercard,debit,mike.chan532@yahoo.com,545164,Low,3038,Existing User,29,,Approved,No,No,mobile,MHA-L09 Build/HUAWEIMHA-L09,yahoo.com,0
3520439,2025-06-12 17:10:04,100,mastercard,debit,alex.teo418@gmail.com,554772,Low,7391,Existing User,32,,Approved,No,No,0,0,gmail.com,0
3135435,2025-02-05 05:51:38,44.774,visa,credit,mike.lim588@anonymous.com,487325,Medium,7070,Existing User,66,,Approved,No,No,mobile,0,anonymous.com,0
3417552,2025-05-06 21:32:19,14.017,visa,debit,lisa.lee703@gmail.com,468102,Low,8265,Existing User,42,,Approved,No,No,mobile,0,gmail.com,0
3058081,2025-01-19 14:01:26,100,mastercard,debit,sarah.lim803@anonymous.com,535132,High,4272,New User,75,HIGH_RISK_SCORE,Rejected,No,No,desktop,Trident/7.0,anonymous.com,0
3269587,2025-03-21 20:25:41,150,mastercard,debit,tom.koh115@anonymous.com,542199,High,1247,New User,84,HIGH_RISK_SCORE,Rejected,No,No,mobile,iOS Device,anonymous.com,0
3213915,2025-03-04 00:14:16,8.459,mastercard,credit,sarah.wong7@gmail.com,553007,Low,3873,Existing User,36,,Approved,Yes,No,desktop,0,gmail.com,1
3251454,2025-03-15 22:34:36,50,visa,credit,alex.goh774@hotmail.com,428763,Low,1139,Existing User,40,,Approved,No,No,mobile,iOS Device,hotmail.com,0
3094619,2025-01-25 17:38:46,60,mastercard,credit,david.ong148@gmail.com,555729,Low,1688,Existing User,31,,Approved,No,No,mobile,iOS Device,gmail.com,0
3054122,2025-01-18 16:49:59,68.386,visa,credit,jason.chan386@anonymous.com,436155,Medium,2026,Existing User,52,,Approved,No,No,mobile,SM-G920F Build/NRD90M,anonymous.com,0
3512512,2025-06-09 20:59:02,56.95,visa,debit,amy.wong101@hotmail.com,474479,Low,4704,Existing User,22,,Approved,No,No,desktop,MacOS,,0
3063042,2025-01-20 03:56:14,11.543,mastercard,debit,john.ng32@hotmail.com,529527,Low,1247,New User,49,,Approved,No,No,mobile,Moto G (4) Build/NPJ25.93-14.5,hotmail.com,0
3140489,2025-02-06 19:16:51,50,visa,credit,amy.goh913@gmail.com,487086,Low,2499,New User,30,,Approved,No,No,desktop,MacOS,gmail.com,0
3085987,2025-01-24 00:57:04,149.015,visa,debit,john.koh568@gmail.com,444590,Low,5163,New User,46,,Approved,No,Yes,mobile,LG-K530 Build/NRD90U,gmail.com,0
3438385,2025-05-14 05:51:01,15.8,mastercard,debit,amy.lim137@anonymous.com,515547,High,2278,New User,79,,Approved,Yes,No,mobile,Hisense L675 Build/MRA58K,anonymous.com,1
3070900,2025-01-21 18:19:36,200,visa,credit,alex.chan831@aol.com,462875,Low,9669,Existing User,21,,Approved,No,No,desktop,rv:11.0,aol.com,0
3019387,2025-01-10 03:46:32,17.898,mastercard,debit,mike.koh703@live.com.mx,557023,Medium,6415,New User,54,,Approved,No,No,mobile,HUAWEI Y625-U13 Build/HUAWEIY625-U13,live.com.mx,0
3391525,2025-04-29 02:13:53,29.666,mastercard,credit,anna.ng182@hotmail.es,522642,Low,8882,New User,43,,Approved,No,No,desktop,Windows,hotmail.es,0
3037608,2025-01-14 20:22:58,100,visa,debit,tom.lim943@twc.com,432718,Low,5757,Existing User,43,,Approved,No,No,mobile,iOS Device,twc.com,0
3409143,2025-05-04 18:14:02,23.362,mastercard,credit,david.wong574@yahoo.com.mx,523649,Low,3916,Existing User,30,,Approved,No,No,mobile,XT1064,yahoo.com.mx,0
3145403,2025-02-08 04:25:12,75,visa,credit,sarah.wong745@gmail.com,448481,Low,9322,New User,37,,Approved,No,Yes,desktop,MacOS,gmail.com,0
3061249,2025-01-19 22:30:45,150,visa,credit,david.tan497@aol.com,444744,Low,5501,Existing User,26,,Approved,No,No,mobile,SM-G930V Build/NRD90M,aol.com,0
3065841,2025-01-20 19:58:27,75,american express,credit,alex.lee988@gmail.com,374955,Low,5734,Existing User,22,,Approved,No,No,desktop,Trident/7.0,gmail.com,0
3458397,2025-05-21 20:38:13,12.436,visa,debit,amy.ong431@gmail.com,480982,Low,6154,Existing User,42,,Approved,Yes,No,desktop,0,gmail.com,1
3119487,2025-01-31 16:16:33,80.104,mastercard,credit,anna.koh247@anonymous.com,539147,Medium,9411,Existing User,53,,Approved,No,No,desktop,Windows,anonymous.com,0
3505742,2025-06-07 14:38:56,50.899,mastercard,debit,john.lee737@hotmail.es,528755,Low,7432,Existing User,29,,Approved,No,No,mobile,SM-G950F Build/R16NW,hotmail.es,0
3552929,2025-06-23 16:45:29,46.417,mastercard,debit,jason.lee283@gmail.com,518934,Low,5453,Existing User,35,,Approved,Yes,No,mobile,SM-A300H Build/LRX22G,gmail.com,1
3518834,2025-06-12 00:06:50,100,visa,debit,mike.koh78@gmail.com,404982,Low,5778,Existing User,44,,Approved,No,No,0,0,gmail.com,0
3327652,2025-04-08 00:19:15,8,visa,debit,anna.ong707@outlook.com,406525,Low,5331,Existing User,21,,Approved,No,No,desktop,Windows,,0
3131112,2025-02-04 06:42:39,23.028,mastercard,credit,tom.wong665@gmail.com,539546,Low,2379,New User,36,,Approved,Yes,No,mobile,SM-A510M Build/NRD90M,gmail.com,1
3064921,2025-01-20 17:35:16,25,discover,credit,jason.lee157@gmail.com,647382,Low,3556,Existing User,32,,Approved,No,No,mobile,iOS Device,gmail.com,0
3416615,2025-05-06 17:28:32,85.088,mastercard,credit,lisa.ng263@hotmail.com,553014,Low,6888,Existing User,31,,Approved,No,No,desktop,0,hotmail.com,0
3530583,2025-06-15 22:02:26,28.158,visa,debit,lisa.lim658@gmail.com,403793,Low,8977,Existing User,28,,Approved,No,No,mobile,F3113 Build/33.3.A.1.97,gmail.com,0
3221952,2025-03-06 08:15:57,43.382,visa,debit,anna.goh709@hotmail.com,486732,Low,2651,Existing User,26,,Approved,No,No,desktop,Windows,hotmail.com,0
3349583,2025-04-15 00:25:05,20,visa,debit,john.chan752@yahoo.com,424549,Medium,4559,New User,50,,Approved,No,No,desktop,0,,0
3406334,2025-05-03 19:49:51,100,visa,debit,mike.wong558@anonymous.com,487786,Medium,5700,Existing User,57,,Approved,No,No,mobile,SM-J700P,anonymous.com,0
3130992,2025-02-04 05:09:14,150,american express,credit,tom.ong903@gmail.com,377060,Low,2307,Existing User,37,,Approved,No,No,mobile,iOS Device,gmail.com,0
3385938,2025-04-27 13:32:34,100,visa,debit,sarah.ng209@gmail.com,456247,Low,4927,Existing User,33,,Approved,No,No,0,0,gmail.com,0
3569711,2025-06-30 02:11:59,2.152,visa,debit,jason.ng398@gmail.com,403300,Low,6065,New User,45,,Approved,No,No,mobile,5056A Build/MMB29M,gmail.com,0
3566524,2025-06-28 19:02:18,30.371,visa,debit,jason.tan169@hotmail.com,440612,Low,6732,Existing User,35,,Approved,No,No,mobile,SM-G532M Build/MMB29T,hotmail.com,0
3260741,2025-03-18 21:13:17,100,visa,debit,tom.koh835@aol.com,438912,Low,5662,Existing User,27,,Approved,No,No,desktop,Windows,aol.com,0
3399892,2025-05-01 17:50:28,75,visa,debit,jason.ng649@outlook.com,408929,Low,5423,Existing User,35,,Approved,No,No,mobile,iOS Device,outlook.com,0
3104658,2025-01-27 15:51:02,15.741,mastercard,credit,mike.lee699@anonymous.com,555140,Low,8626,Existing User,43,,Approved,No,No,desktop,rv:55.0,anonymous.com,0
3034944,2025-01-14 02:13:36,50,mastercard,credit,tom.ong850@yahoo.com,531018,Low,5976,Existing User,22,,Approved,No,No,desktop,MacOS,yahoo.com,0
3070532,2025-01-21 17:32:11,175,visa,debit,alex.ong646@ymail.com,410097,Low,5202,Existing User,45,,Approved,No,No,0,0,ymail.com,0
3558497,2025-06-25 17:08:12,200,american express,credit,jason.ng20@anonymous.com,373178,Medium,3833,New User,69,,Approved,No,No,desktop,Windows,anonymous.com,0
3119945,2025-01-31 18:17:11,250,visa,credit,jason.lee727@gmail.com,499893,Low,9668,Existing User,35,,Approved,No,No,mobile,iOS Device,gmail.com,0
3104771,2025-01-27 16:19:50,150,mastercard,credit,jason.goh10@yahoo.com,529033,Low,3258,Existing User,35,,Approved,No,No,mobile,iOS Device,yahoo.com,0
3117984,2025-01-31 00:03:27,150,discover,credit,david.koh872@aol.com,617664,Low,7067,Existing User,25,,Approved,No,No,mobile,iOS Device,aol.com,0
3123552,2025-02-01 20:35:59,8.512,mastercard,credit,david.lee866@anonymous.com,534251,High,6111,New User,79,,Approved,No,No,mobile,0,anonymous.com,0
3215313,2025-03-04 16:26:59,29.243,visa,debit,anna.tan287@gmail.com,406484,Low,7647,Existing User,34,,Approved,No,No,desktop,0,gmail.com,0
3039346,2025-01-15 03:01:24,13.584,visa,debit,alex.lee598@gmail.com,499443,Low,9937,Existing User,26,,Approved,No,No,desktop,Windows,gmail.com,0
3050579,2025-01-17 18:01:13,50.371,visa,debit,jason.koh471@gmail.com,416108,Medium,3584,New User,51,,Approved,No,No,desktop,0,gmail.com,0
3561935,2025-06-26 20:06:55,5.164,visa,debit,jason.teo414@gmail.com,401187,Low,8465,Existing User,34,,Approved,No,No,mobile,LG-H870 Build/NRD90U,gmail.com,0
3043532,2025-01-16 01:44:38,51.071,mastercard,credit,anna.ng33@hotmail.com,546853,Low,3184,Existing User,25,,Approved,No,No,desktop,Windows,hotmail.com,0
3186340,2025-02-22 04:20:48,119.399,mastercard,credit,sarah.goh178@gmail.com,536465,Low,2197,New User,36,,Approved,Yes,No,mobile,SM-J730GM Build/NRD90M,gmail.com,1
3501077,2025-06-05 18:26:04,37.503,visa,debit,amy.lee883@gmail.com,404961,Medium,2335,New User,56,,Approved,No,No,desktop,0,gmail.com,0
3223234,2025-03-06 17:28:31,450,visa,debit,lisa.wong389@att.net,403781,Medium,1729,New User,66,HIGH_AMOUNT,Rejected,No,No,mobile,iOS Device,att.net,0
3143822,2025-02-07 19:35:00,33.114,mastercard,debit,jason.ng269@hotmail.com,521799,Low,9847,Existing User,49,,Approved,No,No,mobile,0,hotmail.com,0
3082648,2025-01-23 17:50:48,50,visa,credit,sarah.lim587@gmail.com,430762,Low,6182,Existing User,25,,Approved,No,No,mobile,SM-G900V Build/MMB29M,gmail.com,0
3181846,2025-02-20 19:08:55,125,mastercard,credit,david.ng16@gmail.com,517557,Low,6166,New User,32,,Approved,No,No,desktop,Trident/7.0,gmail.com,0
3224527,2025-03-06 21:45:20,100,visa,debit,alex.lee604@gmail.com,428826,Low,3806,Existing User,42,,Approved,No,No,mobile,iOS Device,gmail.com,0
3510894,2025-06-09 04:28:38,2.784,mastercard,debit,sarah.wong725@hotmail.com,534727,Low,9120,Existing User,48,,Approved,No,No,mobile,0,hotmail.com,0
3066670,2025-01-20 22:12:44,25,visa,credit,anna.goh266@yahoo.com,419946,Low,5302,New User,32,,Approved,No,No,desktop,Windows,yahoo.com,0
3026625,2025-01-12 02:53:12,50,visa,credit,john.tan224@yahoo.com,448096,Low,1730,Existing User,26,,Approved,No,No,desktop,Windows,yahoo.com,0
3060213,2025-01-19 19:49:38,150,visa,credit,jason.goh842@verizon.net,445173,Low,7062,Existing User,38,,Approved,No,No,mobile,iOS Device,verizon.net,0
3428573,2025-05-10 19:33:15,9.837,visa,debit,alex.teo509@live.com,497462,Low,1535,Existing User,29,,Approved,No,No,desktop,Windows,live.com,0
3032087,2025-01-13 15:35:02,75,visa,debit,amy.wong931@anonymous.com,479066,Medium,5600,Existing User,59,,Approved,No,No,desktop,Windows,anonymous.com,0
3114785,2025-01-30 12:05:08,75,visa,debit,alex.lim109@gmail.com,423427,Low,3442,Existing User,42,,Approved,No,No,mobile,SM-J727T1 Build/NRD90M,gmail.com,0
3071991,2025-01-21 21:05:45,75,mastercard,credit,mike.lee717@anonymous.com,551409,Low,8971,Existing User,49,,Approved,No,No,desktop,Windows,anonymous.com,0
3475240,2025-05-28 02:32:58,19.243,mastercard,debit,alex.lim130@gmail.com,532518,Low,1320,Existing User,25,,Approved,No,No,mobile,HUAWEI Build/MMB28B,gmail.com,0
3408822,2025-05-04 16:51:22,15,visa,debit,anna.lim508@yahoo.com,421742,Low,4475,New User,45,,Approved,No,No,desktop,Windows,yahoo.com,0
3060350,2025-01-19 20:12:18,29.616,visa,debit,mike.tan269@gmail.com,494547,Low,8892,Existing User,29,,Approved,No,No,mobile,GT-S7580L Build/JDQ39,gmail.com,0
3559749,2025-06-25 23:47:47,21.887,mastercard,debit,david.chan758@gmail.com,550439,Low,5253,New User,35,,Approved,No,No,desktop,Windows,gmail.com,0
3362712,2025-04-19 17:11:57,25,mastercard,debit,alex.ng505@anonymous.com,543815,Medium,5861,Existing User,68,ANONYMOUS_EMAIL,Rejected,No,No,mobile,iOS Device,anonymous.com,0
3435378,2025-05-13 02:18:52,10,visa,debit,anna.ng591@outlook.com,442236,Low,4315,Existing User,33,,Approved,No,No,desktop,MacOS,,0
3505627,2025-06-07 13:10:49,25,visa,debit,david.teo999@gmail.com,446427,Low,4291,Existing User,44,,Approved,No,No,mobile,SAMSUNG SM-G930R4 Build/NRD90M,gmail.com,0
3328453,2025-04-08 08:01:27,12.688,mastercard,credit,sarah.lee11@gmail.com,519573,Low,9579,Existing User,35,,Approved,Yes,No,mobile,Moto G Play Build/MPIS24.241-15.3-26,gmail.com,1
3073068,2025-01-21 23:58:07,300,american express,credit,david.ong268@anonymous.com,374312,Medium,8867,New User,68,HIGH_AMOUNT,Rejected,No,No,desktop,Windows,anonymous.com,0
3412939,2025-05-05 17:23:01,200,visa,credit,john.ong444@cox.net,413675,Low,7578,Existing User,15,,Approved,No,No,desktop,Windows,cox.net,0
3084317,2025-01-23 21:08:43,17.956,visa,debit,sarah.teo746@hotmail.com,455019,Low,2087,Existing User,32,,Approved,No,No,0,0,hotmail.com,0
3407506,2025-05-04 02:24:28,134.133,visa,debit,david.chan73@hotmail.com,486027,Low,3375,Existing User,37,,Approved,No,No,mobile,SAMSUNG SM-J700M Build/MMB29K,hotmail.com,0
3305308,2025-04-02 17:46:38,40,visa,credit,mike.tan331@gmail.com,448209,Low,6075,Existing User,35,,Approved,No,No,mobile,iOS Device,gmail.com,0
3378226,2025-04-24 17:15:39,21.993,mastercard,credit,david.chan551@msn.com,548360,Low,9593,Existing User,39,,Approved,No,No,desktop,0,msn.com,0
3164011,2025-02-14 16:35:19,28.45,mastercard,debit,tom.lee348@hotmail.com,540661,Low,8569,Existing User,30,,Approved,No,No,mobile,HTC Desire 626s Build/LMY47O,hotmail.com,0
3027652,2025-01-12 15:36:20,100,visa,credit,anna.lee845@aol.com,401621,Medium,5957,New User,55,,Approved,No,No,mobile,SAMSUNG SM-G950U Build/NRD90M,aol.com,0
3392408,2025-04-29 14:55:27,50,visa,credit,alex.lee437@anonymous.com,400636,Low,5104,Existing User,44,,Approved,No,No,desktop,Trident/7.0,anonymous.com,0
3094346,2025-01-25 17:03:35,300,visa,credit,lisa.tan160@comcast.net,481404,Low,3703,Existing User,41,,Approved,No,No,desktop,MacOS,comcast.net,0
3315118,2025-04-04 14:07:48,200,american express,credit,anna.goh588@anonymous.com,374868,Medium,1886,Existing User,62,EMAIL_VELOCITY,Rejected,No,Yes,mobile,iOS Device,anonymous.com,0
3517449,2025-06-11 16:46:41,150,mastercard,credit,lisa.lee290@anonymous.com,526260,Medium,6765,New User,58,,Approved,No,No,desktop,MacOS,anonymous.com,0
3147696,2025-02-09 01:42:14,37.662,visa,credit,lisa.lee470@hotmail.com,449656,Low,5570,Existing User,41,,Approved,No,No,mobile,0,hotmail.com,0
3454715,2025-05-20 14:41:35,50,visa,credit,john.koh353@gmail.com,470515,Low,3138,Existing User,17,,Approved,No,Yes,desktop,Windows,gmail.com,0
3258115,2025-03-18 01:06:55,50,mastercard,credit,amy.ong879@live.com,554537,Low,6523,Existing User,37,,Approved,No,No,mobile,iOS Device,live.com,0
3323519,2025-04-06 20:36:56,15,visa,credit,anna.chan793@gmail.com,426713,Low,6390,Existing User,21,,Approved,No,No,desktop,Windows,gmail.com,0
3098080,2025-01-26 01:34:37,30,discover,credit,lisa.goh328@aol.com,634558,Low,6807,Existing User,29,,Approved,No,No,mobile,iOS Device,aol.com,0
3075533,2025-01-22 15:51:05,150,mastercard,debit,mike.teo22@anonymous.com,533583,Low,3774,Existing User,47,,Approved,No,No,desktop,Windows,anonymous.com,0
3087477,2025-01-24 13:55:40,25,mastercard,credit,david.lim592@hotmail.com,556400,Low,6304,Existing User,36,,Approved,No,No,mobile,SM-G935V Build/NRD90M,hotmail.com,0
3486212,2025-06-01 14:10:29,100,visa,credit,mike.koh593@comcast.net,442691,Low,5596,New User,42,,Approved,No,No,desktop,rv:59.0,comcast.net,0
3482339,2025-05-30 20:22:36,26.313,visa,debit,anna.ng971@hotmail.com,440138,Low,7934,New User,48,,Approved,No,No,desktop,Windows,hotmail.com,0
3207322,2025-03-01 21:27:14,23.262,mastercard,credit,john.lee215@hotmail.com,539875,Low,2458,New User,49,,Approved,No,No,desktop,0,hotmail.com,0
3386383,2025-04-27 16:24:46,63.139,mastercard,credit,mike.ng783@mac.com,511978,Medium,5955,New User,53,,Approved,No,No,mobile,0,mac.com,0
3017190,2025-01-09 19:10:23,15,discover,credit,david.lee672@gmail.com,606471,Low,9758,Existing User,26,,Approved,No,No,desktop,Windows,,0
3098180,2025-01-26 01:54:51,100,visa,debit,david.goh436@gmail.com,468106,Low,5645,Existing User,36,,Approved,No,No,mobile,iOS Device,gmail.com,0
3259157,2025-03-18 14:05:35,100,visa,credit,alex.chan365@anonymous.com,490233,Medium,3393,New User,70,,Approved,No,No,desktop,Windows,anonymous.com,0
3102851,2025-01-26 22:11:10,100,visa,debit,tom.lee545@gmail.com,433964,Low,5153,Existing User,29,,Approved,No,No,desktop,Windows,gmail.com,0
3442416,2025-05-15 19:26:28,12.296,visa,credit,david.wong182@outlook.com,489089,Low,6635,Existing User,29,,Approved,Yes,No,mobile,SM-J320M Build/LMY47V,outlook.com,1
3087874,2025-01-24 15:20:47,50,visa,debit,anna.chan145@gmail.com,409473,Low,5513,Existing User,30,,Approved,No,No,mobile,iOS Device,gmail.com,0
3405227,2025-05-03 07:48:01,73.954,visa,debit,sarah.wong625@gmail.com,440558,Low,1363,Existing User,48,,Approved,Yes,No,mobile,0,gmail.com,1
3288893,2025-03-28 04:56:05,12.326,mastercard,credit,anna.teo701@gmail.com,521648,Low,6145,New User,42,,Approved,No,No,mobile,Moto Z2 Play Build/NPSS26.118-19-14,gmail.com,0
3545107,2025-06-20 21:58:14,9.775,visa,debit,lisa.chan422@gmail.com,485525,Low,6615,Existing User,35,,Approved,No,No,desktop,Windows,gmail.com,0
3205483,2025-03-01 00:28:01,85,mastercard,credit,jason.ng322@gmail.com,556924,Low,1112,Existing User,22,,Approved,No,No,desktop,MacOS,gmail.com,0
3241373,2025-03-12 10:00:51,17.582,visa,credit,mike.tan621@anonymous.com,441475,Medium,7341,New User,61,ANONYMOUS_EMAIL,Rejected,No,No,desktop,Windows,anonymous.com,0
3256103,2025-03-17 14:45:24,13.172,visa,credit,anna.wong866@anonymous.com,402504,Medium,9237,Existing User,66,,Approved,No,No,desktop,0,anonymous.com,0
3120093,2025-01-31 18:54:40,50,visa,credit,john.ong631@gmail.com,413241,Low,3942,Existing User,25,,Approved,No,No,desktop,MacOS,gmail.com,0
3075166,2025-01-22 14:44:12,50,mastercard,credit,tom.lee780@anonymous.com,536996,Medium,1189,New User,59,,Approved,No,No,desktop,Trident/7.0,anonymous.com,0
3057491,2025-01-19 05:00:26,40,visa,debit,jason.teo120@yahoo.com,461505,Low,6940,New User,48,,Approved,No,No,mobile,iOS Device,yahoo.com,0
3519696,2025-06-12 13:15:25,42.114,visa,debit,anna.lim39@gmail.com,450086,Low,1512,Existing User,27,,Approved,Yes,No,desktop,Windows,gmail.com,1
3062625,2025-01-20 02:18:12,192.04,mastercard,credit,lisa.chan892@yahoo.com,510018,Low,4339,Existing User,19,,Approved,No,No,desktop,Windows,yahoo.com,0
3573247,2025-07-01 15:41:45,100,visa,debit,amy.lim763@gmail.com,462766,Medium,2035,New User,50,,Approved,No,No,mobile,iOS Device,gmail.com,0
2995999,2025-01-04 00:45:07,200,mastercard,credit,david.wong894@charter.net,525374,Low,3331,Existing User,26,,Approved,No,No,desktop,MacOS,charter.net,0
3006966,2025-01-06 23:34:47,31.781,visa,debit,anna.goh668@gmail.com,432916,Low,6038,Existing User,32,,Approved,No,No,desktop,Windows,gmail.com,0
3533319,2025-06-16 21:08:44,150,mastercard,credit,amy.chan167@comcast.net,557040,Low,6004,Existing User,17,,Approved,No,No,desktop,Windows,comcast.net,0
3544717,2025-06-20 19:39:49,100,visa,debit,mike.wong123@anonymous.com,437476,Medium,9921,New User,71,,Approved,No,No,mobile,iOS Device,anonymous.com,0
3061550,2025-01-19 23:14:28,25,mastercard,credit,john.teo229@yahoo.com,533451,Low,2271,New User,44,,Approved,No,No,0,0,yahoo.com,0
3331282,2025-04-09 03:08:14,22.355,visa,credit,lisa.goh233@outlook.com,403639,Low,3775,Existing User,28,,Approved,Yes,No,mobile,SM-A300H Build/LRX22G,,1
3477403,2025-05-28 23:09:07,46.233,visa,debit,lisa.koh917@hotmail.com,489053,Low,3742,Existing User,43,,Approved,No,No,desktop,0,hotmail.com,0
3548246,2025-06-22 00:00:17,75,mastercard,credit,lisa.ong356@hotmail.com,546277,Low,8791,New User,45,,Approved,No,No,desktop,Windows,,0
3083638,2025-01-23 19:42:36,250,american express,credit,tom.lee355@comcast.net,375700,Medium,2170,New User,50,,Approved,No,No,desktop,Trident/7.0,comcast.net,0
3184461,2025-02-21 17:19:32,200,visa,credit,sarah.teo138@hotmail.com,431885,Low,1594,New User,44,,Approved,Yes,No,desktop,rv:11.0,hotmail.com,1
3540071,2025-06-19 01:08:18,30,visa,credit,john.tan91@att.net,492676,Low,4982,Existing User,28,,Approved,No,No,desktop,Windows,att.net,0
3104713,2025-01-27 16:06:10,100,visa,credit,lisa.teo517@cox.net,475535,Low,4753,Existing User,29,,Approved,No,No,mobile,SAMSUNG-SM-G930A Build/NRD90M,cox.net,0
3015283,2025-01-09 03:43:15,50,visa,credit,amy.teo403@hotmail.com,413319,Low,1511,Existing User,36,,Approved,No,No,mobile,iOS Device,hotmail.com,0
3074154,2025-01-22 03:58:27,13.642,visa,debit,john.ng425@outlook.com,487373,Low,3510,Existing User,44,,Approved,No,No,desktop,0,outlook.com,0
3273394,2025-03-23 13:27:56,50,visa,credit,david.tan959@gmail.com,402434,Low,3338,Existing User,32,,Approved,No,No,desktop,MacOS,gmail.com,0
3061157,2025-01-19 22:18:22,100,visa,debit,jason.chan968@gmail.com,425055,Low,9698,Existing User,35,,Approved,No,No,desktop,Windows,gmail.com,0
3139905,2025-02-06 17:12:57,25.419,mastercard,debit,jason.wong182@gmail.com,527984,Low,2946,Existing User,26,,Approved,No,No,desktop,Windows,gmail.com,0
3269792,2025-03-21 21:33:14,100,visa,debit,alex.ng72@aol.com,431460,Low,7140,Existing User,44,,Approved,No,No,mobile,SM-N950U Build/NMF26X,aol.com,0
3171876,2025-02-17 16:06:21,37.778,mastercard,credit,mike.wong612@anonymous.com,541608,Medium,8713,Existing User,65,ANONYMOUS_EMAIL,Rejected,No,No,mobile,0,anonymous.com,0
3350044,2025-04-15 03:18:48,19.455,visa,credit,lisa.lim895@gmail.com,464369,Medium,4964,New User,55,,Approved,No,No,mobile,0,gmail.com,0
3015601,2025-01-09 11:33:20,25,american express,credit,mike.lee217@gmail.com,375892,Low,9687,New User,41,,Approved,No,No,desktop,Windows,,0
3226242,2025-03-07 09:46:45,13.776,visa,debit,john.ng602@hotmail.com,478460,Low,3666,New User,41,,Approved,No,No,mobile,LG-X240 Build/MRA58K,hotmail.com,0
3136417,2025-02-05 17:10:37,20.755,visa,credit,john.lee544@anonymous.com,497709,Medium,3287,Existing User,73,ANONYMOUS_EMAIL,Rejected,No,No,mobile,0,anonymous.com,0
3085089,2025-01-23 22:50:42,15,visa,credit,mike.lim617@hotmail.com,423867,Low,1134,Existing User,26,,Approved,No,No,desktop,Windows,hotmail.com,0
3048042,2025-01-16 23:47:59,20.755,visa,debit,david.ng192@anonymous.com,495255,Low,6079,Existing User,47,,Approved,No,No,desktop,Windows,anonymous.com,0
3102354,2025-01-26 20:25:14,25,visa,debit,sarah.wong18@anonymous.com,493809,Medium,8298,Existing User,59,,Approved,No,No,mobile,SM-N950U Build/NMF26X,anonymous.com,0
3439103,2025-05-14 16:22:19,20,american express,credit,tom.chan85@gmail.com,377632,Low,7737,Existing User,29,,Approved,No,No,desktop,Trident/7.0,,0
3426908,2025-05-09 23:17:40,50,visa,debit,alex.ong589@hotmail.com,404384,Low,3725,New User,42,,Approved,No,No,desktop,Windows,,0
3358292,2025-04-17 21:35:35,14.078,visa,debit,david.tan987@outlook.com,414695,Medium,2923,New User,50,,Approved,No,No,desktop,0,outlook.com,0
3097029,2025-01-25 22:48:37,79.463,visa,debit,mike.teo254@gmail.com,435170,Low,1280,Existing User,40,,Approved,No,No,desktop,0,gmail.com,0
3069684,2025-01-21 15:24:21,100,american express,credit,sarah.teo188@gmail.com,376114,Low,4642,Existing User,18,,Approved,No,No,desktop,Windows,gmail.com,0
2992627,2025-01-03 01:44:03,29.486,visa,credit,david.goh477@outlook.es,427490,Low,7809,New User,35,,Approved,No,No,mobile,M4 SS4450 Build/MRA58K,outlook.es,0
3292491,2025-03-29 19:39:35,36.856,mastercard,debit,lisa.teo592@anonymous.com,523424,High,8124,New User,84,HIGH_RISK_SCORE,Rejected,No,No,mobile,0,anonymous.com,0
3117120,2025-01-30 21:08:40,76.023,visa,debit,jason.tan720@hotmail.com,467058,Medium,3713,Existing User,51,,Approved,No,Yes,mobile,0,hotmail.com,0
3350506,2025-04-15 13:41:47,100,visa,credit,lisa.koh281@gmail.com,453276,Low,4445,New User,43,,Approved,No,No,desktop,MacOS,gmail.com,0
3150619,2025-02-10 01:10:03,20.739,visa,credit,sarah.lim371@me.com,487963,Low,3200,New User,42,,Approved,No,No,desktop,0,me.com,0
3264379,2025-03-20 00:05:54,98.666,visa,debit,john.chan488@gmail.com,476735,Low,3144,New User,49,,Approved,No,No,desktop,Windows,gmail.com,0
3263117,2025-03-19 17:48:36,13.655,visa,debit,amy.wong114@hotmail.com,460663,Low,6766,New User,39,,Approved,No,No,desktop,Windows,hotmail.com,0
3552133,2025-06-23 07:16:48,62.648,visa,credit,david.teo67@gmail.com,460840,Medium,4018,New User,56,,Approved,No,No,mobile,0,gmail.com,0
3027754,2025-01-12 15:59:21,50,visa,debit,jason.goh173@anonymous.com,476031,Medium,4522,Existing User,60,,Approved,No,No,desktop,Windows,anonymous.com,0
3184448,2025-02-21 17:17:32,30,discover,credit,david.ong485@gmail.com,626885,Low,7548,Existing User,40,,Approved,No,No,mobile,iOS Device,,0
3530963,2025-06-16 00:06:07,200,visa,debit,tom.tan14@anonymous.com,492858,Low,8776,Existing User,48,,Approved,No,No,desktop,Trident/7.0,anonymous.com,0
3109168,2025-01-28 19:18:10,42.093,mastercard,debit,mike.ng694@hotmail.com,528290,Low,3193,New User,45,,Approved,No,No,desktop,Windows,hotmail.com,0
3225860,2025-03-07 03:12:15,16.434,visa,debit,mike.ong215@hotmail.com,485715,Low,1666,New User,35,,Approved,No,No,desktop,Windows,hotmail.com,0
3166751,2025-02-15 18:09:09,25,mastercard,credit,alex.lee166@gmail.com,537818,Low,5023,Existing User,17,,Approved,No,No,desktop,Windows,,0
3088521,2025-01-24 17:03:38,400,mastercard,credit,sarah.lim244@verizon.net,544753,Low,5849,Existing User,37,,Approved,No,No,mobile,iOS Device,verizon.net,0
3366620,2025-04-20 21:57:35,15,visa,debit,amy.ong891@yahoo.com,444898,Low,5459,Existing User,34,,Approved,No,No,mobile,iOS Device,,0
3140267,2025-02-06 18:31:02,200,visa,credit,tom.lim342@me.com,457547,Medium,5086,New User,50,,Approved,No,No,desktop,MacOS,me.com,0
3269909,2025-03-21 22:07:12,77.217,visa,debit,john.teo655@yahoo.com.mx,436980,Low,3837,Existing User,33,,Approved,No,No,mobile,Hisense U963 Build/MRA58K,yahoo.com.mx,0
3052636,2025-01-18 00:43:57,25,visa,debit,amy.lim579@gmail.com,442641,Low,8981,Existing User,24,,Approved,No,No,desktop,Trident/7.0,gmail.com,0
3031483,2025-01-13 07:43:29,13.059,visa,debit,david.teo663@gmail.com,474828,Medium,3860,New User,55,,Approved,No,No,mobile,Mi A1 Build/N2G47H,gmail.com,0
3101327,2025-01-26 17:34:29,100,visa,credit,lisa.lim771@yahoo.com,434746,Low,6023,Existing User,32,,Approved,No,No,0,0,yahoo.com,0
3199154,2025-02-26 22:40:14,22.912,mastercard,credit,mike.chan600@hotmail.com,549499,Low,3997,Existing User,35,,Approved,Yes,No,mobile,SM-A510M Build/MMB29K,hotmail.com,1
3250164,2025-03-15 09:50:50,125,visa,credit,sarah.ong286@aol.com,436695,Low,3046,Existing User,28,,Approved,No,No,desktop,Windows,aol.com,0
3091923,2025-01-25 01:13:48,20,visa,debit,mike.ng406@gmail.com,490477,Medium,9950,New User,60,NEW_USER_RULE,Rejected,No,No,mobile,iOS Device,gmail.com,0
3334440,2025-04-10 00:18:36,10.815,mastercard,debit,john.goh569@outlook.com,543533,Low,9670,New User,36,,Approved,No,No,desktop,Windows,,0
3162859,2025-02-14 00:30:51,25,visa,credit,amy.lim838@outlook.com,452750,Low,8184,Existing User,21,,Approved,No,No,desktop,rv:52.0,,0
3017202,2025-01-09 19:12:47,50,visa,debit,anna.lim890@gmail.com,410251,Low,2939,Existing User,30,,Approved,No,No,mobile,iOS Device,gmail.com,0
3106877,2025-01-28 00:38:57,57.6,mastercard,debit,tom.teo51@hotmail.com,520644,Low,8400,Existing User,25,,Approved,No,No,desktop,Windows,hotmail.com,0
3208400,2025-03-02 03:48:09,289.17,visa,credit,alex.wong26@anonymous.com,453916,High,5572,New User,77,,Approved,No,No,desktop,Windows,anonymous.com,0
3208559,2025-03-02 05:36:55,42.173,visa,debit,tom.lee139@anonymous.com,485193,High,4709,Existing User,80,HIGH_RISK_SCORE,Rejected,No,No,mobile,0,anonymous.com,0
3275800,2025-03-24 03:01:20,16.767,visa,credit,tom.koh714@yahoo.com,431160,Medium,1003,New User,63,,Approved,No,No,mobile,0,yahoo.com,0
3564071,2025-06-27 17:06:21,200,american express,credit,jason.wong515@comcast.net,375594,Low,6460,Existing User,18,,Approved,No,No,desktop,Windows,comcast.net,0
3435452,2025-05-13 02:55:35,50,visa,credit,sarah.koh992@gmail.com,497167,Low,9307,Existing User,20,,Approved,No,No,desktop,MacOS,gmail.com,0
3336875,2025-04-10 20:44:19,62.451,mastercard,debit,john.teo608@yahoo.com,554499,Low,2365,Existing User,44,,Approved,No,No,desktop,0,,0
3517461,2025-06-11 16:49:51,50,visa,credit,amy.wong824@aol.com,474375,Low,3625,New User,48,,Approved,No,No,mobile,iOS Device,aol.com,0
3338027,2025-04-11 01:37:43,33.534,visa,debit,sarah.tan832@yahoo.com,413576,Low,4703,Existing User,26,,Approved,No,No,desktop,Moto G (5) Build/NPP25.137-93,,0
3035600,2025-01-14 11:46:35,10,visa,debit,john.lim349@hotmail.com,449442,Low,3616,Existing User,49,,Approved,No,No,mobile,0,,0
3535951,2025-06-17 19:04:43,64.923,visa,credit,john.teo809@yahoo.com.mx,413112,Low,3348,Existing User,26,,Approved,No,No,desktop,0,yahoo.com.mx,0
3020955,2025-01-10 18:43:43,150,visa,credit,john.goh83@gmail.com,491447,Low,6101,New User,37,,Approved,No,No,desktop,Windows,gmail.com,0
3144189,2025-02-07 21:02:26,25,mastercard,credit,amy.goh711@gmail.com,533918,Low,1829,Existing User,18,,Approved,No,No,desktop,Windows,gmail.com,0
3142709,2025-02-07 08:43:16,51.421,visa,debit,tom.wong194@gmail.com,443414,Low,9924,New User,41,,Approved,No,Yes,desktop,Trident/7.0,gmail.com,0
3363643,2025-04-19 22:36:25,50,visa,credit,tom.goh370@gmail.com,472388,Low,8845,Existing User,29,,Approved,No,No,desktop,Windows,,0
3027473,2025-01-12 14:55:54,100,visa,debit,david.koh938@anonymous.com,447009,Medium,5331,New User,63,ANONYMOUS_EMAIL,Rejected,No,No,desktop,Windows,anonymous.com,0
3281657,2025-03-26 02:46:10,3.747,mastercard,debit,sarah.ong528@outlook.com,521179,Low,7428,New User,42,,Approved,No,No,mobile,SM-J530GM Build/NRD90M,outlook.com,0
3548556,2025-06-22 00:51:20,141.404,visa,credit,lisa.wong474@gmail.com,472158,Low,4479,Existing User,30,,Approved,No,No,desktop,0,gmail.com,0
3086610,2025-01-24 03:11:23,33.496,visa,credit,lisa.lee930@gmail.com,461469,Low,1496,Existing User,20,,Approved,No,No,desktop,Windows,gmail.com,0
3101774,2025-01-26 18:40:39,100,visa,credit,lisa.chan640@gmail.com,419129,Low,4096,New User,42,,Approved,No,No,desktop,Windows,gmail.com,0
3307663,2025-04-03 04:06:16,9.969,mastercard,credit,jason.chan999@hotmail.com,524026,Low,3618,Existing User,26,,Approved,Yes,No,desktop,0,hotmail.com,1
3504266,2025-06-06 20:12:16,53.549,visa,credit,david.wong307@gmail.com,436077,Low,8761,New User,37,,Approved,Yes,No,desktop,GT-I8190L Build/JZO54K,gmail.com,1
3399825,2025-05-01 17:36:19,3.697,visa,credit,jason.lee294@hotmail.com,444096,Low,1390,Existing User,36,,Approved,No,No,mobile,0,hotmail.com,0
3043203,2025-01-16 00:27:45,17.607,visa,debit,john.wong385@hotmail.com,410829,Low,9002,Existing User,30,,Approved,No,No,desktop,Windows,hotmail.com,0
3081798,2025-01-23 16:21:43,17.956,mastercard,debit,tom.goh12@gmail.com,519775,Low,6559,Existing User,44,,Approved,Yes,No,mobile,0,gmail.com,1
3329999,2025-04-08 20:56:00,15,visa,debit,alex.chan185@hotmail.com,430569,Low,9563,Existing User,27,,Approved,Yes,No,desktop,Windows,,1
3201317,2025-02-27 18:28:38,16.091,mastercard,debit,amy.ng691@anonymous.com,544097,Medium,3072,Existing User,58,,Approved,No,No,desktop,Windows,anonymous.com,0
3123405,2025-02-01 19:58:53,100,visa,debit,john.tan914@gmail.com,418103,Low,6941,Existing User,43,,Approved,No,No,mobile,SM-G955U Build/NRD90M,gmail.com,0
3557934,2025-06-25 13:15:40,100,visa,debit,lisa.teo963@yahoo.com,443494,Low,6330,Existing User,25,,Approved,No,No,desktop,Windows,yahoo.com,0
3240559,2025-03-12 00:18:02,49.907,mastercard,credit,mike.ong937@gmail.com,531071,Low,5628,Existing User,40,,Approved,Yes,No,mobile,0,gmail.com,1
3145194,2025-02-08 02:16:56,32.648,visa,debit,alex.lee956@hotmail.com,465593,Low,6206,New User,45,,Approved,No,Yes,mobile,Moto G (4) Build/NPJS25.93-14-13,hotmail.com,0
3096574,2025-01-25 21:44:11,100,mastercard,credit,tom.goh53@gmail.com,521696,Low,5075,Existing User,22,,Approved,No,No,desktop,Windows,gmail.com,0
3098602,2025-01-26 03:20:14,72.292,mastercard,debit,mike.tan346@gmail.com,551702,Low,9945,Existing User,40,,Approved,No,No,mobile,0,gmail.com,0
3377240,2025-04-24 07:51:37,69.121,visa,credit,jason.koh765@gmail.com,407351,Low,8191,New User,42,,Approved,Yes,No,desktop,0,,1
3390758,2025-04-28 22:10:18,36.01,mastercard,debit,tom.ong937@gmail.com,525666,Medium,6928,New User,65,NEW_USER_RULE,Rejected,No,No,desktop,0,gmail.com,0
3548611,2025-06-22 01:00:08,106,mastercard,credit,anna.teo812@hotmail.com,556461,Low,8766,New User,44,,Approved,No,No,desktop,0,,0
3523280,2025-06-13 15:32:53,150,visa,debit,lisa.chan419@gmail.com,438269,Low,8493,Existing User,37,,Approved,No,No,mobile,iOS Device,gmail.com,0
3382931,2025-04-26 03:53:46,225,visa,credit,lisa.lim103@anonymous.com,481507,Medium,4508,Existing User,61,ANONYMOUS_EMAIL,Rejected,No,No,mobile,iOS Device,anonymous.com,0
3002282,2025-01-05 21:01:37,29.787,mastercard,credit,john.teo13@anonymous.com,554084,Low,7289,Existing User,45,,Approved,No,No,desktop,Windows,anonymous.com,0
3219533,2025-03-05 18:56:11,25,visa,debit,tom.lee491@gmail.com,464356,Low,8595,Existing User,32,,Approved,No,No,desktop,rv:50.0,gmail.com,0
3497152,2025-06-04 16:24:07,20,mastercard,debit,lisa.chan106@outlook.com,539287,Low,6187,Existing User,34,,Approved,No,No,mobile,iOS Device,,0
3078333,2025-01-22 22:40:50,100,visa,credit,mike.goh828@gmail.com,447137,Low,2247,New User,33,,Approved,No,No,desktop,Windows,gmail.com,0
3013423,2025-01-08 19:29:13,28.156,visa,credit,sarah.lee635@gmail.com,491538,Low,5081,Existing User,33,,Approved,Yes,No,desktop,0,gmail.com,1
3494179,2025-06-03 18:55:09,30,visa,debit,jason.ng383@me.com,410443,Low,5560,Existing User,27,,Approved,No,No,desktop,MacOS,me.com,0
3058845,2025-01-19 16:27:28,150,visa,debit,sarah.chan871@hotmail.com,437731,Low,8530,Existing User,43,,Approved,No,No,0,0,hotmail.com,0
3020889,2025-01-10 18:34:00,50,visa,debit,sarah.lim697@gmail.com,404397,Low,8373,Existing User,39,,Approved,No,No,mobile,SAMSUNG SM-G930A Build/NRD90M,gmail.com,0
3437327,2025-05-13 21:35:11,17.829,visa,debit,lisa.goh470@gmail.com,433560,Medium,5662,New User,50,,Approved,No,No,desktop,Windows,gmail.com,0
3049667,2025-01-17 14:52:07,100,visa,debit,sarah.tan470@gmail.com,463385,Low,1492,Existing User,35,,Approved,No,No,mobile,iOS Device,gmail.com,0
3334991,2025-04-10 03:57:12,15.347,mastercard,debit,lisa.lee175@outlook.com,514704,Low,3817,New User,44,,Approved,No,No,desktop,Windows,,0
3505449,2025-06-07 06:10:04,72.669,visa,credit,john.ong853@gmail.com,498676,Low,7379,Existing User,42,,Approved,No,No,mobile,0,gmail.com,0
3225787,2025-03-07 02:39:22,150,visa,debit,amy.koh548@yahoo.com,432722,Low,4851,Existing User,40,,Approved,No,No,mobile,iOS Device,yahoo.com,0
3567669,2025-06-29 03:58:26,101,visa,debit,alex.ng213@anonymous.com,401564,Medium,5062,Existing User,55,,Approved,No,No,desktop,MacOS,anonymous.com,0
3042159,2025-01-15 20:57:56,50,visa,credit,tom.ng569@hotmail.com,446929,Low,5223,Existing User,38,,Approved,No,No,mobile,iOS Device,hotmail.com,0
3202519,2025-02-27 23:10:18,48.578,mastercard,debit,lisa.ng412@gmail.com,540274,Low,7704,New User,45,,Approved,No,No,mobile,SAMSUNG SM-J320FN Build/LMY47V,gmail.com,0
3572331,2025-07-01 01:38:59,100,visa,credit,tom.ong134@gmail.com,420964,Low,7526,Existing User,21,,Approved,No,No,desktop,Windows,gmail.com,0
3257076,2025-03-17 19:54:31,33.593,mastercard,debit,tom.ng864@hotmail.com,543061,Medium,3850,Existing User,53,,Approved,No,No,mobile,0,hotmail.com,0
3290189,2025-03-28 20:11:13,100,visa,debit,tom.lim309@gmail.com,471107,Low,6126,New User,43,,Approved,No,No,desktop,Windows,gmail.com,0
3071915,2025-01-21 20:52:42,100,visa,debit,mike.lee332@gmail.com,467895,Low,9745,Existing User,32,,Approved,No,No,0,0,gmail.com,0
3528001,2025-06-15 00:31:32,21.026,mastercard,debit,mike.ong587@gmail.com,538382,Low,5031,Existing User,38,,Approved,No,No,mobile,SM-G531H Build/LMY48B,gmail.com,0
3007724,2025-01-07 02:42:55,100,visa,debit,john.ng460@hotmail.com,429889,Low,7891,New User,37,,Approved,No,No,desktop,Windows,hotmail.com,0
3322903,2025-04-06 18:16:10,30,visa,credit,john.chan362@yahoo.com,421732,Medium,9583,New User,50,,Approved,No,No,mobile,iOS Device,yahoo.com,0
3088666,2025-01-24 17:24:30,25,mastercard,debit,david.teo219@aol.com,530955,Low,1990,New User,49,,Approved,No,No,desktop,Trident/7.0,aol.com,0
3115648,2025-01-30 16:29:50,40,visa,credit,sarah.lee21@gmail.com,446440,Low,7131,New User,45,,Approved,No,No,desktop,MacOS,gmail.com,0
3429921,2025-05-11 04:28:10,23.362,visa,credit,tom.tan271@gmail.com,488532,Low,1553,Existing User,27,,Approved,No,No,mobile,SAMSUNG SM-G570M Build/NRD90M,gmail.com,0
3430939,2025-05-11 17:22:43,11.435,visa,credit,alex.ng455@hotmail.com,496121,Low,5768,Existing User,26,,Approved,No,No,mobile,F3111 Build/33.3.A.1.115,hotmail.com,0
3099950,2025-01-26 13:49:44,100,visa,debit,tom.ong186@yahoo.com,487588,Low,3482,New User,41,,Approved,No,No,desktop,MacOS,yahoo.com,0
3514564,2025-06-10 16:33:41,30,visa,debit,jason.lee629@outlook.com,452770,Low,8811,Existing User,24,,Approved,No,No,desktop,Trident/7.0,,0
3206489,2025-03-01 17:15:05,22.96,mastercard,debit,john.koh247@hotmail.com,535626,Low,9654,Existing User,43,,Approved,No,No,mobile,0,hotmail.com,0
3517946,2025-06-11 19:26:21,29.51,mastercard,debit,jason.lim858@hotmail.com,536993,Low,5228,Existing User,32,,Approved,No,No,desktop,Windows,hotmail.com,0
3036628,2025-01-14 17:13:42,250,american express,credit,john.tan786@anonymous.com,371053,Medium,9606,Existing User,61,,Approved,No,Yes,desktop,Windows,anonymous.com,0
3536823,2025-06-17 23:34:45,62.464,visa,credit,jason.chan999@hotmail.com,463639,Low,9689,Existing User,20,,Approved,No,No,mobile,SM-G935F Build/NRD90M,hotmail.com,0
3082885,2025-01-23 18:16:28,50,visa,debit,lisa.chan367@gmail.com,463091,Low,9287,Existing User,32,,Approved,No,No,desktop,rv:52.0,gmail.com,0
3494823,2025-06-03 22:12:00,19.243,mastercard,debit,lisa.ong505@hotmail.com,540774,Low,7889,Existing User,29,,Approved,No,No,desktop,Windows,hotmail.com,0
3525642,2025-06-14 11:59:13,100,visa,debit,john.goh523@gmail.com,495825,Medium,6606,New User,51,,Approved,No,No,mobile,iOS Device,gmail.com,0
3184405,2025-02-21 17:03:25,30,discover,credit,jason.ong328@gmail.com,638752,Low,6530,New User,49,,Approved,No,No,mobile,iOS Device,,0
3299615,2025-04-01 00:10:47,19.395,visa,debit,lisa.lim743@gmail.com,488254,Low,8670,New User,41,,Approved,No,No,mobile,SAMSUNG SM-G532M Build/MMB29T,gmail.com,0
3363190,2025-04-19 19:52:58,30.27,mastercard,debit,mike.koh400@hotmail.com,519760,Low,9642,Existing User,24,,Approved,No,No,desktop,Windows,hotmail.com,0
3460646,2025-05-22 17:25:44,22.133,visa,debit,lisa.goh577@gmail.com,465431,Low,1450,Existing User,30,,Approved,Yes,No,desktop,Windows,gmail.com,1
3212028,2025-03-03 15:08:51,100,visa,credit,david.teo725@yahoo.com,470543,Low,7976,Existing User,26,,Approved,No,No,mobile,iOS Device,yahoo.com,0
3083284,2025-01-23 19:00:35,50,visa,credit,lisa.ong19@yahoo.com,486826,Low,9912,New User,41,,Approved,No,No,desktop,Windows,yahoo.com,0
3115876,2025-01-30 17:12:43,50,visa,debit,sarah.goh58@hotmail.com,465025,Low,5197,Existing User,30,,Approved,No,No,mobile,iOS Device,hotmail.com,0
3549642,2025-06-22 15:14:05,106,mastercard,credit,john.tan888@yahoo.com,524485,Low,7640,New User,36,,Approved,No,No,desktop,Windows,,0
3118984,2025-01-31 07:38:39,14.692,mastercard,debit,sarah.chan624@gmail.com,558241,Low,8063,New User,43,,Approved,Yes,No,mobile,SM-G610M Build/MMB29K,gmail.com,1
3175508,2025-02-18 18:48:36,143.02,mastercard,credit,lisa.koh752@hotmail.com,551177,Low,3730,Existing User,18,,Approved,No,No,desktop,Windows,hotmail.com,0
3043277,2025-01-16 00:47:26,25,visa,credit,mike.teo687@gmail.com,468720,Low,2664,Existing User,39,,Approved,No,No,mobile,iOS Device,gmail.com,0
3106469,2025-01-27 22:54:36,29.5,visa,credit,mike.goh939@live.com,475809,Low,3321,Existing User,41,,Approved,No,No,mobile,0,live.com,0
3353275,2025-04-16 04:26:58,27.189,visa,debit,amy.tan460@gmail.com,497605,Low,1327,Existing User,27,,Approved,No,No,desktop,Windows,gmail.com,0
3537462,2025-06-18 04:21:45,15.432,visa,debit,anna.goh22@hotmail.com,492093,Low,2347,Existing User,34,,Approved,No,No,desktop,Windows,hotmail.com,0
3291781,2025-03-29 14:39:46,24.772,visa,debit,amy.wong915@hotmail.com,467186,Low,8169,Existing User,40,,Approved,No,No,mobile,5080A Build/MRA58K,hotmail.com,0
3004532,2025-01-06 13:44:46,22.116,visa,debit,anna.wong631@gmail.com,421392,Low,1171,Existing User,33,,Approved,No,No,0,0,gmail.com,0
3528844,2025-06-15 12:45:15,29.572,visa,debit,amy.lee488@hotmail.com,430632,Low,3770,Existing User,35,,Approved,No,No,desktop,Windows,hotmail.com,0
3101686,2025-01-26 18:26:11,32.356,visa,debit,mike.teo553@live.com,434982,Low,9835,Existing User,31,,Approved,Yes,No,mobile,Moto G Play Build/MPIS24.241-15.3-7,live.com,0
3282261,2025-03-26 13:28:14,18.066,visa,debit,alex.chan559@gmail.com,408018,Low,3977,New User,45,,Approved,No,No,mobile,SM-A520F Build/NRD90M,gmail.com,0
3036940,2025-01-14 18:11:09,100,american express,credit,jason.lee534@att.net,377146,Low,8979,New User,42,,Approved,No,No,mobile,iOS Device,att.net,0
3034072,2025-01-13 22:42:34,30,discover,credit,anna.koh33@outlook.com,654779,Low,2183,New User,43,,Approved,No,No,desktop,Windows,,0
3044036,2025-01-16 04:21:36,50,visa,credit,alex.ong504@gmail.com,441011,Low,9219,Existing User,31,,Approved,No,No,desktop,MacOS,gmail.com,0
2996467,2025-01-04 03:19:06,2.356,visa,debit,mike.tan709@gmail.com,438372,Medium,8891,New User,51,,Approved,No,No,mobile,F3213 Build/36.1.A.1.86,gmail.com,0
3069158,2025-01-21 13:24:30,50,visa,debit,lisa.koh6@gmail.com,433312,Low,8127,Existing User,41,,Approved,No,No,mobile,SM-N950U Build/NMF26X,gmail.com,0
3093797,2025-01-25 15:39:27,200,mastercard,debit,jason.chan607@gmail.com,529968,Low,5880,Existing User,37,,Approved,No,No,mobile,iOS Device,gmail.com,0
3233694,2025-03-09 21:51:55,40.24,visa,debit,anna.lim862@hotmail.com,475946,Low,7085,Existing User,39,,Approved,No,No,mobile,PRA-LX3 Build/HUAWEIPRA-LX3,hotmail.com,0
3328484,2025-04-08 11:23:35,39.394,visa,debit,lisa.lee851@gmail.com,468031,Low,1868,Existing User,38,,Approved,No,No,mobile,S60 Build/MMB29M,gmail.com,0
3217243,2025-03-05 01:34:26,67.067,mastercard,debit,tom.teo30@hotmail.com,511274,Low,5553,New User,36,,Approved,No,No,desktop,rv:53.0,hotmail.com,0
3279002,2025-03-25 06:05:56,16.676,mastercard,debit,david.wong762@hotmail.com,517075,Low,9695,Existing User,27,,Approved,No,No,mobile,SM-G610M Build/MMB29K,hotmail.com,0
3416521,2025-05-06 16:59:41,50,visa,credit,anna.chan251@anonymous.com,438394,Medium,1032,Existing User,51,,Approved,No,No,desktop,Trident/7.0,anonymous.com,0
3271063,2025-03-22 16:02:12,40,visa,credit,alex.ng606@aol.com,408224,Low,1979,New User,35,,Approved,No,No,desktop,MacOS,aol.com,0
3097490,2025-01-25 23:50:01,50,visa,credit,sarah.koh963@anonymous.com,467588,Low,2406,Existing User,44,,Approved,No,No,desktop,MacOS,anonymous.com,0
3073734,2025-01-22 02:12:54,100,visa,credit,jason.chan658@comcast.net,437692,Low,5199,New User,39,,Approved,No,No,desktop,MacOS,comcast.net,0
3403242,2025-05-02 17:42:38,29.969,mastercard,credit,jason.lee90@anonymous.com,522971,Medium,3217,New User,63,ANONYMOUS_EMAIL,Rejected,No,No,mobile,SM-G950F Build/R16NW,anonymous.com,0
3058824,2025-01-19 16:24:18,32.59,mastercard,debit,sarah.ng674@gmail.com,558499,Medium,6206,New User,57,,Approved,No,No,mobile,0,gmail.com,0
3045490,2025-01-16 16:30:52,50,visa,credit,david.ng526@hotmail.com,489132,Low,9039,Existing User,28,,Approved,No,No,desktop,rv:11.0,hotmail.com,0
3128278,2025-02-03 16:56:18,150,mastercard,credit,tom.lim436@embarqmail.com,528697,Low,3322,Existing User,20,,Approved,No,No,desktop,Trident/7.0,embarqmail.com,0
3002956,2025-01-05 23:23:33,75,visa,debit,anna.ng808@gmail.com,401815,Low,6308,Existing User,33,,Approved,No,No,mobile,SM-G900P Build/MMB29M,gmail.com,0
3035001,2025-01-14 02:29:53,100,visa,credit,david.goh399@gmail.com,418404,Medium,2776,New User,51,,Approved,No,No,mobile,iOS Device,gmail.com,0
3371435,2025-04-22 15:29:55,25,visa,debit,alex.lee969@yahoo.com,433372,Low,9093,Existing User,45,,Approved,No,No,mobile,Nexus,,0
3555166,2025-06-24 12:57:07,27.666,visa,debit,mike.ng855@anonymous.com,457475,Medium,6733,New User,63,ANONYMOUS_EMAIL,Rejected,No,No,desktop,Trident/7.0,anonymous.com,0
3461837,2025-05-22 23:10:54,32.523,mastercard,debit,sarah.teo151@gmail.com,540212,Medium,3708,Existing User,54,,Approved,No,Yes,mobile,0,gmail.com,0
3537713,2025-06-18 12:21:34,35.044,visa,debit,anna.teo66@hotmail.com,499935,Low,6089,Existing User,25,,Approved,Yes,No,mobile,G3123 Build/40.0.A.6.175,hotmail.com,1
3365949,2025-04-20 19:04:08,100,visa,credit,amy.ong605@aol.com,429532,Low,9624,Existing User,40,,Approved,No,No,mobile,iOS Device,aol.com,0
3249790,2025-03-15 02:12:22,28.337,mastercard,debit,anna.chan128@hotmail.com,513490,Low,7729,Existing User,38,,Approved,No,No,mobile,HTC One M9 Build/NRD90M,hotmail.com,0
3115917,2025-01-30 17:20:47,239.322,visa,debit,lisa.ong284@gmail.com,431305,Low,9120,Existing User,35,,Approved,No,No,mobile,SAMSUNG SM-J730GM Build/NRD90M,gmail.com,0
3408870,2025-05-04 17:03:22,13.413,visa,debit,tom.goh932@anonymous.com,470929,Medium,3401,Existing User,62,ANONYMOUS_EMAIL,Rejected,No,No,0,0,anonymous.com,0
3540411,2025-06-19 04:04:17,8.485,visa,debit,david.tan75@gmail.com,444963,Low,1749,Existing User,47,,Approved,No,No,mobile,0,gmail.com,0
3039687,2025-01-15 05:25:56,29.616,visa,debit,amy.goh58@yahoo.com,474895,Low,9680,Existing User,25,,Approved,No,No,desktop,Trident/7.0,,0
3389666,2025-04-28 16:36:33,17.401,visa,debit,tom.lim265@hotmail.com,418685,Low,6118,Existing User,33,,Approved,No,No,desktop,Trident/7.0,hotmail.com,0
3160148,2025-02-13 13:54:16,100,visa,credit,john.goh490@gmail.com,420700,Low,2366,Existing User,32,,Approved,No,No,mobile,iOS Device,,0
3420771,2025-05-07 21:57:59,13.051,visa,credit,john.teo362@hotmail.com,498745,Low,7915,New User,46,,Approved,No,No,desktop,0,hotmail.com,0
3336449,2025-04-10 18:58:03,11.842,visa,debit,mike.ong560@yahoo.com,404371,Low,3988,Existing User,25,,Approved,No,No,desktop,Moto G (4) Build/NPJ25.93-14.7,,0
3035717,2025-01-14 13:19:14,200,visa,debit,anna.lee476@gmail.com,487855,Low,3317,Existing User,33,,Approved,No,No,0,0,gmail.com,0
3089407,2025-01-24 19:03:24,150,visa,credit,mike.koh558@anonymous.com,463824,Medium,8605,Existing User,60,,Approved,No,No,mobile,iOS Device,anonymous.com,0
3174558,2025-02-18 13:53:35,200,visa,credit,anna.goh168@anonymous.com,452267,Medium,9806,Existing User,52,,Approved,No,No,desktop,MacOS,anonymous.com,0
3425497,2025-05-09 15:34:36,20.657,mastercard,debit,lisa.goh226@hotmail.com,515539,Medium,2247,Existing User,50,,Approved,No,No,mobile,0,hotmail.com,0
3100229,2025-01-26 14:40:55,125,mastercard,credit,sarah.goh376@gmail.com,559713,Low,8573,New User,35,,Approved,No,No,desktop,Windows,gmail.com,0
3183376,2025-02-21 01:36:50,40.651,visa,debit,anna.lim741@gmail.com,498275,Low,4467,Existing User,48,,Approved,No,No,desktop,0,gmail.com,0
3428947,2025-05-10 21:43:23,50,visa,debit,lisa.wong196@hotmail.com,430202,Low,6373,Existing User,28,,Approved,No,No,desktop,Windows,,0
3051228,2025-01-17 19:55:38,150,visa,credit,alex.tan72@yahoo.com,432134,Low,4388,Existing User,27,,Approved,No,No,desktop,MacOS,yahoo.com,0
3192748,2025-02-24 18:29:55,68.211,mastercard,debit,lisa.wong938@gmail.com,546030,Low,9300,New User,39,,Approved,No,No,desktop,Windows,gmail.com,0
3188703,2025-02-23 03:38:20,113.102,mastercard,credit,sarah.teo478@yahoo.com.mx,510374,Low,2848,Existing User,22,,Approved,No,No,desktop,Windows,yahoo.com.mx,0
3063141,2025-01-20 04:21:57,50,mastercard,credit,amy.tan997@roadrunner.com,537995,Low,4516,New User,47,,Approved,No,No,mobile,iOS Device,roadrunner.com,0
3086426,2025-01-24 02:21:24,75,visa,debit,jason.tan823@yahoo.com,440170,Low,3934,Existing User,29,,Approved,No,No,desktop,MacOS,yahoo.com,0
3262950,2025-03-19 16:59:42,62.172,visa,credit,john.tan642@anonymous.com,407793,Low,1774,Existing User,49,,Approved,No,No,desktop,Trident/7.0,anonymous.com,0
3405738,2025-05-03 16:18:09,15,visa,debit,sarah.teo960@hotmail.com,441815,Low,1293,Existing User,34,,Approved,No,No,mobile,iOS Device,,0
3087561,2025-01-24 14:14:16,50,visa,debit,anna.lim30@ymail.com,461217,Low,6659,Existing User,39,,Approved,No,No,mobile,iOS Device,ymail.com,0
3201353,2025-02-27 18:37:00,28.275,mastercard,debit,tom.tan269@gmail.com,555164,Low,4341,New User,48,,Approved,No,No,mobile,SM-A720F Build/NRD90M,gmail.com,0
3073356,2025-01-22 00:51:56,10,visa,credit,lisa.teo451@yahoo.com,462701,Low,6912,New User,41,,Approved,No,No,desktop,MacOS,,0
3076766,2025-01-22 18:51:19,500,visa,credit,tom.lee536@aol.com,471498,Low,1172,New User,43,,Approved,No,No,desktop,Trident/7.0,aol.com,0
3247004,2025-03-14 01:30:11,49.424,mastercard,credit,sarah.koh936@gmail.com,548960,Low,7430,Existing User,17,,Approved,No,No,desktop,Windows,gmail.com,0
3086371,2025-01-24 02:09:56,204.686,mastercard,debit,anna.lim685@gmail.com,555536,Low,4128,Existing User,42,,Approved,Yes,No,desktop,Windows,gmail.com,1
3493824,2025-06-03 17:02:46,20,visa,debit,john.goh866@hotmail.com,497976,Low,4744,Existing User,23,,Approved,No,No,desktop,Trident/7.0,,0
3050906,2025-01-17 19:00:38,100,american express,credit,amy.lim381@gmail.com,377919,Low,7028,New User,43,,Approved,No,No,desktop,Windows,gmail.com,0
3419564,2025-05-07 15:39:35,200,mastercard,credit,jason.lim741@comcast.net,557820,Low,5623,New User,44,,Approved,Yes,No,0,0,comcast.net,1
3392658,2025-04-29 16:15:45,12.084,visa,debit,john.goh278@outlook.com,423158,Low,9741,Existing User,27,,Approved,No,No,desktop,Moto G (5) Plus Build/NPN25.137-92,outlook.com,0
3050077,2025-01-17 16:22:49,300,mastercard,debit,sarah.tan107@gmail.com,515264,Low,8018,Existing User,33,,Approved,No,No,desktop,Windows,gmail.com,0
3384221,2025-04-26 19:43:12,5.136,visa,debit,tom.goh692@gmail.com,463641,Low,2100,Existing User,27,,Approved,No,No,desktop,Windows,gmail.com,0
3351583,2025-04-15 19:33:07,125,american express,credit,david.koh52@gmail.com,372748,Low,5749,Existing User,26,,Approved,No,No,desktop,MacOS,gmail.com,0
3058553,2025-01-19 15:39:56,74.507,mastercard,debit,tom.koh304@gmail.com,546026,Low,6867,Existing User,35,,Approved,No,No,mobile,SM-T560 Build/KTU84P,gmail.com,0
3024864,2025-01-11 20:13:25,50,visa,credit,alex.ong408@aol.com,499574,Low,2826,Existing User,17,,Approved,No,No,desktop,Trident/7.0,aol.com,0
3426210,2025-05-09 19:22:14,21.641,visa,debit,david.teo551@hotmail.com,491268,Low,1199,Existing User,42,,Approved,No,No,0,0,hotmail.com,0
3075081,2025-01-22 14:29:24,200,mastercard,credit,mike.teo42@anonymous.com,515888,Low,6201,Existing User,40,,Approved,No,No,desktop,Windows,anonymous.com,0
3550189,2025-06-22 17:59:09,250,american express,credit,john.lim23@anonymous.com,375160,High,7943,New User,76,,Approved,No,No,desktop,MacOS,anonymous.com,0
3025081,2025-01-11 20:53:35,100,visa,credit,sarah.teo681@yahoo.com,489567,Low,3733,Existing User,38,,Approved,No,No,mobile,iOS Device,yahoo.com,0
3019839,2025-01-10 14:17:03,100,visa,credit,sarah.lim912@anonymous.com,491337,Medium,5489,New User,57,,Approved,No,No,desktop,Windows,anonymous.com,0
3458095,2025-05-21 18:48:58,7.808,visa,debit,amy.lee291@anonymous.com,490534,Medium,9263,Existing User,60,,Approved,No,No,desktop,0,anonymous.com,0
3081386,2025-01-23 15:27:57,50,visa,credit,david.ng212@anonymous.com,446767,Medium,7169,Existing User,59,,Approved,No,No,desktop,MacOS,anonymous.com,0
3117152,2025-01-30 21:13:47,50,visa,credit,amy.koh326@gmail.com,471719,Low,3030,Existing User,31,,Approved,No,No,desktop,MacOS,gmail.com,0
3022802,2025-01-11 01:09:58,25,visa,debit,sarah.ng718@gmail.com,483901,Low,5787,Existing User,32,,Approved,No,Yes,desktop,MacOS,gmail.com,0
3457833,2025-05-21 17:09:34,200,visa,credit,mike.lim352@anonymous.com,437198,Low,2560,Existing User,46,,Approved,No,No,desktop,Trident/7.0,anonymous.com,0
3328968,2025-04-08 16:05:21,25,visa,debit,amy.chan617@gmail.com,463279,Medium,1864,New User,56,,Approved,No,No,mobile,iOS Device,gmail.com,0
3171991,2025-02-17 16:35:33,46.969,visa,credit,sarah.koh263@hotmail.com,466968,Low,7386,Existing User,25,,Approved,No,No,desktop,0,hotmail.com,0
3105619,2025-01-27 19:33:09,7.929,visa,debit,john.ng579@hotmail.com,407144,Medium,1748,New User,65,NEW_USER_RULE,Rejected,No,No,mobile,0,hotmail.com,0
3012225,2025-01-08 14:58:00,100,visa,credit,sarah.ng215@verizon.net,436782,Low,3055,New User,32,,Approved,No,No,desktop,Windows,verizon.net,0
3000752,2025-01-05 15:38:56,50,visa,credit,mike.teo212@gmail.com,468330,Low,8300,Existing User,22,,Approved,No,No,desktop,Trident/7.0,gmail.com,0
3027568,2025-01-12 15:17:43,20,mastercard,credit,jason.wong161@yahoo.com,557497,Low,5099,Existing User,28,,Approved,No,No,desktop,Windows,,0
3347268,2025-04-14 11:45:21,100,visa,credit,alex.tan698@anonymous.com,448433,Medium,7114,New User,67,EMAIL_VELOCITY,Rejected,No,Yes,desktop,Trident/7.0,anonymous.com,0
3330024,2025-04-08 20:59:56,25.497,mastercard,debit,sarah.tan303@gmail.com,532599,Low,5341,Existing User,36,,Approved,No,No,mobile,TRT-L53 Build/HUAWEITRT-L53,gmail.com,0
3507427,2025-06-08 01:22:47,40.761,mastercard,credit,amy.tan838@hotmail.com,513202,Low,6606,Existing User,24,,Approved,No,No,mobile,LG-X230 Build/MRA58K,hotmail.com,0
3086249,2025-01-24 01:44:44,41.976,visa,debit,amy.tan46@anonymous.com,409787,Low,5982,Existing User,49,,Approved,No,No,desktop,Windows,anonymous.com,0
3119021,2025-01-31 09:56:11,250,visa,credit,lisa.chan956@gmail.com,419814,Medium,9265,New User,50,,Approved,No,No,desktop,Windows,gmail.com,0
3023287,2025-01-11 04:32:29,101.675,mastercard,credit,amy.ong575@hotmail.com,527147,Low,6754,New User,31,,Approved,No,No,desktop,Windows,hotmail.com,0
3349265,2025-04-14 22:52:24,5,mastercard,debit,sarah.tan181@yahoo.com,559964,Low,7381,Existing User,40,,Approved,No,No,desktop,0,,0
3157253,2025-02-12 14:49:26,260,visa,credit,anna.koh736@outlook.com,474720,Low,3786,New User,44,,Approved,No,No,desktop,Windows,,0
3017472,2025-01-09 20:09:59,200,american express,credit,mike.lim550@anonymous.com,376674,Medium,1995,Existing User,51,,Approved,No,No,desktop,Windows,anonymous.com,0
3202047,2025-02-27 21:24:52,50,american express,credit,alex.ng910@outlook.com,377278,Low,1363,Existing User,32,,Approved,Yes,No,mobile,iOS Device,outlook.com,0
3294700,2025-03-30 15:48:49,20.694,visa,credit,tom.lim406@hotmail.com,480984,Low,8850,New User,47,,Approved,No,No,mobile,SM-G570M Build/MMB29K,hotmail.com,0
3009822,2025-01-07 20:08:12,11.48,visa,debit,alex.chan386@hotmail.com,477021,Medium,7312,Existing User,51,,Approved,No,No,mobile,0,hotmail.com,0
3374778,2025-04-23 16:00:33,50,visa,debit,jason.goh792@hotmail.com,476331,Low,1825,Existing User,26,,Approved,No,No,desktop,Windows,,0
3106672,2025-01-27 23:40:48,100,american express,credit,lisa.lim411@anonymous.com,373262,High,4785,New User,79,HIGH_RISK_SCORE,Rejected,No,No,mobile,iOS Device,anonymous.com,0
3045019,2025-01-16 15:10:30,20,mastercard,debit,anna.wong736@yahoo.com,557111,Low,6928,Existing User,42,,Approved,No,No,mobile,iOS Device,yahoo.com,0
3114580,2025-01-30 07:07:53,50,mastercard,debit,sarah.lim875@gmail.com,558177,Low,9011,Existing User,40,,Approved,No,No,0,0,gmail.com,0
3285766,2025-03-27 13:59:07,20.301,mastercard,credit,jason.wong86@anonymous.com,521892,Low,9222,Existing User,48,,Approved,No,No,mobile,SM-G935F Build/NRD90M,anonymous.com,0
3182802,2025-02-20 23:01:59,67.22,visa,credit,anna.koh619@hotmail.com,421505,Low,6629,Existing User,27,,Approved,No,No,mobile,SM-J500FN Build/MMB29M,hotmail.com,0
3074866,2025-01-22 13:42:02,150,visa,debit,david.chan881@aol.com,433290,Low,8003,Existing User,33,,Approved,No,No,desktop,Windows,aol.com,0
3358596,2025-04-17 22:53:43,9.546,mastercard,debit,anna.ong103@gmail.com,556967,Low,9615,Existing User,29,,Approved,No,No,mobile,CAM-L03 Build/HUAWEICAM-L03,gmail.com,0
3391901,2025-04-29 07:17:04,31.418,visa,debit,david.wong74@gmail.com,406509,Low,7618,New User,45,,Approved,No,No,mobile,WAS-LX3 Build/HUAWEIWAS-LX3,gmail.com,0
3336879,2025-04-10 20:45:12,62.451,mastercard,debit,jason.lim940@gmail.com,520456,Low,3478,Existing User,31,,Approved,No,No,desktop,0,,0
3348722,2025-04-14 20:19:21,150,visa,credit,tom.chan812@hotmail.com,460945,Medium,6070,New User,53,,Approved,No,Yes,mobile,SAMSUNG SM-G900A Build/MMB29M,hotmail.com,0
3219050,2025-03-05 17:04:40,49.544,visa,debit,tom.koh247@hotmail.com,418890,Low,4387,New User,42,,Approved,No,No,mobile,HUAWEI TAG-L13 Build/HUAWEITAG-L13,hotmail.com,0
3575246,2025-07-02 03:40:58,100,visa,debit,jason.wong325@yahoo.com,409033,Medium,6943,New User,51,,Approved,Yes,No,desktop,MacOS,yahoo.com,1
3108195,2025-01-28 15:30:48,100,mastercard,credit,tom.ong593@anonymous.com,511461,Low,7402,Existing User,49,,Approved,No,No,desktop,rv:11.0,anonymous.com,0
3300328,2025-04-01 04:06:09,11.782,mastercard,debit,lisa.tan19@gmail.com,513704,Low,3822,Existing User,45,,Approved,No,No,0,0,gmail.com,0
3250585,2025-03-15 17:16:34,40,visa,credit,mike.lim188@aol.com,468278,Low,7104,New User,45,,Approved,No,No,mobile,iOS Device,aol.com,0
3504468,2025-06-06 21:24:17,80,visa,debit,lisa.chan604@gmail.com,451782,Low,3161,Existing User,20,,Approved,No,No,desktop,Trident/7.0,gmail.com,0
3248984,2025-03-14 21:47:55,300,visa,credit,sarah.lee464@anonymous.com,488111,Medium,7403,Existing User,61,HIGH_AMOUNT,Rejected,No,No,desktop,MacOS,anonymous.com,0
3048637,2025-01-17 02:01:13,40,visa,credit,lisa.goh267@hotmail.com,474817,Low,3360,Existing User,17,,Approved,No,No,desktop,MacOS,hotmail.com,0
3129672,2025-02-03 22:14:27,25.419,visa,credit,jason.ng916@gmail.com,442308,Low,2574,Existing User,28,,Approved,No,No,mobile,LG-H500 Build/LRX21Y,gmail.com,0
3259037,2025-03-18 13:20:32,30,mastercard,credit,mike.chan890@yahoo.com,551248,Low,2633,New User,47,,Approved,No,No,mobile,iOS Device,yahoo.com,0
3310182,2025-04-03 18:11:26,11.238,visa,credit,tom.wong173@gmail.com,448302,Low,1473,Existing User,23,,Approved,No,No,desktop,Windows,gmail.com,0
3073807,2025-01-22 02:29:36,15,visa,credit,john.goh420@gmail.com,479176,Low,1862,New User,35,,Approved,No,No,desktop,MacOS,gmail.com,0
3007996,2025-01-07 04:24:57,56.311,visa,credit,amy.teo63@gmail.com,402989,Low,3839,New User,48,,Approved,Yes,No,desktop,0,gmail.com,1
3475435,2025-05-28 05:47:53,20.657,visa,credit,amy.koh325@yahoo.de,461601,Low,8983,Existing User,44,,Approved,No,No,mobile,0,yahoo.de,0
3511244,2025-06-09 13:36:15,100,mastercard,credit,lisa.ng523@gmail.com,519350,Low,7770,Existing User,27,,Approved,No,No,desktop,MacOS,gmail.com,0
3495565,2025-06-04 01:42:31,50,american express,credit,john.chan850@gmail.com,374301,Low,9623,Existing User,18,,Approved,No,No,desktop,Windows,,0
3068639,2025-01-21 04:53:23,64.713,visa,credit,lisa.ong598@gmail.com,479235,Low,1571,New User,44,,Approved,No,No,desktop,Windows,gmail.com,0
3367963,2025-04-21 10:57:04,150,visa,debit,sarah.wong555@gmail.com,475129,Low,2440,Existing User,33,,Approved,No,No,desktop,Windows,gmail.com,0
3221186,2025-03-06 01:13:50,77.338,mastercard,credit,sarah.goh590@gmail.com,515584,Low,2327,New User,44,,Approved,Yes,No,mobile,rv:58.0,gmail.com,1
3078107,2025-01-22 22:04:29,25,visa,debit,sarah.ng732@anonymous.com,405985,Medium,8040,New User,71,ANONYMOUS_EMAIL,Rejected,No,No,mobile,iOS Device,anonymous.com,0
3058430,2025-01-19 15:18:57,100,visa,credit,tom.ong285@gmail.com,489898,Low,6461,New User,41,,Approved,No,No,desktop,Windows,gmail.com,0
3050655,2025-01-17 18:15:27,50,visa,credit,alex.goh75@icloud.com,421138,Low,6557,New User,49,,Approved,No,No,mobile,iOS Device,icloud.com,0
3138074,2025-02-05 23:24:37,18.656,visa,credit,david.chan139@gmail.com,463183,Low,6295,Existing User,28,,Approved,Yes,No,desktop,Windows,gmail.com,1
3537387,2025-06-18 03:25:41,23.67,visa,debit,tom.chan603@hotmail.com,424962,Medium,2704,New User,50,,Approved,No,No,desktop,Windows,hotmail.com,0
3139583,2025-02-06 15:47:20,25.419,visa,credit,lisa.wong419@gmail.com,434449,Low,1457,Existing User,29,,Approved,Yes,No,mobile,SM-G530H Build/KTU84P,gmail.com,1
3095862,2025-01-25 20:12:54,200,visa,credit,david.goh801@gmail.com,465900,Low,3896,New User,42,,Approved,No,No,mobile,iOS Device,gmail.com,0
3394285,2025-04-29 23:55:12,50,visa,credit,alex.ong972@gmail.com,409532,Low,6125,Existing User,31,,Approved,No,No,mobile,iOS Device,gmail.com,0
3069416,2025-01-21 14:33:13,100,visa,credit,mike.tan703@gmail.com,453886,Low,2623,Existing User,29,,Approved,No,No,desktop,MacOS,,0
3112858,2025-01-29 20:36:55,64.713,visa,debit,amy.tan52@gmail.com,420308,Low,6969,Existing User,43,,Approved,No,No,desktop,0,gmail.com,0
3033065,2025-01-13 19:01:53,25,visa,debit,sarah.goh26@gmail.com,439465,Low,7992,Existing User,38,,Approved,No,No,mobile,iOS Device,gmail.com,0
3030976,2025-01-13 02:53:02,133.041,visa,credit,david.goh443@hotmail.com,416892,Low,6004,Existing User,26,,Approved,No,No,desktop,Windows,hotmail.com,0
3080989,2025-01-23 14:32:38,100,mastercard,debit,sarah.wong727@gmail.com,527109,Low,6817,Existing User,35,,Approved,No,No,desktop,Windows,,0
3421544,2025-05-08 01:54:42,21.088,mastercard,debit,amy.wong719@outlook.com,556269,Low,9979,New User,46,,Approved,No,No,desktop,Windows,outlook.com,0
3010999,2025-01-08 00:47:34,350,visa,credit,anna.chan610@anonymous.com,458100,Medium,2361,Existing User,64,,Approved,No,No,desktop,Trident/7.0,anonymous.com,0
3218383,2025-03-05 14:29:33,100,mastercard,credit,amy.wong918@anonymous.com,536418,Low,6335,Existing User,44,,Approved,No,Yes,desktop,Trident/7.0,anonymous.com,0
3040991,2025-01-15 17:13:52,300,american express,credit,sarah.teo146@aol.com,372261,Low,6387,Existing User,43,,Approved,No,No,mobile,iOS Device,aol.com,0
3532131,2025-06-16 14:34:31,59.759,visa,credit,lisa.lee282@gmail.com,437591,Low,8307,Existing User,48,,Approved,Yes,No,mobile,0,gmail.com,1
3004871,2025-01-06 15:30:18,200,mastercard,credit,amy.ong719@anonymous.com,558208,Low,6363,Existing User,47,,Approved,No,No,desktop,Windows,anonymous.com,0
3199058,2025-02-26 22:16:10,15,mastercard,debit,david.teo500@hotmail.com,535956,Low,8827,Existing User,33,,Approved,No,No,desktop,Windows,,0
3071772,2025-01-21 20:30:54,50,mastercard,credit,jason.koh770@yahoo.com,548254,Low,8845,Existing User,37,,Approved,No,No,mobile,iOS Device,yahoo.com,0
3397878,2025-05-01 01:36:10,19.455,mastercard,debit,alex.koh877@gmail.com,516494,Low,8787,Existing User,26,,Approved,No,No,desktop,Windows,gmail.com,0
3221647,2025-03-06 03:55:32,57.882,visa,credit,mike.wong362@anonymous.com,452344,Medium,9555,Existing User,53,,Approved,No,No,desktop,Trident/7.0,anonymous.com,0
3410815,2025-05-05 01:28:09,100,mastercard,credit,alex.lee387@live.com,555622,Low,5569,Existing User,33,,Approved,No,No,mobile,SM-G920V Build/NRD90M,live.com,0
3512289,2025-06-09 19:54:26,10,visa,debit,lisa.ong317@yahoo.com,479524,Low,1582,Existing User,24,,Approved,No,No,desktop,Windows,,0
3093472,2025-01-25 14:31:10,200,discover,credit,david.koh620@comcast.net,644956,Low,1271,New User,32,,Approved,No,No,desktop,Trident/7.0,comcast.net,0
3524864,2025-06-13 23:38:31,3.935,mastercard,debit,alex.lim99@anonymous.com,559596,Medium,1105,Existing User,64,ANONYMOUS_EMAIL,Rejected,No,No,mobile,SM-G955F Build/R16NW,anonymous.com,0
3495726,2025-06-04 02:52:34,26.129,mastercard,debit,david.goh189@hotmail.com,541529,Low,5888,Existing User,29,,Approved,No,No,desktop,SM-G531H Build/LMY48B,hotmail.com,0
3086356,2025-01-24 02:05:13,50,visa,debit,john.ong562@comcast.net,470611,Low,5596,Existing User,22,,Approved,No,No,desktop,Windows,comcast.net,0
3034841,2025-01-14 01:45:30,100,discover,credit,mike.ng738@gmail.com,632317,Low,7508,New User,39,,Approved,No,No,desktop,Windows,gmail.com,0
3100974,2025-01-26 16:41:38,75,american express,credit,alex.lim375@gmail.com,373326,Low,3172,Existing User,40,,Approved,No,No,mobile,iOS Device,gmail.com,0
3095605,2025-01-25 19:45:13,200,visa,credit,sarah.goh820@yahoo.com,430332,Low,3570,Existing User,26,,Approved,No,No,desktop,Windows,yahoo.com,0
3102455,2025-01-26 20:48:46,50,visa,credit,mike.teo551@gmail.com,486602,Low,6471,Existing User,23,,Approved,No,No,mobile,iOS Device,gmail.com,0
3017392,2025-01-09 19:51:04,20.288,visa,credit,anna.koh404@hotmail.com,408024,Low,2636,New User,33,,Approved,No,No,desktop,Windows,hotmail.com,0
3450373,2025-05-18 22:07:03,74.083,visa,debit,jason.goh424@live.com.mx,498402,Low,6670,Existing User,21,,Approved,No,No,desktop,Windows,live.com.mx,0
3305172,2025-04-02 17:12:06,4.109,visa,credit,david.ng600@gmail.com,403972,Low,1837,Existing User,30,,Approved,No,No,desktop,Windows,,0
3027678,2025-01-12 15:41:50,150,visa,credit,mike.ng865@hotmail.com,462367,Low,9537,Existing User,39,,Approved,Yes,No,mobile,iOS Device,hotmail.com,0
3098085,2025-01-26 01:35:20,50,visa,debit,alex.teo353@gmail.com,409703,Low,6901,Existing User,26,,Approved,No,No,desktop,Windows,gmail.com,0
3186051,2025-02-22 01:19:07,83.952,visa,debit,anna.koh394@gmail.com,472791,Low,9930,Existing User,39,,Approved,No,No,desktop,0,gmail.com,0
3568255,2025-06-29 16:09:39,30,visa,credit,david.goh478@hotmail.com,428105,Low,6999,New User,45,,Approved,No,Yes,mobile,iOS Device,hotmail.com,0
3109189,2025-01-28 19:21:49,23.203,visa,credit,lisa.ong997@gmail.com,477625,Low,3658,Existing User,21,,Approved,No,No,desktop,Windows,gmail.com,0
3466581,2025-05-25 00:44:34,50,discover,credit,amy.lim324@gmail.com,621596,Low,8605,Existing User,22,,Approved,No,No,desktop,Windows,gmail.com,0
3004645,2025-01-06 14:29:42,38.669,visa,credit,alex.lee918@gmail.com,427535,Low,8322,Existing User,29,,Approved,Yes,No,desktop,Windows,gmail.com,1
3054212,2025-01-18 17:09:05,125,visa,credit,david.goh850@gmail.com,404383,Low,4353,Existing User,29,,Approved,No,No,mobile,iOS Device,gmail.com,0
3318928,2025-04-05 15:55:25,20,visa,debit,jason.goh529@yahoo.com,415918,Low,4138,New User,41,,Approved,No,No,desktop,Windows,,0
3432796,2025-05-12 04:55:27,40.454,mastercard,credit,david.lee398@gmail.com,514149,Low,1352,Existing User,29,,Approved,Yes,No,desktop,0,gmail.com,1
3418910,2025-05-07 06:58:05,84.842,visa,debit,tom.ng982@gmail.com,430795,Low,3806,Existing User,20,,Approved,No,No,desktop,Windows,gmail.com,0
3086223,2025-01-24 01:39:05,81.387,visa,debit,john.ng771@hotmail.com,404747,Low,7937,Existing User,32,,Approved,No,No,mobile,LG-H650 Build/MRA58K,hotmail.com,0
3014524,2025-01-08 23:42:21,300,visa,credit,david.wong966@me.com,403830,Medium,4766,New User,59,,Approved,No,No,mobile,iOS Device,me.com,0
3020017,2025-01-10 15:15:27,450,visa,credit,mike.lee366@rocketmail.com,442675,Low,8602,Existing User,49,,Approved,No,No,mobile,SAMSUNG-SM-G935A Build/NRD90M,rocketmail.com,0
3139254,2025-02-06 13:52:11,114.584,visa,debit,mike.wong167@live.com,484610,Low,1433,Existing User,35,,Approved,No,No,desktop,Windows,live.com,0
2991198,2025-01-02 21:16:16,35.044,visa,credit,mike.koh529@gmail.com,489103,Low,4861,Existing User,26,,Approved,No,No,desktop,0,gmail.com,0
3093948,2025-01-25 16:04:15,15,visa,debit,david.tan52@gmail.com,470804,Low,2117,New User,46,,Approved,No,No,mobile,Moto G (4) Build/NPJ25.93-14.7,gmail.com,0
3288645,2025-03-28 02:33:34,44.107,mastercard,credit,lisa.wong450@hotmail.com,519142,Low,3004,New User,42,,Approved,Yes,No,desktop,0,hotmail.com,1
3404862,2025-05-03 02:00:25,50,visa,debit,david.goh834@comcast.net,456177,Low,6937,Existing User,36,,Approved,No,No,mobile,Pixel 2 XL Build/OPM1.171019.021,comcast.net,0
3278377,2025-03-25 00:32:22,68.879,visa,credit,tom.chan834@hotmail.com,490449,Low,8613,New User,31,,Approved,No,No,desktop,Windows,hotmail.com,0
3068474,2025-01-21 04:00:58,50,visa,credit,sarah.chan644@gmail.com,460887,Low,7141,Existing User,24,,Approved,No,No,desktop,MacOS,gmail.com,0
3564912,2025-06-27 22:06:44,32.031,visa,credit,amy.goh274@anonymous.com,472129,Low,5063,Existing User,45,,Approved,No,No,mobile,RNE-L22 Build/HUAWEIRNE-L22,anonymous.com,0
3226153,2025-03-07 06:17:28,11.238,visa,debit,anna.teo965@hotmail.com,429230,Low,7190,Existing User,40,,Approved,Yes,No,desktop,0,hotmail.com,1
3303167,2025-04-02 01:07:06,69.785,visa,debit,john.ng279@yahoo.com,459717,Low,8291,New User,37,,Approved,No,No,desktop,Windows,yahoo.com,0
3370402,2025-04-22 01:36:05,200,visa,credit,lisa.goh729@gmail.com,413787,Low,3197,Existing User,19,,Approved,No,No,desktop,Windows,gmail.com,0
3061220,2025-01-19 22:28:02,30,mastercard,debit,mike.wong771@gmail.com,555950,Low,5707,New User,45,,Approved,No,No,mobile,iOS Device,gmail.com,0
3101742,2025-01-26 18:34:15,75,visa,debit,lisa.ng368@gmail.com,468407,Low,9590,Existing User,39,,Approved,No,No,mobile,iOS Device,gmail.com,0
3380090,2025-04-25 01:50:27,19.939,visa,debit,jason.tan59@gmail.com,409772,Low,6390,Existing User,46,,Approved,No,No,mobile,0,gmail.com,0
3443272,2025-05-15 23:30:59,25,visa,debit,jason.teo219@yahoo.com,452842,Low,4914,Existing User,40,,Approved,No,No,mobile,iOS Device,yahoo.com,0
3102423,2025-01-26 20:41:21,100,visa,credit,amy.chan897@gmail.com,411047,Low,7607,Existing User,38,,Approved,No,No,mobile,iOS Device,gmail.com,0
3058522,2025-01-19 15:35:17,20.988,visa,debit,david.ng104@gmail.com,494328,Low,1489,Existing User,29,,Approved,No,No,desktop,Windows,gmail.com,0
3455046,2025-05-20 16:33:30,141.404,visa,debit,anna.teo305@gmail.com,457014,Low,7738,Existing User,25,,Approved,Yes,No,mobile,rv:59.0,gmail.com,1
3452315,2025-05-19 16:37:59,73,visa,credit,amy.lee256@hotmail.com,458777,Low,2638,New User,48,,Approved,Yes,No,mobile,iOS Device,hotmail.com,1
3388895,2025-04-28 05:36:18,29.183,visa,debit,anna.goh449@gmail.com,421960,Low,8787,Existing User,27,,Approved,Yes,No,mobile,SM-N920V Build/NRD90M,gmail.com,1
3308906,2025-04-03 15:59:52,125,american express,credit,jason.ong719@cox.net,377887,Low,4624,Existing User,26,,Approved,No,No,desktop,Windows,cox.net,0
3518652,2025-06-11 23:12:32,100,mastercard,debit,john.lee296@aol.com,527526,Low,1801,New User,42,,Approved,No,No,desktop,Windows,aol.com,0
3071504,2025-01-21 19:47:51,100,visa,debit,amy.tan501@gmail.com,483538,Low,2662,Existing User,42,,Approved,No,No,mobile,SM-G950U Build/NRD90M,gmail.com,0
3053613,2025-01-18 13:58:38,50,visa,credit,sarah.lee550@aol.com,494674,Low,5178,Existing User,18,,Approved,No,No,desktop,MacOS,aol.com,0
3382934,2025-04-26 03:55:34,9.667,visa,debit,alex.lee351@gmail.com,414796,Low,8150,Existing User,31,,Approved,Yes,No,mobile,SM-G800M Build/KOT49H,gmail.com,1
3486462,2025-06-01 15:29:52,46.417,visa,credit,tom.goh592@gmail.com,406003,Low,8938,Existing User,22,,Approved,No,Yes,mobile,SM-G955F Build/NRD90M,gmail.com,0
3141197,2025-02-06 21:45:49,108.846,visa,credit,david.tan191@live.com.mx,458695,Low,8277,Existing User,23,,Approved,No,No,desktop,Windows,live.com.mx,0
3003909,2025-01-06 03:10:14,45.859,mastercard,credit,tom.lim988@hotmail.com,523846,Low,9216,New User,42,,Approved,No,No,desktop,rv:57.0,hotmail.com,0
3097983,2025-01-26 01:14:11,18.412,mastercard,debit,lisa.wong18@gmail.com,554318,Low,2055,Existing User,44,,Approved,No,No,desktop,0,gmail.com,0
3378854,2025-04-24 20:06:24,40.723,mastercard,debit,mike.goh414@anonymous.com,533103,Medium,7864,New User,62,,Approved,No,No,desktop,Windows,anonymous.com,0
3016986,2025-01-09 18:31:22,41.859,mastercard,credit,mike.lim206@gmail.com,519387,Low,9015,New User,40,,Approved,No,No,desktop,Windows,gmail.com,0
3225058,2025-03-06 23:31:51,150,visa,credit,sarah.lim383@gmail.com,419051,Low,5183,Existing User,25,,Approved,No,No,desktop,Windows,gmail.com,0
3480638,2025-05-30 00:10:08,150,visa,debit,alex.lim582@anonymous.com,445139,Medium,5806,Existing User,57,,Approved,No,No,desktop,Windows,anonymous.com,0
3574202,2025-07-01 20:51:55,25,visa,credit,alex.lim861@anonymous.com,492699,Medium,2461,Existing User,64,ANONYMOUS_EMAIL,Rejected,No,No,mobile,iOS Device,anonymous.com,0
3102414,2025-01-26 20:39:26,100,visa,credit,lisa.chan527@anonymous.com,434444,Medium,3293,Existing User,50,,Approved,No,No,desktop,Windows,anonymous.com,0
3115306,2025-01-30 15:15:31,59.233,visa,debit,jason.lee254@gmail.com,483611,Low,7184,Existing User,30,,Approved,No,No,desktop,Windows,gmail.com,0
3235996,2025-03-10 17:35:18,61.326,visa,credit,david.lee624@anonymous.com,434781,Medium,5905,New User,63,ANONYMOUS_EMAIL,Rejected,No,No,desktop,Windows,anonymous.com,0
3063370,2025-01-20 06:15:31,25,mastercard,debit,lisa.ong954@gmail.com,557059,Low,9633,Existing User,28,,Approved,No,No,desktop,Windows,,0
3044713,2025-01-16 14:03:48,150,mastercard,credit,anna.goh471@gmail.com,531867,Low,8505,Existing User,29,,Approved,Yes,No,mobile,iOS Device,gmail.com,1
3365038,2025-04-20 14:10:04,26.706,mastercard,debit,david.chan331@gmail.com,538371,Low,7405,Existing User,29,,Approved,Yes,No,desktop,HUAWEI TAG-L13 Build/HUAWEITAG-L13,gmail.com,0
3122201,2025-02-01 07:15:59,50,american express,credit,john.ng291@gmail.com,370036,Low,3748,Existing User,31,,Approved,No,No,desktop,0,gmail.com,0
3167790,2025-02-15 23:53:00,11.543,visa,debit,alex.teo292@gmail.com,494240,Low,8262,New User,41,,Approved,No,No,mobile,SM-G570M Build/MMB29K,gmail.com,0
3452318,2025-05-19 16:38:59,100,visa,credit,amy.ng854@gmail.com,483390,Low,6773,Existing User,30,,Approved,No,No,0,0,gmail.com,0
3058169,2025-01-19 14:23:28,100,mastercard,credit,tom.ong682@gmail.com,544237,Low,4102,Existing User,22,,Approved,No,No,desktop,Windows,,0
3008509,2025-01-07 14:26:58,100,visa,credit,tom.teo854@me.com,430569,Low,2857,Existing User,22,,Approved,No,No,desktop,MacOS,me.com,0
3453430,2025-05-19 23:04:47,63.878,mastercard,credit,anna.lee367@hotmail.com,545395,Low,2924,New User,42,,Approved,No,No,desktop,Windows,hotmail.com,0
3087374,2025-01-24 13:14:46,100,visa,credit,anna.lim516@hotmail.com,457018,Low,6506,New User,39,,Approved,No,No,desktop,Windows,,0
3321050,2025-04-06 01:50:26,13.292,visa,debit,alex.tan846@hotmail.com,402619,Low,6375,New User,48,,Approved,No,No,desktop,Windows,hotmail.com,0
3049189,2025-01-17 05:48:04,40,visa,debit,lisa.chan534@gmail.com,479287,Low,1301,Existing User,30,,Approved,No,No,mobile,SM-G935T Build/NRD90M,gmail.com,0
3399837,2025-05-01 17:39:35,182.468,visa,credit,mike.tan787@yahoo.com,436763,Low,5697,Existing User,24,,Approved,No,No,mobile,SLA-L23,yahoo.com,0
3342669,2025-04-12 21:13:14,400,mastercard,credit,lisa.goh940@yahoo.com,527973,Low,2903,Existing User,45,,Approved,Yes,No,mobile,iOS Device,yahoo.com,1
3086047,2025-01-24 01:06:49,150,visa,debit,jason.wong9@gmail.com,416270,Low,1336,Existing User,36,,Approved,No,No,mobile,SM-G930V Build/NRD90M,gmail.com,0
3400081,2025-05-01 18:28:30,500,mastercard,credit,david.wong374@anonymous.com,550881,Medium,7949,Existing User,54,,Approved,No,No,desktop,Windows,anonymous.com,0
3053367,2025-01-18 06:07:01,75,visa,debit,tom.ong510@anonymous.com,434719,Medium,6462,Existing User,54,,Approved,No,No,desktop,MacOS,anonymous.com,0
3573902,2025-07-01 19:11:46,10.698,visa,debit,john.ng976@hotmail.com,437941,Low,5764,Existing User,32,,Approved,No,No,desktop,Windows,hotmail.com,0
3418613,2025-05-07 02:35:26,100,visa,credit,sarah.goh870@gmail.com,464664,Low,1187,Existing User,28,,Approved,No,No,mobile,iOS Device,gmail.com,0
3079010,2025-01-23 00:43:33,100,mastercard,credit,alex.wong866@gmail.com,558577,Low,9110,Existing User,33,,Approved,No,No,mobile,iOS Device,gmail.com,0
3298912,2025-03-31 20:54:25,11.419,visa,debit,mike.chan537@gmail.com,496615,Low,1691,Existing User,30,,Approved,No,No,desktop,LG-D320 Build/KOT49I.V10a,gmail.com,0
3394840,2025-04-30 02:57:04,55.586,mastercard,credit,alex.tan882@gmail.com,535699,Low,9631,Existing User,20,,Approved,No,No,desktop,Windows,gmail.com,0
3382691,2025-04-26 01:24:18,130.386,visa,debit,anna.teo506@gmail.com,438198,Low,5699,Existing User,28,,Approved,No,No,desktop,Windows,gmail.com,0
3293226,2025-03-29 23:33:42,10.392,visa,credit,alex.tan616@hotmail.com,413023,Low,6955,New User,44,,Approved,No,No,desktop,Moto G (4) Build/NPJS25.93-14-13,hotmail.com,0
3282989,2025-03-26 17:14:27,63.32,mastercard,credit,tom.lee97@gmail.com,510272,Low,2232,Existing User,23,,Approved,No,No,desktop,Windows,gmail.com,0
3571436,2025-06-30 20:22:31,90,mastercard,debit,amy.ong493@yahoo.com,519594,Medium,6807,New User,62,NEW_USER_RULE,Rejected,No,No,mobile,0,,1
3059034,2025-01-19 16:55:45,150,american express,credit,david.wong184@icloud.com,377116,Low,9525,Existing User,34,,Approved,No,No,desktop,MacOS,icloud.com,0
3477084,2025-05-28 21:25:51,89.776,visa,debit,mike.goh522@gmail.com,411869,Medium,4171,New User,50,,Approved,No,No,desktop,Windows,gmail.com,0
3326247,2025-04-07 17:46:16,95.947,visa,debit,anna.ong674@gmail.com,435874,Low,5265,Existing User,32,,Approved,No,No,mobile,SM-J320FN Build/LMY47V,gmail.com,0
3035255,2025-01-14 03:56:29,24.194,visa,debit,sarah.goh114@gmail.com,493301,Low,2510,Existing User,40,,Approved,No,No,mobile,0,gmail.com,0
3105847,2025-01-27 20:23:27,56.551,visa,debit,amy.tan776@yahoo.com,441053,Low,2299,Existing User,20,,Approved,No,Yes,desktop,Windows,yahoo.com,0
3036246,2025-01-14 16:03:42,150,mastercard,credit,tom.koh595@sbcglobal.net,526772,Low,4634,Existing User,27,,Approved,No,No,0,0,sbcglobal.net,0
3153189,2025-02-10 23:33:50,27.793,visa,credit,david.ong3@anonymous.com,472856,Low,4917,Existing User,40,,Approved,No,No,desktop,Windows,anonymous.com,0
3014102,2025-01-08 21:54:59,150,visa,credit,lisa.ng740@cfl.rr.com,461277,Low,8558,Existing User,26,,Approved,No,No,desktop,Windows,cfl.rr.com,0
3093805,2025-01-25 15:40:29,125,visa,credit,jason.koh398@aol.com,475106,Low,1039,Existing User,22,,Approved,No,No,desktop,Windows,aol.com,0
3170962,2025-02-17 01:57:49,100,mastercard,credit,mike.tan812@hotmail.com,556050,Low,3952,Existing User,25,,Approved,No,No,mobile,iOS Device,hotmail.com,0
3061611,2025-01-19 23:23:57,40,visa,debit,alex.chan110@gmail.com,452796,Low,2486,Existing User,45,,Approved,No,No,mobile,iOS Device,gmail.com,0
3064716,2025-01-20 17:03:38,42.617,visa,debit,lisa.ong757@live.com,418168,Low,9222,Existing User,21,,Approved,No,No,desktop,Windows,live.com,0
3569097,2025-06-29 21:55:33,9.837,mastercard,debit,mike.teo267@hotmail.com,529492,Low,2875,Existing User,37,,Approved,No,No,mobile,SM-J530GM Build/NRD90M,hotmail.com,0
2999850,2025-01-05 03:45:30,134.857,mastercard,credit,lisa.ng614@gmail.com,538554,Low,7696,New User,48,,Approved,Yes,No,desktop,0,gmail.com,1
3384030,2025-04-26 18:47:16,25,visa,debit,alex.koh678@yahoo.com,445591,Low,4138,Existing User,21,,Approved,No,No,desktop,Windows,yahoo.com,0
3486609,2025-06-01 16:15:17,10.759,visa,debit,anna.wong842@hotmail.com,483625,Low,6962,Existing User,32,,Approved,No,No,mobile,SAMSUNG SM-G531H Build/LMY48B,hotmail.com,0
3060879,2025-01-19 21:32:19,200,american express,credit,sarah.tan995@gmail.com,375585,Low,6682,New User,35,,Approved,No,No,desktop,Windows,gmail.com,0
3477027,2025-05-28 21:08:13,50,mastercard,credit,alex.wong772@gmail.com,559725,Low,3574,Existing User,19,,Approved,No,No,desktop,Windows,gmail.com,0
3072163,2025-01-21 21:33:44,17.84,visa,credit,john.teo110@hotmail.com,478967,Low,4255,New User,40,,Approved,No,No,desktop,0,hotmail.com,0
3460816,2025-05-22 18:16:38,30.265,mastercard,credit,anna.lee445@yahoo.com,524686,Low,6305,Existing User,24,,Approved,No,No,desktop,Trident/7.0,yahoo.com,0
3284925,2025-03-27 01:46:49,5.438,mastercard,credit,tom.lim68@hotmail.com,548099,Low,1307,Existing User,24,,Approved,No,No,desktop,Windows,hotmail.com,0
3490609,2025-06-02 17:42:19,250,mastercard,credit,john.lee713@outlook.com,517702,Low,5438,Existing User,33,,Approved,No,No,desktop,Trident/7.0,,0
3040396,2025-01-15 15:21:56,150,visa,credit,david.lee382@gmail.com,471568,Low,3729,Existing User,31,,Approved,No,No,mobile,iOS Device,gmail.com,0
3090922,2025-01-24 22:36:05,100,mastercard,debit,mike.teo275@yahoo.com,549619,Low,9326,Existing User,30,,Approved,No,No,desktop,Trident/7.0,yahoo.com,0
3425061,2025-05-09 05:05:10,37.38,visa,credit,jason.lee80@anonymous.com,474582,Low,9860,Existing User,47,,Approved,No,No,desktop,Windows,anonymous.com,0
3437839,2025-05-14 00:25:57,20.78,visa,debit,david.koh874@hotmail.com,485129,Medium,7572,Existing User,51,,Approved,No,No,mobile,0,hotmail.com,0
2994681,2025-01-03 19:27:14,25,visa,credit,jason.lim909@yahoo.com,424545,Low,3144,Existing User,15,,Approved,No,No,desktop,rv:56.0,yahoo.com,0
3478490,2025-05-29 13:27:13,67.505,visa,credit,amy.lim389@gmail.com,466370,Medium,2478,New User,54,,Approved,No,No,desktop,0,gmail.com,0
3014219,2025-01-08 22:21:14,125,visa,credit,mike.tan628@yahoo.com,429964,Medium,8327,New User,53,,Approved,No,No,mobile,iOS Device,yahoo.com,0
3426324,2025-05-09 19:55:59,200,mastercard,debit,jason.wong677@anonymous.com,555243,Medium,1160,Existing User,56,,Approved,No,No,desktop,Windows,anonymous.com,0
3164989,2025-02-14 21:23:43,37.429,visa,debit,alex.goh120@hotmail.com,447991,Low,9056,Existing User,33,,Approved,No,No,desktop,0,hotmail.com,0
3079503,2025-01-23 02:22:08,100,visa,credit,sarah.tan4@yahoo.com,497678,Low,9258,New User,40,,Approved,No,No,desktop,MacOS,yahoo.com,0
3295914,2025-03-30 22:16:02,50,visa,debit,amy.koh392@hotmail.com,460355,Low,8986,Existing User,29,,Approved,No,No,desktop,Windows,hotmail.com,0
3023345,2025-01-11 05:25:03,50,mastercard,credit,sarah.wong958@gmail.com,517798,Low,8156,New User,38,,Approved,No,No,desktop,MacOS,gmail.com,0
3040860,2025-01-15 16:52:50,50,visa,credit,mike.teo463@yahoo.com,489418,Low,6485,New User,35,,Approved,No,No,desktop,Windows,,0
3041335,2025-01-15 18:23:44,25,visa,debit,sarah.chan913@gmail.com,424415,Low,3870,New User,41,,Approved,No,No,desktop,Windows,gmail.com,0
3353219,2025-04-16 03:57:58,29.666,visa,credit,alex.ong505@hotmail.com,423559,Low,9469,New User,38,,Approved,No,No,mobile,SM-A310M Build/NRD90M,hotmail.com,0
3092898,2025-01-25 05:37:12,250,visa,credit,alex.chan290@gmail.com,440553,Low,8594,New User,47,,Approved,No,No,desktop,Windows,gmail.com,0
3100338,2025-01-26 14:59:35,200,mastercard,credit,alex.tan4@comcast.net,520055,Low,7683,Existing User,28,,Approved,No,No,desktop,MacOS,comcast.net,0
3426709,2025-05-09 22:05:23,10,mastercard,debit,lisa.goh770@yahoo.com,530213,Low,9305,Existing User,42,,Approved,Yes,No,mobile,0,,0
3224109,2025-03-06 20:25:08,73.471,visa,debit,anna.wong748@gmail.com,429204,Low,9110,New User,46,,Approved,No,No,desktop,0,gmail.com,0
3559910,2025-06-26 00:49:22,59.513,mastercard,debit,mike.ng683@anonymous.com,519195,Medium,8271,Existing User,74,,Approved,No,No,mobile,0,anonymous.com,0
3231501,2025-03-09 03:24:14,28.941,mastercard,credit,tom.chan670@live.com,538300,Low,5811,Existing User,33,,Approved,Yes,No,mobile,F80 PIABELLA Build/MRA58K,live.com,0
3524202,2025-06-13 20:12:30,50,mastercard,credit,lisa.ng492@yahoo.com,528291,Low,4478,Existing User,28,,Approved,No,No,mobile,iOS Device,yahoo.com,0
3016506,2025-01-09 16:49:15,100,visa,credit,anna.lee348@anonymous.com,458465,Medium,6123,Existing User,55,,Approved,No,No,desktop,rv:11.0,anonymous.com,0
3147307,2025-02-08 23:48:16,53.403,visa,debit,lisa.ong160@gmx.de,448516,Low,8618,Existing User,42,,Approved,No,No,0,0,gmx.de,0
3444059,2025-05-16 12:00:59,20,visa,debit,tom.lee654@anonymous.com,453150,Medium,7181,Existing User,55,,Approved,No,No,desktop,MacOS,anonymous.com,0
3042414,2025-01-15 21:49:45,29.733,mastercard,debit,tom.wong970@gmail.com,539783,Low,8182,Existing User,24,,Approved,No,No,desktop,Windows,gmail.com,0
3041920,2025-01-15 20:15:53,50,visa,credit,jason.chan522@hotmail.com,468692,Low,1162,Existing User,26,,Approved,No,No,desktop,MacOS,hotmail.com,0
3077500,2025-01-22 20:33:59,57.876,mastercard,debit,jason.lim413@gmail.com,533862,Low,9782,Existing User,25,,Approved,No,No,desktop,rv:57.0,gmail.com,0
3530271,2025-06-15 20:27:45,60,mastercard,debit,anna.lee921@hotmail.com,533990,Low,7341,Existing User,44,,Approved,No,No,mobile,0,,0
3000142,2025-01-05 06:54:26,400,visa,credit,tom.koh684@gmail.com,404494,Low,6369,Existing User,43,,Approved,No,No,desktop,MacOS,gmail.com,0
3532464,2025-06-16 16:36:04,66.03,visa,credit,lisa.lim445@hotmail.com,420888,Low,2066,Existing User,38,,Approved,No,No,mobile,0,hotmail.com,0
3257095,2025-03-17 20:01:00,200,visa,credit,jason.lee575@gmail.com,488065,Low,8668,Existing User,18,,Approved,No,No,desktop,MacOS,gmail.com,0
3546755,2025-06-21 16:15:58,34.183,mastercard,debit,lisa.koh678@gmail.com,520762,Low,2995,Existing User,33,,Approved,No,No,mobile,SM-A310M Build/LMY47X,gmail.com,0
3087366,2025-01-24 13:11:48,60,visa,debit,alex.teo110@gmail.com,437175,Low,7183,Existing User,23,,Approved,No,No,desktop,Windows,gmail.com,0
3548515,2025-06-22 00:44:35,106,mastercard,credit,lisa.teo35@gmail.com,523096,Low,8825,Existing User,40,,Approved,No,No,desktop,0,,0
3195078,2025-02-25 15:28:11,30,visa,debit,jason.ng36@gmail.com,456868,Low,8174,Existing User,33,,Approved,No,No,mobile,LG-K450 Build/MXB48T,gmail.com,0
3054255,2025-01-18 17:18:28,34.747,mastercard,debit,lisa.chan850@hotmail.com,518890,Medium,7762,New User,58,,Approved,Yes,No,desktop,0,hotmail.com,1
3088049,2025-01-24 15:52:04,175,discover,credit,lisa.ong609@anonymous.com,630629,Low,4845,Existing User,46,,Approved,No,No,desktop,Trident/7.0,anonymous.com,0
3273027,2025-03-23 03:59:44,43.382,visa,credit,lisa.tan889@gmail.com,435253,Low,5141,Existing User,33,,Approved,No,No,desktop,0,gmail.com,0
3463823,2025-05-23 20:38:21,22.379,mastercard,debit,jason.koh696@gmail.com,515904,Low,8320,Existing User,32,,Approved,No,No,desktop,Windows,gmail.com,0
3336626,2025-04-10 19:42:45,15.709,mastercard,debit,jason.chan564@hotmail.com,544629,Low,4753,Existing User,32,,Approved,No,No,mobile,PRA-LX3 Build/HUAWEIPRA-LX3,,0
3014224,2025-01-08 22:21:52,92.443,visa,debit,sarah.teo13@gmail.com,438388,Low,6542,Existing User,28,,Approved,No,No,mobile,BV6000,gmail.com,0
3318290,2025-04-05 03:08:38,41.327,mastercard,debit,mike.koh12@gmail.com,552180,Low,3114,New User,39,,Approved,No,No,desktop,Moto E (4) Build/NMA26.42-69,gmail.com,0
3514374,2025-06-10 15:20:43,15.37,mastercard,debit,david.koh399@gmail.com,557478,Low,2660,Existing User,39,,Approved,No,No,desktop,0,gmail.com,0
3116109,2025-01-30 17:57:30,175,visa,credit,amy.lee423@anonymous.com,428305,Medium,3017,New User,55,,Approved,No,No,desktop,Windows,anonymous.com,0
3477855,2025-05-29 01:37:29,41.192,mastercard,debit,mike.lim707@outlook.es,516586,Low,9582,New User,47,,Approved,No,No,mobile,SM-J500M Build/LMY48B,outlook.es,0
3266354,2025-03-20 18:44:36,150,mastercard,credit,anna.goh545@yahoo.com,553897,Low,9005,Existing User,23,,Approved,No,Yes,desktop,Windows,yahoo.com,0
3333939,2025-04-09 22:55:10,100,visa,credit,tom.goh278@hotmail.com,457465,Low,4641,Existing User,25,,Approved,No,No,desktop,Windows,hotmail.com,0
3089774,2025-01-24 19:52:57,50,visa,debit,alex.koh154@gmail.com,481731,Low,8949,Existing User,34,,Approved,No,No,desktop,Windows,gmail.com,0
3550215,2025-06-22 18:09:00,200,mastercard,credit,mike.ng758@anonymous.com,548678,Medium,4166,New User,58,,Approved,No,No,desktop,MacOS,anonymous.com,0
3014989,2025-01-09 01:49:27,150,visa,credit,lisa.lee425@anonymous.com,428520,Low,2079,Existing User,48,,Approved,No,No,desktop,MDDRJS,anonymous.com,0
2990332,2025-01-02 18:55:13,32.325,mastercard,credit,tom.wong961@yahoo.com.mx,525949,Low,6692,Existing User,35,,Approved,No,No,desktop,0,yahoo.com.mx,0
3147133,2025-02-08 22:49:10,4.547,visa,debit,david.lee422@gmail.com,434903,Low,4686,Existing User,45,,Approved,No,No,mobile,0,gmail.com,0
3387920,2025-04-27 23:17:47,100,mastercard,credit,david.koh72@yahoo.com,531757,Low,5237,Existing User,38,,Approved,No,No,mobile,iOS Device,yahoo.com,0
3129654,2025-02-03 22:07:40,57.542,visa,debit,mike.tan909@gmail.com,451161,Low,4253,Existing User,29,,Approved,No,No,desktop,Windows,gmail.com,0
3105403,2025-01-27 18:48:25,50,visa,credit,anna.lim377@comcast.net,461459,Low,4947,Existing User,15,,Approved,No,No,desktop,Windows,comcast.net,0
3047827,2025-01-16 23:07:35,23.087,visa,debit,lisa.teo787@gmail.com,488320,Low,5113,New User,41,,Approved,No,No,mobile,moto x4 Build/NPW26.83-18-2-0-4,gmail.com,0
3168561,2025-02-16 09:39:17,13.992,mastercard,debit,alex.chan695@gmail.com,522759,Low,5132,Existing User,45,,Approved,No,No,mobile,0,gmail.com,0
3004525,2025-01-06 13:43:24,22.116,visa,debit,mike.ng480@gmail.com,426771,Low,5274,Existing User,39,,Approved,No,No,0,0,gmail.com,0
3090197,2025-01-24 20:47:53,150,mastercard,credit,mike.ng127@yahoo.com,538416,Low,5764,Existing User,20,,Approved,No,No,desktop,Windows,yahoo.com,0
3575093,2025-07-02 02:05:17,8.115,visa,credit,john.chan563@anonymous.com,448139,Low,6415,Existing User,47,,Approved,Yes,No,desktop,Windows,anonymous.com,1
3263943,2025-03-19 21:45:53,67.67,mastercard,credit,amy.ng849@gmail.com,557655,Low,8876,New User,45,,Approved,No,No,desktop,Windows,gmail.com,0
3480949,2025-05-30 02:22:46,30,visa,debit,anna.chan739@outlook.com,432916,Low,9950,Existing User,38,,Approved,No,No,desktop,MacOS,,0
3325767,2025-04-07 15:08:35,50,mastercard,credit,amy.ng639@gmail.com,555779,Low,9942,Existing User,20,,Approved,No,No,desktop,Windows,,0
3537457,2025-06-18 04:15:19,50,visa,debit,alex.ong11@gmail.com,443205,Low,2937,Existing User,44,,Approved,No,No,mobile,iOS Device,gmail.com,0
3411787,2025-05-05 13:09:39,800,visa,credit,jason.ong89@hotmail.com,423082,Medium,6270,New User,64,HIGH_AMOUNT,Rejected,No,No,0,0,,0
3171284,2025-02-17 04:44:14,49.788,mastercard,debit,tom.chan953@anonymous.com,556654,Medium,8168,Existing User,55,,Approved,No,No,mobile,HTC Desire 530 Build/MMB29M,anonymous.com,0
3053007,2025-01-18 02:34:18,50,mastercard,credit,jason.lee439@yahoo.com,511196,Low,9102,New User,44,,Approved,No,No,mobile,R1,yahoo.com,0
3421878,2025-05-08 05:42:24,8.361,visa,credit,mike.chan701@hotmail.com,466404,Low,3578,Existing User,35,,Approved,Yes,No,mobile,SM-A300H Build/LRX22G,hotmail.com,1
3091858,2025-01-25 01:01:33,107.039,visa,credit,mike.ong459@hotmail.com,426880,Low,8728,Existing User,33,,Approved,No,No,desktop,0,hotmail.com,0
3432242,2025-05-12 00:20:13,50,visa,debit,alex.teo12@hotmail.com,443338,Low,6460,Existing User,33,,Approved,No,No,0,0,hotmail.com,0
3042293,2025-01-15 21:25:34,50,discover,credit,mike.koh693@yahoo.com,658270,Low,8100,Existing User,19,,Approved,No,No,desktop,Trident/7.0,yahoo.com,0
3149474,2025-02-09 19:53:56,100,visa,credit,amy.lee784@yahoo.com,432226,Low,3616,Existing User,29,,Approved,No,No,mobile,iOS Device,yahoo.com,0
3167731,2025-02-15 23:29:49,19.923,visa,debit,david.lim62@hotmail.com,456890,Low,2241,New User,40,,Approved,No,No,desktop,Windows,hotmail.com,0
3344367,2025-04-13 13:52:30,51.357,visa,debit,alex.teo270@hotmail.com,485779,Low,4059,New User,44,,Approved,Yes,No,mobile,XT1650 Build/NPLS26.118-20-5-11,,1
3449741,2025-05-18 19:19:48,100,mastercard,credit,amy.lim836@anonymous.com,544700,Low,3382,Existing User,41,,Approved,No,No,desktop,Trident/7.0,anonymous.com,0
3066598,2025-01-20 22:01:20,500,american express,credit,amy.koh220@yahoo.com,377475,Medium,7169,New User,62,HIGH_AMOUNT,Rejected,No,No,mobile,iOS Device,yahoo.com,0
3391833,2025-04-29 04:56:28,42.898,visa,debit,anna.wong281@hotmail.com,420397,Low,3287,Existing User,23,,Approved,No,No,desktop,Trident/7.0,hotmail.com,0
3097531,2025-01-25 23:56:48,100,mastercard,credit,jason.lim137@anonymous.com,545031,Medium,3125,New User,62,,Approved,No,No,desktop,Windows,anonymous.com,0
3526151,2025-06-14 15:09:49,183.149,visa,debit,amy.koh785@hotmail.com,464343,Low,2802,Existing User,32,,Approved,No,No,mobile,SAMSUNG-SM-G920AZ,hotmail.com,0
3024158,2025-01-11 17:35:48,74.507,visa,debit,lisa.tan199@gmail.com,430392,Low,6429,Existing User,36,,Approved,No,No,desktop,0,gmail.com,0
3025886,2025-01-11 23:47:36,100,visa,credit,sarah.ng475@comcast.net,417621,Low,8035,Existing User,18,,Approved,No,No,desktop,Windows,comcast.net,0
3065272,2025-01-20 18:26:00,74.507,visa,credit,amy.tan936@anonymous.com,476492,Low,4237,Existing User,48,,Approved,No,Yes,desktop,rv:35.0,anonymous.com,0
3326968,2025-04-07 21:04:18,8.641,mastercard,debit,amy.ng33@anonymous.com,531286,High,6335,New User,93,HIGH_RISK_SCORE,Rejected,No,No,mobile,0,anonymous.com,0
3024312,2025-01-11 18:12:54,50,discover,credit,amy.ong392@yahoo.com,620482,Low,5795,Existing User,17,,Approved,No,No,desktop,MacOS,yahoo.com,0
3158253,2025-02-12 20:06:03,64.013,visa,debit,jason.koh741@gmail.com,473137,Low,8046,Existing User,45,,Approved,No,No,desktop,0,gmail.com,0
3065875,2025-01-20 20:03:32,1000,mastercard,credit,anna.chan492@anonymous.com,518405,Medium,9812,Existing User,68,,Approved,No,No,desktop,Windows,anonymous.com,0
3049135,2025-01-17 05:03:59,100,visa,debit,mike.wong603@anonymous.com,421150,Medium,3799,Existing User,69,ANONYMOUS_EMAIL,Rejected,No,No,0,0,anonymous.com,0
3241317,2025-03-12 06:31:12,25,visa,credit,tom.wong796@sbcglobal.net,461075,Low,4001,New User,37,,Approved,No,No,desktop,Windows,sbcglobal.net,0
3532117,2025-06-16 14:32:11,106,mastercard,credit,anna.wong159@hotmail.com,521518,Low,7069,Existing User,19,,Approved,No,No,desktop,Windows,,0
3208074,2025-03-02 01:32:34,50,visa,credit,jason.teo545@gmail.com,477464,Low,1619,Existing User,27,,Approved,No,No,desktop,Windows,gmail.com,0
3092728,2025-01-25 04:27:14,90,mastercard,debit,jason.koh916@gmail.com,536494,Low,4198,Existing User,31,,Approved,No,No,mobile,SM-G950U Build/NRD90M,gmail.com,0
3282558,2025-03-26 15:13:07,150,visa,credit,david.koh578@anonymous.com,413896,Low,3701,Existing User,44,,Approved,No,No,desktop,Trident/7.0,anonymous.com,0
3482985,2025-05-31 00:36:12,130.215,mastercard,credit,john.chan409@anonymous.com,536572,Low,3493,Existing User,48,,Approved,No,No,desktop,Windows,anonymous.com,0
3201032,2025-02-27 17:15:28,10.028,visa,debit,sarah.chan322@hotmail.com,422188,Medium,5340,New User,51,,Approved,No,No,mobile,Moto E (4) Build/NMA26.42-19,hotmail.com,0
3274495,2025-03-23 19:57:12,21.49,visa,debit,mike.lee851@gmail.com,421707,Low,4221,Existing User,28,,Approved,No,No,desktop,Windows,gmail.com,0
3303458,2025-04-02 02:31:09,33.352,visa,debit,alex.ng570@gmail.com,475757,Low,9644,Existing User,34,,Approved,No,No,desktop,rv:39.0,gmail.com,0
3118597,2025-01-31 02:46:35,200,mastercard,credit,david.lee494@gmail.com,530573,Low,3648,New User,45,,Approved,No,No,desktop,rv:57.0,gmail.com,0
3178333,2025-02-19 17:52:58,25,visa,debit,lisa.wong471@hotmail.com,488060,Low,9656,Existing User,31,,Approved,No,No,0,0,,0
3088575,2025-01-24 17:11:22,100,visa,debit,lisa.lim116@gmail.com,405104,Low,1677,Existing User,31,,Approved,No,No,mobile,iOS Device,gmail.com,0
2987726,2025-01-02 03:53:25,30,visa,debit,jason.teo828@hotmail.com,461142,Low,9570,Existing User,43,,Approved,No,No,mobile,iOS Device,hotmail.com,0
3493211,2025-06-03 13:42:38,15,visa,debit,lisa.tan782@gmail.com,495011,Low,4286,Existing User,34,,Approved,No,No,desktop,Windows,,0
3259461,2025-03-18 15:32:50,150,american express,credit,jason.ng999@yahoo.com,370885,Low,2216,Existing User,20,,Approved,No,No,desktop,Windows,yahoo.com,0
3130670,2025-02-04 02:34:46,100,visa,credit,david.chan315@aol.com,462146,Low,7081,Existing User,26,,Approved,No,Yes,desktop,0,aol.com,0
3516332,2025-06-11 02:37:48,26.805,visa,debit,mike.chan506@outlook.com,493777,Low,1709,Existing User,22,,Approved,No,No,desktop,Windows,outlook.com,0
3062982,2025-01-20 03:42:12,50,visa,debit,lisa.teo824@gmail.com,433294,Low,7257,Existing User,39,,Approved,Yes,No,desktop,MacOS,gmail.com,0
3565663,2025-06-28 05:56:55,120.255,mastercard,credit,tom.wong363@hotmail.com,510655,Low,3564,Existing User,28,,Approved,No,No,desktop,Windows,hotmail.com,0
3018065,2025-01-09 22:05:16,150,visa,credit,anna.koh916@yahoo.com,486497,Low,6176,Existing User,31,,Approved,No,No,mobile,iOS Device,yahoo.com,0
3076971,2025-01-22 19:17:16,50,mastercard,debit,tom.lim849@anonymous.com,553724,Medium,5048,New User,69,ANONYMOUS_EMAIL,Rejected,No,No,desktop,MacOS,anonymous.com,0
3275694,2025-03-24 02:21:27,64.046,visa,debit,mike.lim851@live.com.mx,456917,Low,3490,Existing User,40,,Approved,No,No,mobile,RNE-L03 Build/HUAWEIRNE-L03,live.com.mx,0
3337019,2025-04-10 21:18:47,38.065,visa,debit,alex.ng984@hotmail.com,493125,Low,2465,Existing User,29,,Approved,No,No,desktop,Windows,,0
3258031,2025-03-18 00:43:17,300,visa,credit,mike.lim654@gmail.com,492583,Medium,3396,New User,53,,Approved,No,No,mobile,iOS Device,gmail.com,0
3054132,2025-01-18 16:52:48,22.504,mastercard,debit,alex.ng265@gmail.com,523088,Low,3768,Existing User,36,,Approved,No,No,mobile,ALE-L23 Build/HuaweiALE-L23,gmail.com,0
3044470,2025-01-16 12:36:42,100,visa,credit,tom.chan177@aol.com,463151,Low,4697,Existing User,24,,Approved,No,No,desktop,MacOS,aol.com,0
2989603,2025-01-02 17:01:01,150,american express,credit,david.lim625@aol.com,375950,Low,3996,Existing User,25,,Approved,No,No,desktop,MacOS,aol.com,0
3548460,2025-06-22 00:38:31,106,mastercard,credit,lisa.chan534@gmail.com,539829,Low,5820,Existing User,32,,Approved,No,Yes,desktop,0,,0
3399265,2025-05-01 15:32:43,50,mastercard,credit,amy.goh154@anonymous.com,522573,High,9184,New User,75,HIGH_RISK_SCORE,Rejected,No,No,mobile,iOS Device,anonymous.com,0
2999836,2025-01-05 03:37:38,100,visa,credit,john.teo278@yahoo.com,484360,Low,6297,Existing User,34,,Approved,No,No,mobile,SM-T520,yahoo.com,0
3546552,2025-06-21 15:31:05,106,mastercard,credit,david.ng421@yahoo.com,547902,Low,7820,Existing User,23,,Approved,No,No,desktop,Windows,,0
3117079,2025-01-30 21:02:01,50,mastercard,debit,john.ng276@hotmail.com,511753,Low,3668,Existing User,22,,Approved,No,No,desktop,Windows,hotmail.com,0
3071259,2025-01-21 19:08:34,25,mastercard,credit,mike.lee759@gmail.com,526593,Low,3983,New User,42,,Approved,No,No,desktop,rv:11.0,gmail.com,0
3014687,2025-01-09 00:24:09,5.772,visa,credit,sarah.koh818@anonymous.com,439476,Medium,4432,Existing User,70,,Approved,No,No,mobile,0,anonymous.com,0
3105153,2025-01-27 17:51:58,300,mastercard,credit,tom.ong568@anonymous.com,514809,High,4430,New User,80,EMAIL_VELOCITY,Rejected,No,Yes,mobile,iOS Device,anonymous.com,0
3189446,2025-02-23 16:21:31,12.126,mastercard,credit,david.chan285@gmail.com,517711,Medium,6763,New User,55,,Approved,No,No,desktop,0,gmail.com,0
3416355,2025-05-06 16:14:44,8.194,mastercard,credit,mike.tan378@gmail.com,511452,Low,7610,Existing User,25,,Approved,No,No,desktop,Windows,gmail.com,0
3476443,2025-05-28 17:49:26,150,visa,debit,jason.tan851@anonymous.com,425252,Medium,7228,New User,63,ANONYMOUS_EMAIL,Rejected,No,No,desktop,Trident/7.0,anonymous.com,0
3170859,2025-02-17 01:20:32,42.559,visa,credit,john.ng719@hotmail.com,435826,Low,5749,Existing User,44,,Approved,No,No,mobile,0,hotmail.com,0
3265927,2025-03-20 16:46:51,15.709,visa,debit,tom.goh279@gmail.com,432028,Low,1352,Existing User,37,,Approved,No,No,desktop,0,gmail.com,0
3076353,2025-01-22 17:55:39,25,visa,credit,mike.ong616@hotmail.com,409815,Low,9491,Existing User,30,,Approved,No,No,desktop,Windows,,0
3026399,2025-01-12 01:55:21,75,visa,credit,mike.koh331@hotmail.com,453828,Low,7654,Existing User,26,,Approved,No,No,mobile,KFTHWI Build/KTU84M,hotmail.com,0
3428609,2025-05-10 19:46:18,17.46,mastercard,debit,anna.lim971@gmail.com,541143,Low,3179,Existing User,44,,Approved,No,No,mobile,0,gmail.com,0
3121098,2025-01-31 22:54:48,50,visa,credit,anna.tan484@hotmail.com,459933,Low,5328,Existing User,28,,Approved,No,No,desktop,MacOS,hotmail.com,0
3402908,2025-05-02 16:13:02,50,american express,credit,john.ng925@comcast.net,373466,Low,3487,Existing User,16,,Approved,No,No,desktop,Windows,comcast.net,0
3431020,2025-05-11 17:48:38,50,visa,credit,jason.goh387@gmail.com,445563,Low,1729,Existing User,37,,Approved,Yes,No,mobile,iOS Device,gmail.com,1
3102386,2025-01-26 20:34:20,75,visa,credit,alex.teo457@gmail.com,428414,Low,5728,Existing User,22,,Approved,No,No,desktop,Windows,gmail.com,0
3171905,2025-02-17 16:12:59,50,visa,credit,anna.goh468@anonymous.com,481694,Medium,8688,Existing User,53,,Approved,No,No,desktop,Windows,anonymous.com,0
3444460,2025-05-16 15:54:58,104.393,visa,credit,alex.ng542@gmail.com,452849,Low,1547,Existing User,18,,Approved,Yes,No,desktop,Moto G (4) Build/NPJS25.93-14-10,gmail.com,1
3356495,2025-04-17 12:08:54,7.855,mastercard,debit,lisa.wong580@yahoo.com.mx,543552,Low,9160,Existing User,32,,Approved,No,No,mobile,SM-A510M Build/MMB29K,yahoo.com.mx,0
3475106,2025-05-28 01:26:33,25,visa,debit,tom.teo982@att.net,469802,Low,8269,Existing User,33,,Approved,No,No,mobile,iOS Device,att.net,0
3071976,2025-01-21 21:03:07,1000,american express,credit,lisa.ng95@anonymous.com,372864,High,1353,New User,81,HIGH_RISK_SCORE,Rejected,No,No,desktop,Windows,anonymous.com,0
3137421,2025-02-05 21:00:25,22.154,mastercard,debit,lisa.lee914@gmail.com,527039,Low,9039,New User,44,,Approved,No,No,mobile,SM-G531H Build/LMY48B,gmail.com,0
3035416,2025-01-14 05:30:44,50,visa,debit,sarah.lee277@hotmail.com,456244,Low,7341,Existing User,26,,Approved,No,No,desktop,Windows,hotmail.com,0
3048515,2025-01-17 01:30:03,150,visa,credit,john.lim576@gmail.com,422787,Low,9537,Existing User,25,,Approved,No,No,mobile,iOS Device,gmail.com,0
3375368,2025-04-23 18:54:23,41.616,visa,credit,mike.ong307@anonymous.com,418235,High,3709,New User,80,HIGH_RISK_SCORE,Rejected,No,No,desktop,0,anonymous.com,0
3079076,2025-01-23 00:53:24,150,visa,credit,amy.ng209@windstream.net,406625,Low,8222,Existing User,23,,Approved,No,No,desktop,Windows,windstream.net,0
3118973,2025-01-31 06:57:38,9.794,mastercard,debit,anna.koh540@hotmail.com,530650,Low,2753,Existing User,24,,Approved,No,No,desktop,Windows,hotmail.com,0
3557560,2025-06-25 04:18:37,24.285,mastercard,credit,john.koh43@hotmail.com,524874,Low,7872,Existing User,31,,Approved,No,No,0,0,hotmail.com,0
3122667,2025-02-01 16:35:40,100,visa,debit,john.ng426@gmail.com,479668,Low,5258,Existing User,30,,Approved,No,No,desktop,Windows,gmail.com,0
3105705,2025-01-27 19:51:29,87.1,visa,debit,tom.lee739@hotmail.com,412676,Medium,8394,New User,50,,Approved,No,No,desktop,0,hotmail.com,0
3405688,2025-05-03 15:59:42,50,visa,credit,tom.koh478@aol.com,448379,Low,3769,Existing User,22,,Approved,No,No,desktop,MacOS,aol.com,0
3390091,2025-04-28 18:52:16,73.229,visa,debit,mike.koh86@gmail.com,495271,Low,2056,Existing User,30,,Approved,Yes,No,desktop,Moto E (4) Plus Build/NMA26.42-69,gmail.com,1
3130049,2025-02-03 23:45:42,32.356,visa,debit,sarah.koh14@gmail.com,472384,Low,9148,Existing User,42,,Approved,No,No,desktop,0,gmail.com,0
3457744,2025-05-21 16:37:25,150,visa,credit,mike.goh637@anonymous.com,410437,Medium,4864,New User,55,,Approved,No,No,desktop,Windows,anonymous.com,0
3040977,2025-01-15 17:11:44,650,american express,credit,lisa.lee901@aol.com,376825,Low,7606,Existing User,41,,Approved,No,No,desktop,MacOS,aol.com,0
3088222,2025-01-24 16:21:50,1000,discover,credit,tom.teo913@hotmail.com,650762,Medium,2359,New User,53,,Approved,No,No,desktop,Windows,hotmail.com,0
3537736,2025-06-18 12:40:04,141.404,visa,debit,amy.ong993@gmail.com,421283,Medium,9554,New User,55,,Approved,No,No,mobile,HTC Desire 650 Build/MMB29M,gmail.com,0
3462029,2025-05-23 00:06:36,50,visa,credit,david.teo929@gmail.com,418163,Low,8310,Existing User,27,,Approved,No,No,desktop,Windows,gmail.com,0
2991237,2025-01-02 21:21:48,150,visa,credit,john.teo932@verizon.net,463177,Low,8106,Existing User,23,,Approved,No,No,desktop,Trident/7.0,verizon.net,0
3519227,2025-06-12 03:11:16,100,visa,debit,jason.teo279@ymail.com,402729,Low,6126,Existing User,32,,Approved,No,No,desktop,Windows,ymail.com,0
3078543,2025-01-22 23:18:55,50,visa,credit,jason.lim743@yahoo.com,436236,Low,2953,New User,40,,Approved,No,No,desktop,Windows,yahoo.com,0
3383674,2025-04-26 16:41:35,40.179,visa,debit,tom.lee113@hotmail.com,426332,Low,7439,Existing User,27,,Approved,No,No,mobile,SM-J700M Build/LMY48B,hotmail.com,0
3149128,2025-02-09 18:15:26,25,visa,debit,amy.chan111@anonymous.com,407930,Medium,7948,New User,69,,Approved,No,No,desktop,MacOS,anonymous.com,0
3228858,2025-03-08 02:42:51,27.249,mastercard,debit,david.goh836@outlook.com,535129,Medium,4014,New User,62,NEW_USER_RULE,Rejected,No,No,mobile,0,outlook.com,0
3111729,2025-01-29 15:54:50,200,visa,credit,anna.koh783@comcast.net,436018,Low,9696,Existing User,27,,Approved,No,No,desktop,MacOS,comcast.net,0
3064834,2025-01-20 17:21:44,50,visa,credit,alex.lim976@hotmail.com,497647,Low,5798,Existing User,26,,Approved,No,No,mobile,iOS Device,hotmail.com,0
3224225,2025-03-06 20:43:03,100,visa,credit,jason.chan999@gmail.com,489760,Low,3951,Existing User,30,,Approved,No,No,desktop,Windows,gmail.com,0
3093314,2025-01-25 13:42:57,150,visa,debit,anna.koh864@gmail.com,498841,Low,3012,Existing User,32,,Approved,No,No,mobile,iOS Device,gmail.com,0
3546306,2025-06-21 14:29:00,125,mastercard,credit,jason.tan509@gmail.com,535414,Low,8931,Existing User,19,,Approved,No,No,desktop,Windows,,0
3499723,2025-06-05 06:24:49,16.723,visa,debit,jason.goh525@gmail.com,483237,Low,3026,Existing User,46,,Approved,No,No,mobile,0,gmail.com,0
3094043,2025-01-25 16:17:37,125,visa,debit,tom.teo309@aol.com,445238,Low,1003,Existing User,32,,Approved,No,No,mobile,iOS Device,aol.com,0
3548638,2025-06-22 01:07:44,250,american express,debit,alex.goh514@anonymous.com,373577,High,7543,New User,83,HIGH_RISK_SCORE,Rejected,No,No,desktop,Trident/7.0,anonymous.com,0
3459403,2025-05-22 02:39:17,14.386,mastercard,debit,tom.teo343@hotmail.com,545744,Low,6595,Existing User,45,,Approved,Yes,No,desktop,0,hotmail.com,1
3131879,2025-02-04 15:20:35,75,visa,credit,john.teo609@gmail.com,422383,Low,2234,Existing User,26,,Approved,No,No,desktop,Windows,gmail.com,0
3070611,2025-01-21 17:41:53,100,visa,credit,david.chan215@comcast.net,458337,Low,6461,Existing User,36,,Approved,No,No,mobile,iOS Device,comcast.net,0
3423242,2025-05-08 18:24:54,9.837,visa,debit,lisa.ong545@gmail.com,435476,Low,4342,Existing User,26,,Approved,Yes,No,desktop,Windows,gmail.com,1
3041178,2025-01-15 17:54:00,500,visa,credit,jason.teo187@gmail.com,407867,Low,7910,Existing User,36,,Approved,No,No,mobile,SM-G930V Build/NRD90M,gmail.com,0
3367349,2025-04-21 01:09:37,20,visa,debit,alex.lim184@outlook.com,412275,Low,8973,Existing User,30,,Approved,No,No,desktop,0,,0
3256041,2025-03-17 14:11:42,75,american express,credit,sarah.koh565@yahoo.com,374138,Low,5183,Existing User,30,,Approved,No,No,desktop,Windows,yahoo.com,0
3106287,2025-01-27 22:05:42,100,visa,credit,mike.tan694@hotmail.com,434717,Low,3049,Existing User,27,,Approved,No,No,desktop,Trident/7.0,hotmail.com,0
3097128,2025-01-25 23:01:38,100,visa,debit,mike.chan862@gmail.com,485824,Low,3125,Existing User,27,,Approved,No,Yes,desktop,Windows,gmail.com,0
3289905,2025-03-28 18:36:13,11.299,mastercard,debit,amy.teo790@gmail.com,537043,Low,5879,Existing User,41,,Approved,No,No,desktop,0,gmail.com,0
3073086,2025-01-22 00:00:23,300,mastercard,debit,david.teo54@anonymous.com,521213,Medium,8092,Existing User,56,,Approved,No,No,desktop,Windows,anonymous.com,0
3526144,2025-06-14 15:07:01,100,mastercard,credit,sarah.koh486@gmail.com,544533,Low,7153,Existing User,38,,Approved,No,No,mobile,iOS Device,gmail.com,0
3031041,2025-01-13 03:10:07,15.45,mastercard,credit,john.teo863@gmail.com,523831,Low,1829,Existing User,24,,Approved,Yes,No,desktop,rv:51.0,gmail.com,1
3125863,2025-02-02 19:43:46,68.911,visa,debit,anna.wong300@gmail.com,459118,Low,8685,Existing User,37,,Approved,No,No,mobile,SM-G610M Build/MMB29K,gmail.com,0
3499637,2025-06-05 04:34:10,375,visa,credit,anna.koh286@yahoo.com,489163,Medium,8375,New User,54,,Approved,Yes,No,mobile,iOS Device,yahoo.com,1
3494606,2025-06-03 21:09:16,26.436,visa,debit,anna.lee589@gmail.com,488366,Low,6908,Existing User,35,,Approved,No,No,desktop,Windows,gmail.com,0
3367111,2025-04-21 00:02:27,17.884,mastercard,debit,david.tan589@gmail.com,537358,Low,7483,Existing User,33,,Approved,No,No,mobile,SAMSUNG SM-G955F Build/NRD90M,gmail.com,0
3037472,2025-01-14 19:55:13,100,mastercard,credit,alex.chan334@gmail.com,534758,Low,7274,Existing User,29,,Approved,No,No,desktop,MacOS,gmail.com,0
3188160,2025-02-22 23:52:51,25,visa,credit,anna.tan463@gmail.com,438905,Low,7366,Existing User,40,,Approved,No,No,mobile,SM-G935P Build/NRD90M,gmail.com,0
3080458,2025-01-23 12:06:14,250,mastercard,debit,jason.ng161@verizon.net,541032,Medium,2884,Existing User,50,,Approved,No,No,desktop,MacOS,verizon.net,0
3160923,2025-02-13 17:20:18,74.915,visa,credit,john.lim148@gmail.com,425675,Low,5264,Existing User,22,,Approved,Yes,No,desktop,Windows,gmail.com,1
3138832,2025-02-06 04:04:13,150,visa,credit,mike.wong170@gmail.com,497674,Low,3249,Existing User,39,,Approved,Yes,No,mobile,iOS Device,gmail.com,1
3381185,2025-04-25 17:01:45,6.945,mastercard,debit,mike.wong643@hotmail.fr,556711,Medium,2737,Existing User,54,,Approved,No,No,mobile,0,hotmail.fr,0
3092952,2025-01-25 06:02:49,119.807,mastercard,debit,sarah.wong394@live.com.mx,543746,Low,5399,Existing User,26,,Approved,No,No,mobile,LG-H650 Build/MRA58K,live.com.mx,0
3331266,2025-04-09 03:03:59,21.268,visa,debit,anna.goh534@outlook.com,441161,Low,8325,New User,46,,Approved,No,No,desktop,Moto G (5) Plus Build/NPN25.137-92,,0
3249802,2025-03-15 02:16:43,2.658,visa,debit,mike.ng228@gmail.com,464731,Low,4079,Existing User,32,,Approved,No,No,mobile,SM-G532M Build/MMB29T,gmail.com,0
3126945,2025-02-03 01:25:51,11.077,mastercard,debit,mike.goh752@gmail.com,530083,Low,4890,Existing User,30,,Approved,No,No,0,0,gmail.com,0
3368413,2025-04-21 15:14:39,100,visa,credit,jason.wong231@yahoo.com,450764,Low,3365,New User,32,,Approved,No,No,desktop,Windows,,0
3263841,2025-03-19 21:18:49,31.418,visa,debit,lisa.tan106@gmail.com,431617,Low,8364,Existing User,43,,Approved,No,No,mobile,0,gmail.com,0
3119440,2025-01-31 16:02:13,45.357,visa,debit,mike.teo238@yahoo.com.mx,465158,Medium,3788,New User,63,,Approved,No,No,mobile,0,yahoo.com.mx,0
3554228,2025-06-23 23:47:50,50.967,mastercard,debit,john.wong441@hotmail.com,517843,Low,3090,Existing User,40,,Approved,No,No,mobile,MotoE2(4G-LTE,hotmail.com,0
3042746,2025-01-15 22:56:35,50,visa,credit,jason.lee854@anonymous.com,453567,Low,5539,Existing User,41,,Approved,No,No,desktop,Windows,anonymous.com,0
3409280,2025-05-04 18:42:53,22.133,mastercard,credit,jason.lee246@gmail.com,537901,Low,5617,New User,49,,Approved,No,No,mobile,SM-G610M Build/MMB29K,gmail.com,0
3083119,2025-01-23 18:43:49,100,mastercard,debit,alex.lim157@msn.com,536510,Low,9481,Existing User,27,,Approved,No,No,desktop,Trident/7.0,msn.com,0
3049086,2025-01-17 04:32:22,30.782,visa,credit,john.wong402@gmail.com,416998,Low,7142,Existing User,15,,Approved,No,No,desktop,Windows,gmail.com,0
3048109,2025-01-17 00:03:07,150,mastercard,debit,david.ong837@gmail.com,512861,Low,4761,New User,48,,Approved,No,No,desktop,rv:11.0,gmail.com,0
3102564,2025-01-26 21:12:24,50,visa,debit,anna.wong567@hotmail.com,430963,Low,1140,Existing User,33,,Approved,No,No,desktop,MacOS,hotmail.com,0
3102942,2025-01-26 22:31:06,200,discover,credit,lisa.ong11@yahoo.com,659516,Low,1885,Existing User,16,,Approved,No,No,desktop,Windows,yahoo.com,0
3336744,2025-04-10 20:14:09,40.784,mastercard,debit,jason.goh93@gmail.com,541080,Low,8854,Existing User,34,,Approved,No,No,desktop,Windows,,0
3451482,2025-05-19 05:27:02,27.666,visa,debit,amy.koh122@gmail.com,464844,Medium,9914,New User,50,,Approved,Yes,No,mobile,SM-G955U Build/R16NW,gmail.com,1
3069291,2025-01-21 14:02:53,100,visa,debit,david.ng70@gmail.com,463827,Low,5143,Existing User,32,,Approved,No,No,mobile,SM-N920T Build/NRD90M,gmail.com,0
3276005,2025-03-24 04:43:05,7.673,visa,debit,john.goh646@gmail.com,425290,Low,3678,Existing User,32,,Approved,No,No,desktop,0,gmail.com,0
3356292,2025-04-17 05:18:30,26.365,mastercard,debit,alex.lim107@gmail.com,513681,Medium,2348,New User,61,NEW_USER_RULE,Rejected,No,No,desktop,0,gmail.com,0
3427711,2025-05-10 13:46:49,100,visa,debit,sarah.lee542@gmail.com,481655,Low,3905,Existing User,36,,Approved,No,No,mobile,iOS Device,gmail.com,0
3490879,2025-06-02 18:46:49,75,visa,debit,david.lim853@gmail.com,460362,Low,8112,New User,48,,Approved,No,No,mobile,iOS Device,gmail.com,0
3080728,2025-01-23 13:41:14,50,american express,credit,david.wong302@gmail.com,374913,Low,8074,Existing User,26,,Approved,No,No,desktop,Windows,gmail.com,0
3110187,2025-01-28 23:19:19,14.808,mastercard,credit,lisa.teo203@gmail.com,553263,Low,7932,New User,42,,Approved,No,No,desktop,0,gmail.com,0
3436897,2025-05-13 19:23:11,40.823,mastercard,debit,mike.tan400@hotmail.com,536979,Low,7380,New User,42,,Approved,No,No,mobile,HTC Desire 650 Build/MMB29M,hotmail.com,0
3049402,2025-01-17 13:00:14,20,visa,debit,anna.ong992@yahoo.com,456051,Low,4561,Existing User,34,,Approved,No,No,desktop,Trident/7.0,,0
3359503,2025-04-18 04:26:42,15.77,visa,debit,sarah.teo257@gmail.com,438215,Low,4025,New User,47,,Approved,No,No,mobile,Lenovo TB-X103F Build/LenovoTB-X103F,gmail.com,0
3566334,2025-06-28 17:54:42,150,visa,credit,tom.goh604@gmail.com,412408,Low,6035,Existing User,40,,Approved,No,No,mobile,Pixel Build/OPM4.171019.016.B1,gmail.com,0
3107370,2025-01-28 03:12:24,58.3,mastercard,credit,jason.chan186@gmail.com,532549,Low,5870,New User,37,,Approved,No,No,desktop,Windows,gmail.com,0
3441401,2025-05-15 14:19:41,44.389,mastercard,debit,anna.chan478@gmail.com,543418,Low,2580,Existing User,43,,Approved,No,No,desktop,0,gmail.com,0
3106719,2025-01-27 23:50:12,50,visa,debit,amy.ng741@yahoo.com,454328,Low,8246,New User,35,,Approved,No,No,desktop,Windows,yahoo.com,0
3035540,2025-01-14 08:46:20,6,visa,debit,sarah.ong639@gmail.com,427530,Low,6185,Existing User,25,,Approved,No,No,desktop,MacOS,,0
3078873,2025-01-23 00:19:25,150,visa,debit,john.tan502@gmail.com,417555,Low,8460,Existing User,30,,Approved,No,No,desktop,Windows,gmail.com,0
3553532,2025-06-23 20:05:57,119.21,mastercard,debit,anna.chan648@hotmail.com,534417,Low,5150,Existing User,35,,Approved,Yes,No,mobile,M4 SS4456 Build/LMY47V,hotmail.com,1
3250304,2025-03-15 15:00:21,23.926,visa,debit,tom.wong13@gmail.com,413823,Low,9127,Existing User,40,,Approved,No,No,mobile,SAMSUNG SM-G532M Build/MMB29T,gmail.com,0
3420090,2025-05-07 18:26:33,200,american express,credit,tom.goh774@yahoo.com,374080,Low,9599,Existing User,23,,Approved,No,No,desktop,Windows,,0
3049426,2025-01-17 13:14:36,200,discover,credit,lisa.ng937@anonymous.com,642766,Low,7249,Existing User,46,,Approved,No,No,desktop,Windows,anonymous.com,0
3425221,2025-05-09 13:04:48,125,visa,credit,alex.lee214@hotmail.com,423059,Low,5821,New User,45,,Approved,No,No,desktop,Windows,hotmail.com,0
3093973,2025-01-25 16:07:01,25,visa,debit,john.wong826@gmail.com,424830,Low,6043,Existing User,33,,Approved,No,No,mobile,iOS Device,gmail.com,0
3348283,2025-04-14 18:20:14,129.963,mastercard,debit,anna.lee74@yahoo.com.mx,536473,Low,5681,Existing User,28,,Approved,No,No,desktop,Windows,yahoo.com.mx,0
3099002,2025-01-26 04:47:39,123.48,mastercard,debit,mike.chan876@hotmail.com,525251,Low,9636,New User,46,,Approved,No,No,mobile,Moto G Play Build/MPIS24.241-15.3-7,hotmail.com,0
3133571,2025-02-04 21:13:17,85.818,visa,credit,lisa.wong26@gmail.com,432006,Low,3023,Existing User,38,,Approved,No,No,0,0,gmail.com,0
3078438,2025-01-22 23:02:02,500,american express,credit,anna.chan84@gmail.com,370984,Medium,9941,New User,56,,Approved,No,No,mobile,iOS Device,gmail.com,0
3118960,2025-01-31 06:43:42,18.656,mastercard,debit,tom.lim74@gmail.com,512808,Low,2886,Existing User,38,,Approved,Yes,No,mobile,SM-G955F Build/NRD90M,gmail.com,1
3216987,2025-03-05 00:23:14,35.346,visa,debit,tom.teo928@gmail.com,458885,Low,3351,Existing User,40,,Approved,No,No,0,0,gmail.com,0
3434941,2025-05-12 23:43:18,100,mastercard,debit,tom.wong906@verizon.net,536385,Low,5745,Existing User,35,,Approved,No,No,mobile,iOS Device,verizon.net,0
3062558,2025-01-20 02:04:17,100,visa,credit,david.chan807@gmail.com,431516,Low,9547,Existing User,17,,Approved,No,No,desktop,rv:57.0,gmail.com,0
3433887,2025-05-12 18:01:26,21.641,mastercard,credit,sarah.ong74@gmail.com,556983,Low,3595,Existing User,28,,Approved,No,No,mobile,LG-M700 Build/NMF26X,gmail.com,0
3019530,2025-01-10 05:21:17,26.352,mastercard,debit,lisa.lim715@gmail.com,527386,Low,4923,Existing User,33,,Approved,No,No,mobile,SM-G570M Build/MMB29K,gmail.com,0
3523036,2025-06-13 13:42:09,34.921,visa,credit,amy.teo581@gmail.com,448876,Low,5116,Existing User,29,,Approved,Yes,No,mobile,rv:59.0,gmail.com,1
3568208,2025-06-29 15:46:17,25,mastercard,debit,alex.teo362@yahoo.com,533412,Low,7326,Existing User,31,,Approved,No,No,desktop,MacOS,,0
3219949,2025-03-05 20:23:13,30.875,mastercard,debit,lisa.wong921@hotmail.com,514979,Low,2656,Existing User,31,,Approved,No,No,desktop,Windows,hotmail.com,0
3298091,2025-03-31 16:46:18,67.067,visa,credit,alex.koh398@hotmail.com,454529,Medium,2061,New User,54,,Approved,No,No,desktop,0,hotmail.com,0
3329812,2025-04-08 20:06:23,200,mastercard,credit,mike.chan478@gmail.com,511939,Low,8835,Existing User,37,,Approved,Yes,No,mobile,KFFOWI Build/LVY48F,,1
3121433,2025-02-01 00:25:45,38.012,visa,credit,tom.teo327@gmail.com,442872,Low,1450,Existing User,26,,Approved,No,No,desktop,rv:54.0,gmail.com,0
3499277,2025-06-05 01:40:12,17.214,mastercard,credit,tom.chan160@gmail.com,533300,Low,2553,New User,45,,Approved,No,No,desktop,Moto Z (2,gmail.com,0
3164232,2025-02-14 17:41:53,28.275,mastercard,debit,jason.koh526@anonymous.com,552962,Medium,4969,New User,60,ANONYMOUS_EMAIL,Rejected,No,No,desktop,Windows,anonymous.com,0
3086799,2025-01-24 04:07:31,25,visa,credit,david.goh602@yahoo.com,480426,Low,2840,New User,38,,Approved,No,No,desktop,Windows,yahoo.com,0
3548500,2025-06-22 00:42:27,106,mastercard,credit,alex.chan965@yahoo.com,559217,Low,2299,Existing User,28,,Approved,No,No,desktop,Windows,,0
3554778,2025-06-24 03:27:18,17.829,mastercard,debit,amy.wong611@gmail.com,551148,Low,3287,Existing User,31,,Approved,No,No,desktop,Windows,gmail.com,0
3005087,2025-01-06 16:23:12,57.52,visa,debit,sarah.ong160@anonymous.com,469860,Medium,6726,Existing User,58,,Approved,No,No,desktop,Windows,anonymous.com,0
3029068,2025-01-12 20:10:38,25,visa,credit,david.ng71@gmail.com,411078,Low,5731,New User,40,,Approved,No,No,desktop,Windows,gmail.com,0
3001776,2025-01-05 19:16:08,50,mastercard,credit,alex.chan794@anonymous.com,524101,Low,9886,Existing User,44,,Approved,No,No,desktop,Windows,anonymous.com,0
3202839,2025-02-28 00:30:47,450,mastercard,credit,lisa.lee2@gmail.com,547445,Low,3174,New User,48,,Approved,Yes,No,desktop,Windows,gmail.com,1
3071382,2025-01-21 19:26:33,41.976,mastercard,debit,david.wong250@hotmail.com,524063,Low,4908,Existing User,21,,Approved,No,No,desktop,Windows,hotmail.com,0
3052687,2025-01-18 00:58:34,50,visa,credit,anna.wong161@gmail.com,470697,Low,1320,Existing User,24,,Approved,No,No,desktop,Windows,gmail.com,0
3458716,2025-05-21 22:28:13,22.502,mastercard,debit,mike.teo388@hotmail.com,529851,Low,6145,New User,42,,Approved,No,No,mobile,SAMSUNG SM-G610M Build/MMB29K,hotmail.com,0
3381794,2025-04-25 20:07:57,48.094,mastercard,debit,amy.koh286@gmail.com,516974,Low,9911,Existing User,30,,Approved,No,No,mobile,5025G Build/LMY47I,gmail.com,0
3017259,2025-01-09 19:25:35,50,visa,debit,mike.koh180@outlook.com,452918,Low,8138,Existing User,36,,Approved,No,No,desktop,MacOS,outlook.com,0
3096857,2025-01-25 22:22:33,25,visa,credit,tom.chan782@gmail.com,409503,Low,7764,New User,35,,Approved,No,No,desktop,Windows,gmail.com,0
3540169,2025-06-19 01:58:20,13.895,visa,credit,david.tan904@hotmail.com,425138,Low,4989,Existing User,21,,Approved,No,No,desktop,Windows,hotmail.com,0
3412877,2025-05-05 17:07:50,8.73,visa,credit,alex.lee25@gmail.com,418335,Low,3324,Existing User,27,,Approved,Yes,No,desktop,Moto G (4) Build/NPJS25.93-14-8.1-4,gmail.com,1
3304539,2025-04-02 14:48:18,100,mastercard,credit,mike.tan877@earthlink.net,552017,Low,7609,Existing User,18,,Approved,No,No,desktop,Trident/7.0,earthlink.net,0
3196740,2025-02-26 00:23:34,211.921,visa,debit,david.chan117@gmail.com,440208,Low,8849,Existing User,43,,Approved,No,No,desktop,Windows,gmail.com,0
3515213,2025-06-10 20:02:32,40,visa,debit,sarah.lee954@gmail.com,473054,Low,7959,Existing User,24,,Approved,No,No,desktop,Windows,gmail.com,0
3089002,2025-01-24 18:08:58,50,mastercard,credit,lisa.tan188@verizon.net,510507,Low,6011,Existing User,30,,Approved,No,No,desktop,Windows,verizon.net,0
3478736,2025-05-29 14:58:01,17.03,mastercard,credit,sarah.teo333@gmail.com,552307,Low,6895,Existing User,29,,Approved,No,No,desktop,Windows,gmail.com,0
3133442,2025-02-04 20:43:10,12.826,visa,debit,jason.wong870@gmail.com,469215,Low,9614,Existing User,34,,Approved,Yes,Yes,desktop,0,gmail.com,1
3430864,2025-05-11 16:58:36,88.039,mastercard,credit,tom.lim283@anonymous.com,535344,Medium,8194,Existing User,50,,Approved,No,No,desktop,Windows,anonymous.com,0
3233928,2025-03-09 22:51:20,19.733,mastercard,debit,lisa.ong856@hotmail.com,533494,Low,3886,New User,48,,Approved,No,No,desktop,Windows,hotmail.com,0
3455123,2025-05-20 16:59:49,70.702,mastercard,debit,amy.wong245@gmail.com,511552,Low,1851,Existing User,49,,Approved,No,No,mobile,0,gmail.com,0
3361925,2025-04-19 02:34:28,11.48,mastercard,debit,sarah.koh735@live.com.mx,533841,Low,3989,Existing User,25,,Approved,Yes,No,mobile,SM-G610M Build/NRD90M,live.com.mx,1
3575330,2025-07-02 05:25:08,150,visa,credit,mike.ong19@gmail.com,400979,Low,8986,Existing User,31,,Approved,No,No,mobile,Pixel XL Build/OPM4.171019.016.B1,gmail.com,0
3376275,2025-04-23 22:46:05,410.373,visa,credit,john.koh49@anonymous.com,431870,High,8036,New User,76,HIGH_RISK_SCORE,Rejected,No,No,desktop,Windows,anonymous.com,0
3098751,2025-01-26 03:53:10,40,visa,debit,lisa.tan685@gmail.com,411640,Low,5191,Existing User,40,,Approved,No,No,mobile,KFMEWI,,0
3510718,2025-06-09 02:44:00,11.681,mastercard,debit,lisa.goh135@icloud.com,510137,Medium,6550,New User,70,,Approved,No,No,mobile,0,icloud.com,0
3041165,2025-01-15 17:52:08,250,visa,debit,sarah.chan788@gmail.com,414732,Low,7859,Existing User,35,,Approved,No,No,desktop,Windows,gmail.com,0
2999600,2025-01-05 02:17:37,142.591,mastercard,credit,mike.teo816@anonymous.com,551327,Medium,6137,New User,65,ANONYMOUS_EMAIL,Rejected,No,No,desktop,Windows,anonymous.com,0
3261877,2025-03-19 02:48:51,15.468,visa,debit,john.tan226@hotmail.com,468387,Low,3375,Existing User,28,,Approved,No,No,desktop,Windows,hotmail.com,0
3402732,2025-05-02 15:16:49,30.089,mastercard,credit,jason.wong318@outlook.com,534848,Medium,7717,New User,50,,Approved,No,No,mobile,SM-G532M Build/MMB29T,outlook.com,0
3226214,2025-03-07 08:05:12,43.502,mastercard,credit,john.ong551@gmail.com,519039,Low,4203,Existing User,27,,Approved,Yes,No,desktop,Windows,gmail.com,1
3569379,2025-06-29 23:41:14,30,discover,credit,alex.ng618@yahoo.com,622702,Low,8552,Existing User,18,,Approved,Yes,No,desktop,Windows,,1
3123359,2025-02-01 19:45:53,23.903,mastercard,debit,lisa.tan878@gmail.com,546888,Medium,5950,Existing User,52,,Approved,No,No,mobile,0,gmail.com,0
3254372,2025-03-16 21:51:49,125,visa,debit,amy.chan599@anonymous.com,480550,Low,2181,Existing User,45,,Approved,No,No,desktop,Windows,anonymous.com,0
3088583,2025-01-24 17:12:14,350,visa,credit,david.wong529@comcast.net,426803,Medium,2836,New User,53,,Approved,No,No,desktop,MacOS,comcast.net,0
3316531,2025-04-04 20:28:50,25,visa,debit,jason.teo293@outlook.com,448912,Low,5638,New User,49,,Approved,Yes,No,desktop,Windows,,1
2997190,2025-01-04 16:01:19,250,american express,credit,john.ong127@comcast.net,379458,Medium,3633,New User,62,,Approved,No,No,mobile,iOS Device,comcast.net,0
3330636,2025-04-08 23:44:27,26.162,visa,debit,amy.teo611@hotmail.com,490617,Low,9669,Existing User,29,,Approved,No,No,desktop,Windows,hotmail.com,0
3069852,2025-01-21 15:53:21,60.457,visa,debit,sarah.teo796@hotmail.com,461620,Low,6412,Existing User,35,,Approved,No,No,desktop,Windows,hotmail.com,0
3318739,2025-04-05 14:17:59,72.987,visa,debit,john.goh611@gmail.com,475530,Low,7878,Existing User,20,,Approved,No,No,desktop,SAMSUNG,gmail.com,0
3273382,2025-03-23 13:20:59,11.48,visa,credit,tom.koh302@outlook.es,451693,Low,3294,Existing User,20,,Approved,No,No,desktop,Windows,outlook.es,0
3107882,2025-01-28 12:56:49,7,mastercard,debit,jason.goh275@gmail.com,512591,Low,5973,Existing User,41,,Approved,No,No,mobile,0,,0
3377019,2025-04-24 03:37:32,373.275,visa,debit,tom.koh784@gmail.com,418246,Medium,7153,New User,62,,Approved,No,No,desktop,0,gmail.com,0
3040654,2025-01-15 16:10:59,50,visa,debit,john.lee96@comcast.net,489448,Low,8513,Existing User,29,,Approved,No,No,desktop,rv:45.0,comcast.net,0
3054471,2025-01-18 18:09:07,30,visa,credit,anna.ong762@aol.com,402694,Low,4961,Existing User,16,,Approved,No,No,desktop,Windows,aol.com,0
3013413,2025-01-08 19:25:41,28.156,visa,credit,amy.tan757@gmail.com,458153,Medium,9417,New User,53,,Approved,Yes,No,desktop,0,gmail.com,1
3235706,2025-03-10 16:11:38,19.334,visa,debit,alex.tan713@gmail.com,484455,Low,2538,New User,44,,Approved,No,No,mobile,SM-G920F Build/NRD90M,gmail.com,0
3067839,2025-01-21 01:34:51,75,visa,debit,amy.goh95@verizon.net,474491,Low,8642,Existing User,20,,Approved,No,No,desktop,Windows,verizon.net,0
3321702,2025-04-06 08:44:28,14.501,visa,debit,jason.tan296@hotmail.com,491889,Low,3606,Existing User,34,,Approved,No,No,mobile,Moto G Play Build/MPIS24.241-15.3-7,hotmail.com,0
3088348,2025-01-24 16:39:00,154.262,mastercard,credit,alex.ng213@gmail.com,530775,Low,6985,Existing User,44,,Approved,No,No,desktop,0,gmail.com,0
3060373,2025-01-19 20:16:44,100,mastercard,credit,alex.lim988@comcast.net,558555,Low,9371,Existing User,28,,Approved,No,No,desktop,Trident/7.0,comcast.net,0
3091855,2025-01-25 01:01:17,150,visa,credit,alex.koh421@anonymous.com,459377,Medium,3880,New User,64,,Approved,No,No,desktop,Windows,anonymous.com,0
3119149,2025-01-31 14:06:49,100,visa,credit,alex.lim589@gmail.com,460120,Low,7927,New User,39,,Approved,No,No,desktop,MacOS,gmail.com,0
3568494,2025-06-29 17:32:54,28.035,visa,debit,sarah.lee428@gmail.com,438093,Low,4552,Existing User,38,,Approved,No,No,mobile,Ilium LT510 Build/MRA58K,gmail.com,0
3315562,2025-04-04 16:40:21,35.769,mastercard,debit,jason.wong246@hotmail.com,557496,Low,6860,New User,43,,Approved,No,No,desktop,Windows,hotmail.com,0
3059347,2025-01-19 17:41:31,100,visa,credit,mike.tan879@anonymous.com,432835,Medium,3758,Existing User,53,,Approved,Yes,No,0,0,anonymous.com,0
3152948,2025-02-10 22:28:00,7.929,mastercard,credit,john.goh186@gmail.com,540482,Low,2518,Existing User,25,,Approved,No,No,mobile,Ilium LT510 Build/MRA58K,gmail.com,0
3106135,2025-01-27 21:28:25,49.788,mastercard,credit,mike.ong899@gmail.com,549391,Low,1438,Existing User,30,,Approved,No,Yes,desktop,Windows,gmail.com,0
3152378,2025-02-10 19:39:05,48.156,mastercard,credit,tom.goh536@gmail.com,559936,Low,7289,Existing User,26,,Approved,No,No,mobile,F5121 Build/34.3.A.0.252,gmail.com,0
3026793,2025-01-12 03:59:11,75,visa,credit,david.tan189@gmail.com,432137,Low,4433,Existing User,20,,Approved,No,No,desktop,Windows,gmail.com,0
3162831,2025-02-14 00:23:48,30,mastercard,debit,lisa.goh320@gmail.com,530446,Low,1664,Existing User,42,,Approved,No,No,mobile,iOS Device,gmail.com,0
3065748,2025-01-20 19:41:23,100,visa,credit,sarah.ong506@anonymous.com,408171,Medium,9045,Existing User,54,,Approved,No,No,desktop,Trident/7.0,anonymous.com,0
3472000,2025-05-27 00:52:37,25,visa,debit,david.teo595@yahoo.com,440050,Medium,3635,New User,70,,Approved,No,No,mobile,0,,0
3515792,2025-06-10 23:09:32,150,visa,debit,mike.goh344@icloud.com,456907,Low,7762,Existing User,32,,Approved,No,No,desktop,rv:11.0,icloud.com,0
3097609,2025-01-26 00:09:17,100,american express,credit,alex.ong470@gmail.com,378318,Low,6883,Existing User,28,,Approved,No,No,desktop,Windows,gmail.com,0
3388889,2025-04-28 05:31:25,57.278,visa,credit,amy.ng615@hotmail.com,414146,Low,1839,Existing User,25,,Approved,No,No,desktop,Windows,hotmail.com,0
3048185,2025-01-17 00:22:31,150,visa,credit,david.chan258@hotmail.com,427681,Low,6998,Existing User,39,,Approved,No,No,mobile,iOS Device,hotmail.com,0
3014120,2025-01-08 21:57:27,250,visa,credit,alex.wong576@gmail.com,479219,Low,1477,Existing User,32,,Approved,No,No,desktop,rv:11.0,gmail.com,0
3475911,2025-05-28 14:46:48,100,mastercard,credit,lisa.teo79@gmail.com,513898,Low,6898,New User,41,,Approved,No,No,desktop,MacOS,gmail.com,0
3044310,2025-01-16 07:57:30,50,mastercard,credit,john.tan153@gmail.com,544612,Low,3172,Existing User,23,,Approved,No,No,desktop,Windows,gmail.com,0
3057361,2025-01-19 04:14:27,75,visa,credit,jason.wong796@hotmail.com,486107,Low,1822,Existing User,25,,Approved,No,No,mobile,SM-G360V,hotmail.com,0
3369354,2025-04-21 20:18:37,100,visa,credit,sarah.chan38@gmail.com,497377,Low,3797,Existing User,20,,Approved,No,No,desktop,Windows,gmail.com,0
3523050,2025-06-13 13:53:54,300,visa,credit,david.goh887@gmail.com,484244,Medium,8922,New User,54,,Approved,No,No,mobile,iOS Device,gmail.com,0
3075444,2025-01-22 15:33:52,25,visa,debit,tom.ong21@yahoo.com,494159,Low,9456,Existing User,20,,Approved,No,No,desktop,Windows,,0
3277449,2025-03-24 20:06:01,30,visa,debit,mike.teo268@yahoo.com,464058,Low,3389,Existing User,33,,Approved,No,No,desktop,0,,0
3080011,2025-01-23 04:42:14,100,visa,credit,anna.ong351@gmail.com,404237,Low,7837,Existing User,32,,Approved,No,No,desktop,MacOS,gmail.com,0
3437003,2025-05-13 19:56:32,200,visa,debit,david.wong426@gmail.com,450807,Low,4095,Existing User,34,,Approved,No,No,desktop,Windows,gmail.com,0
3100611,2025-01-26 15:48:47,100,mastercard,debit,david.lee601@gmail.com,542730,Low,5744,Existing User,27,,Approved,No,No,desktop,MacOS,gmail.com,0
2992017,2025-01-02 23:43:41,11.722,visa,credit,david.teo88@gmail.com,416040,Low,2393,Existing User,37,,Approved,No,No,mobile,0,gmail.com,0
3564751,2025-06-27 21:17:24,30,visa,debit,amy.chan648@gmail.com,477846,Low,5062,Existing User,31,,Approved,Yes,No,desktop,Windows,,1
3040982,2025-01-15 17:12:39,5,visa,credit,sarah.lim746@yahoo.com,425903,Low,8198,Existing User,24,,Approved,No,No,desktop,MacOS,,0
3419410,2025-05-07 14:58:33,50,mastercard,debit,sarah.teo255@gmail.com,547224,Low,6212,New User,47,,Approved,No,No,desktop,Windows,gmail.com,0
3501991,2025-06-05 22:22:01,50,mastercard,credit,jason.goh307@icloud.com,548473,Low,7718,Existing User,19,,Approved,No,No,desktop,Windows,icloud.com,0
3449199,2025-05-18 15:43:54,50,visa,debit,amy.ng945@gmail.com,422139,Medium,8433,New User,58,,Approved,Yes,No,mobile,SM-G955U Build/R16NW,gmail.com,1
3079310,2025-01-23 01:43:19,12.36,visa,debit,amy.ng337@gmail.com,472957,Low,8286,Existing User,22,,Approved,No,No,desktop,Windows,gmail.com,0
3031239,2025-01-13 04:23:14,50,mastercard,credit,amy.ong404@aol.com,534191,Low,2177,Existing User,25,,Approved,No,No,desktop,Windows,aol.com,0
2992350,2025-01-03 00:43:45,23.262,mastercard,debit,tom.wong277@hotmail.com,524876,Low,4908,New User,49,,Approved,No,No,desktop,0,hotmail.com,0
3082107,2025-01-23 16:53:25,50,visa,debit,lisa.ong36@hotmail.com,407627,Medium,7784,New User,57,,Approved,No,No,mobile,iOS Device,hotmail.com,0
3424072,2025-05-08 21:59:49,16.846,visa,credit,sarah.tan690@yahoo.com.mx,489616,Low,5341,Existing User,24,,Approved,No,No,mobile,SAMSUNG SM-G950F Build/R16NW,yahoo.com.mx,0
3036530,2025-01-14 16:54:39,100,american express,credit,david.lim985@hotmail.com,373117,Low,3311,Existing User,20,,Approved,No,No,desktop,Windows,hotmail.com,0
3024370,2025-01-11 18:27:24,25,visa,debit,alex.tan552@gmail.com,477524,Low,6530,New User,42,,Approved,No,No,desktop,MacOS,gmail.com,0
3438842,2025-05-14 14:41:11,3.275,mastercard,debit,alex.ong719@gmail.com,558711,Low,3530,New User,44,,Approved,No,No,desktop,Windows,gmail.com,0
3072600,2025-01-21 22:40:49,64.713,visa,debit,mike.koh910@hotmail.com,489631,Low,4178,Existing User,24,,Approved,No,No,desktop,Trident/7.0,hotmail.com,0
3073504,2025-01-22 01:22:51,100,visa,debit,lisa.tan312@anonymous.com,423495,Low,8137,Existing User,48,,Approved,No,No,desktop,Windows,anonymous.com,0
3521101,2025-06-12 20:03:06,25,visa,debit,tom.wong82@gmail.com,471659,Low,6377,New User,45,,Approved,No,No,desktop,Windows,,0
3085691,2025-01-24 00:12:41,75,visa,credit,david.lim233@gmail.com,412418,Low,1943,Existing User,36,,Approved,No,No,mobile,iOS Device,gmail.com,0
3485010,2025-05-31 23:25:17,7.685,visa,debit,lisa.teo421@gmail.com,452830,Low,2540,Existing User,20,,Approved,No,No,desktop,Moto E (4) Build/NMA26.42-19,gmail.com,0
3107585,2025-01-28 05:10:57,53.636,visa,debit,john.ng439@gmail.com,462020,Low,8287,New User,45,,Approved,No,No,mobile,XT1635-02,gmail.com,0
3247070,2025-03-14 01:49:47,30.936,visa,debit,john.ong283@gmail.com,443370,Low,8581,Existing User,33,,Approved,No,No,mobile,SM-G610M Build/MMB29K,gmail.com,0
3477690,2025-05-29 00:46:48,116.136,mastercard,debit,jason.lim301@hotmail.com,548273,Low,7489,Existing User,23,,Approved,No,No,desktop,Windows,hotmail.com,0
3196672,2025-02-26 00:04:47,25,visa,debit,anna.teo312@yahoo.com,496284,Low,1092,Existing User,23,,Approved,No,No,desktop,Windows,,0
3125984,2025-02-02 20:20:20,100,visa,debit,alex.ng466@gmail.com,479879,Low,6151,Existing User,45,,Approved,No,No,mobile,SM-G930V Build/MMB29M,gmail.com,0
3060535,2025-01-19 20:44:13,125,visa,credit,david.tan477@live.com,438800,Low,7234,Existing User,17,,Approved,No,No,desktop,Windows,live.com,0
3022615,2025-01-11 00:24:28,100,visa,credit,anna.ng65@gmail.com,437033,Low,9603,New User,39,,Approved,No,No,desktop,MacOS,gmail.com,0
3507502,2025-06-08 01:48:24,40,visa,debit,alex.tan801@gmail.com,403021,Low,9744,Existing User,20,,Approved,No,No,desktop,MacOS,gmail.com,0
3233161,2025-03-09 19:31:59,50.368,visa,credit,amy.ng573@hotmail.com,490852,Low,5028,New User,35,,Approved,No,No,mobile,SM-G930F Build/NRD90M,hotmail.com,0
3092701,2025-01-25 04:21:07,6.18,mastercard,debit,jason.lim209@gmail.com,556688,Medium,8645,New User,50,,Approved,No,No,mobile,LG-K530 Build/MMB29M,gmail.com,0
3463160,2025-05-23 16:30:38,50,visa,credit,lisa.teo648@gmail.com,448697,Low,5898,Existing User,33,,Approved,No,No,mobile,iOS Device,gmail.com,0
3059631,2025-01-19 18:26:45,75,visa,credit,david.wong910@gmail.com,497343,Low,6013,Existing User,15,,Approved,No,No,desktop,Windows,gmail.com,0
3565583,2025-06-28 03:56:04,100,visa,debit,john.goh244@yahoo.com,497314,Low,7932,Existing User,43,,Approved,No,No,mobile,SM-G950U Build/R16NW,yahoo.com,0
3459791,2025-05-22 12:24:46,50,visa,debit,anna.tan333@gmail.com,419767,Low,5226,Existing User,22,,Approved,No,No,desktop,Windows,,0
3524483,2025-06-13 21:35:53,23.67,visa,debit,john.chan710@gmx.de,455864,Low,8606,Existing User,31,,Approved,No,No,desktop,Windows,gmx.de,0
3059447,2025-01-19 17:54:14,150,visa,credit,anna.lim696@comcast.net,474700,Low,9893,New User,46,,Approved,No,No,mobile,iOS Device,comcast.net,0
3362713,2025-04-19 17:12:30,50,visa,debit,mike.lee581@gmail.com,426412,Low,5321,New User,41,,Approved,No,No,desktop,MacOS,,0
3028581,2025-01-12 18:45:36,50,mastercard,credit,tom.tan75@hotmail.com,534451,Low,6278,Existing User,23,,Approved,No,No,desktop,Windows,hotmail.com,0
3013863,2025-01-08 21:08:21,500,mastercard,credit,jason.ong496@aol.com,554226,Low,1270,Existing User,36,,Approved,No,No,desktop,MacOS,aol.com,0
3540550,2025-06-19 09:18:18,30,visa,debit,sarah.tan987@gmail.com,479639,Low,3283,Existing User,30,,Approved,No,No,desktop,0,,0
3076439,2025-01-22 18:10:09,150,visa,credit,jason.chan44@yahoo.com,443051,Low,8786,Existing User,15,,Approved,No,No,desktop,Windows,yahoo.com,0
3255819,2025-03-17 08:48:49,33.534,visa,debit,jason.teo446@hotmail.com,419705,Low,4100,New User,48,,Approved,No,No,mobile,HUAWEI VNS-L53 Build/HUAWEIVNS-L53,hotmail.com,0
3021363,2025-01-10 20:12:56,100,discover,credit,david.chan88@anonymous.com,630777,Medium,8659,Existing User,52,,Approved,No,No,mobile,iOS Device,anonymous.com,0
3045912,2025-01-16 17:37:07,75,visa,debit,mike.lee272@gmail.com,447237,Low,1641,New User,48,,Approved,No,No,desktop,Trident/7.0,gmail.com,0
3526156,2025-06-14 15:11:01,45,visa,debit,jason.chan583@gmail.com,431242,Medium,7558,New User,59,,Approved,No,No,mobile,iOS Device,gmail.com,0
3286340,2025-03-27 16:56:05,35.044,mastercard,credit,alex.ng355@gmail.com,518903,Low,9037,Existing User,18,,Approved,No,No,desktop,Trident/7.0,gmail.com,0
3004136,2025-01-06 04:29:07,35.346,visa,credit,amy.koh389@gmail.com,462327,Low,1641,Existing User,34,,Approved,No,No,desktop,0,gmail.com,0
3033429,2025-01-13 20:08:09,300,visa,credit,sarah.teo447@hotmail.com,407524,Medium,9742,New User,58,,Approved,No,No,desktop,0,hotmail.com,0
3271267,2025-03-22 17:35:45,19.818,visa,debit,mike.ng636@gmail.com,468203,Low,6371,Existing User,33,,Approved,No,Yes,mobile,LG-K580 Build/MRA58K,gmail.com,0
3394192,2025-04-29 23:23:00,21.993,visa,debit,john.ong210@gmail.com,469328,Low,9495,Existing User,28,,Approved,No,No,desktop,Windows,gmail.com,0
3432373,2025-05-12 00:59:46,8.915,mastercard,debit,david.ong635@yahoo.fr,555992,Medium,6752,New User,64,NEW_USER_RULE,Rejected,No,No,mobile,0,yahoo.fr,0
3075230,2025-01-22 14:55:26,175,american express,credit,anna.lee836@anonymous.com,377786,Low,8998,Existing User,44,,Approved,No,No,desktop,Trident/7.0,anonymous.com,0
3393193,2025-04-29 18:37:33,200,visa,credit,tom.teo356@hotmail.com,491195,Low,9459,New User,48,,Approved,Yes,No,mobile,KFFOWI Build/LVY48F,,1
3094642,2025-01-25 17:41:00,100,mastercard,credit,mike.teo834@gmail.com,516758,Low,6823,New User,31,,Approved,No,No,desktop,Windows,gmail.com,0
3531593,2025-06-16 05:20:33,22.748,mastercard,debit,tom.teo833@gmail.com,556503,Low,9576,Existing User,39,,Approved,No,No,mobile,SM-G531H Build/LMY48B,gmail.com,0
3067966,2025-01-21 02:02:15,61.268,mastercard,credit,alex.lim946@gmail.com,542283,Low,1824,Existing User,31,,Approved,No,No,desktop,0,gmail.com,0
3316027,2025-04-04 18:32:45,10.151,visa,credit,anna.ng321@gmail.com,434520,Low,3385,Existing User,27,,Approved,No,No,mobile,SM-G531H Build/LMY48B,gmail.com,0
3415851,2025-05-06 13:46:15,50,visa,credit,david.ong687@gmail.com,479093,Low,1792,Existing User,26,,Approved,No,No,desktop,Windows,gmail.com,0
3476173,2025-05-28 16:25:25,100,visa,credit,lisa.tan51@aol.com,438245,Low,5122,New User,45,,Approved,No,No,mobile,iOS Device,aol.com,0
3273019,2025-03-23 03:54:21,41.086,visa,debit,lisa.teo269@gmail.com,464765,Low,5578,Existing User,40,,Approved,No,No,mobile,Android 5.1,gmail.com,0
3371796,2025-04-22 17:09:23,196.123,visa,debit,lisa.ong38@gmail.com,498990,Low,2311,Existing User,35,,Approved,No,No,desktop,Windows,gmail.com,0
3125782,2025-02-02 19:16:37,53.636,visa,credit,jason.wong18@hotmail.com,443916,Medium,3735,New User,55,,Approved,No,No,mobile,0,hotmail.com,0
3207337,2025-03-01 21:31:45,28.519,mastercard,credit,alex.lim789@hotmail.com,518870,Low,1550,New User,45,,Approved,No,No,desktop,Windows,hotmail.com,0
3054041,2025-01-18 16:33:03,50,visa,credit,alex.tan467@verizon.net,433990,Low,8394,Existing User,35,,Approved,No,No,desktop,MacOS,verizon.net,0
3520152,2025-06-12 15:49:53,50,mastercard,debit,david.teo506@gmail.com,537056,Low,4052,Existing User,34,,Approved,No,No,desktop,Windows,gmail.com,0
3189131,2025-02-23 14:24:38,100,american express,credit,david.lee339@gmail.com,376396,Low,2057,New User,38,,Approved,No,No,desktop,MacOS,gmail.com,0
3342001,2025-04-12 17:31:09,13.292,mastercard,credit,john.tan961@gmail.com,527962,Low,2562,Existing User,19,,Approved,No,No,desktop,Windows,,0
3549114,2025-06-22 07:21:23,29.879,visa,debit,david.tan295@gmail.com,490085,Low,2428,Existing User,28,,Approved,No,No,mobile,SM-G9600 Build/R16NW,gmail.com,0
3122691,2025-02-01 16:44:29,25,visa,debit,anna.koh88@gmail.com,431270,Low,4285,New User,46,,Approved,No,No,mobile,iOS Device,gmail.com,0
3540347,2025-06-19 03:25:21,5.305,visa,debit,david.tan129@gmail.com,471362,Low,1238,Existing User,44,,Approved,No,No,desktop,0,gmail.com,0
3044371,2025-01-16 10:56:46,50,visa,debit,lisa.ong814@me.com,495607,Low,6944,Existing User,33,,Approved,No,No,mobile,iOS Device,me.com,0
3360129,2025-04-18 15:55:38,70.691,mastercard,debit,jason.koh382@gmail.com,533333,Low,6348,Existing User,35,,Approved,No,No,desktop,Windows,gmail.com,0
3572173,2025-07-01 00:36:39,40,visa,debit,lisa.ong769@yahoo.com,415442,Low,7967,Existing User,22,,Approved,No,No,desktop,Windows,yahoo.com,0
3121387,2025-02-01 00:11:56,100,visa,credit,amy.ong299@gmail.com,461974,Low,7083,New User,33,,Approved,No,No,desktop,rv:48.0,gmail.com,0
3487687,2025-06-01 21:25:43,32.093,visa,debit,mike.ong716@gmail.com,469271,Low,2707,Existing User,30,,Approved,No,No,0,0,gmail.com,0
3103283,2025-01-26 23:57:55,25,mastercard,debit,sarah.goh533@gmail.com,511925,Low,8809,New User,48,,Approved,Yes,No,mobile,SM-G925V Build/NRD90M,gmail.com,0
3564767,2025-06-27 21:21:17,50,mastercard,credit,sarah.ong636@hotmail.com,523559,Low,5764,Existing User,16,,Approved,No,No,desktop,Windows,,0
3238031,2025-03-11 03:42:30,190.323,visa,debit,mike.lim86@hotmail.com,430569,Low,9977,Existing User,20,,Approved,No,No,desktop,Windows,hotmail.com,0
3281091,2025-03-25 23:31:22,70.691,mastercard,debit,alex.tan252@gmail.com,549111,Medium,1034,New User,51,,Approved,No,No,mobile,TRT-L53 Build/HUAWEITRT-L53,gmail.com,0
3399549,2025-05-01 16:41:05,100,visa,debit,david.goh707@yahoo.com,493204,Low,9833,New User,45,,Approved,No,No,mobile,LG-LS777 Build/NRD90U,yahoo.com,0
3563021,2025-06-27 01:09:01,37.441,mastercard,credit,amy.koh561@hotmail.com,536138,Low,7350,Existing User,15,,Approved,No,No,desktop,Windows,hotmail.com,0
3523241,2025-06-13 15:17:05,100,visa,credit,mike.lim167@yahoo.com,413028,Low,8782,Existing User,22,,Approved,No,Yes,desktop,MacOS,yahoo.com,0
3405607,2025-05-03 15:21:43,100,visa,credit,john.koh433@anonymous.com,447953,Medium,9814,Existing User,53,,Approved,No,No,desktop,Windows,anonymous.com,0
3032811,2025-01-13 18:11:01,50,visa,debit,amy.goh424@gmail.com,456579,Low,8837,Existing User,31,,Approved,No,No,mobile,iOS Device,gmail.com,0
3529149,2025-06-15 14:51:25,6.517,visa,credit,alex.ng203@gmail.com,494962,Low,5895,Existing User,47,,Approved,No,No,mobile,0,gmail.com,0
3082023,2025-01-23 16:43:38,300,visa,debit,amy.lee470@anonymous.com,426548,Medium,6851,Existing User,60,,Approved,No,No,desktop,Trident/7.0,anonymous.com,0
3304868,2025-04-02 16:07:08,75,visa,debit,tom.ng971@yahoo.com,413295,Medium,7124,New User,50,,Approved,No,No,desktop,Windows,yahoo.com,0
3447799,2025-05-17 23:49:20,20,visa,debit,sarah.ong367@gmail.com,477679,Low,6613,New User,45,,Approved,No,No,mobile,iOS Device,gmail.com,0
3185378,2025-02-21 21:38:42,50,visa,credit,jason.ng73@hotmail.com,482213,Low,1165,Existing User,38,,Approved,No,No,mobile,iOS Device,hotmail.com,0
3065203,2025-01-20 18:16:19,23.553,visa,debit,jason.ng842@outlook.com,412015,Low,7074,Existing User,35,,Approved,No,No,mobile,HTC Desire 626s Build/LMY47O,outlook.com,0
3076565,2025-01-22 18:25:14,100,american express,credit,mike.chan719@gmail.com,375456,Low,4521,Existing User,26,,Approved,No,No,desktop,MacOS,gmail.com,0
3536317,2025-06-17 20:51:53,50,mastercard,credit,lisa.chan117@gmail.com,528451,Medium,8597,New User,51,,Approved,No,No,mobile,rv:60.0,gmail.com,0
3049905,2025-01-17 15:47:13,50,mastercard,credit,amy.ong831@att.net,518501,Low,3073,Existing User,15,,Approved,No,No,desktop,Trident/7.0,att.net,0
3141354,2025-02-06 22:19:00,50,american express,credit,amy.goh688@aol.com,371916,Low,9253,Existing User,18,,Approved,No,No,desktop,Windows,aol.com,0
3205492,2025-03-01 00:31:09,10.392,visa,debit,david.lee445@outlook.com,468842,Low,1250,Existing User,26,,Approved,No,No,mobile,SM-G610M Build/MMB29K,outlook.com,0
3213032,2025-03-03 20:17:13,89.573,mastercard,debit,alex.lim628@hotmail.com,512215,Low,9209,New User,35,,Approved,No,No,desktop,Trident/7.0,hotmail.com,0
3518778,2025-06-11 23:49:44,44.266,mastercard,debit,mike.goh634@gmail.com,531539,Low,9733,Existing User,32,,Approved,No,No,mobile,F3213 Build/36.1.A.1.86,gmail.com,0
3540487,2025-06-19 05:25:12,92.835,visa,debit,tom.lee613@hotmail.com,442613,Low,2272,Existing User,39,,Approved,No,No,mobile,Moto Z (2,hotmail.com,0
3517103,2025-06-11 14:50:55,150,visa,credit,jason.wong257@anonymous.com,486720,Low,4195,Existing User,43,,Approved,No,No,desktop,Windows,anonymous.com,0
3093145,2025-01-25 11:48:03,24.168,mastercard,credit,sarah.lee521@gmx.de,552583,Low,2278,Existing User,17,,Approved,No,No,desktop,Windows,gmx.de,0
3429316,2025-05-10 23:44:42,100,mastercard,credit,sarah.lee927@ymail.com,537069,Low,6782,Existing User,37,,Approved,Yes,No,mobile,LGMP260 Build/NRD90U,ymail.com,1
3575988,2025-07-02 15:15:17,8.485,mastercard,debit,mike.ong37@hotmail.com,527918,Low,5040,Existing User,37,,Approved,No,No,mobile,LG-H542 Build/MRA58K,hotmail.com,0
3566975,2025-06-28 21:59:08,100,visa,credit,alex.teo445@yahoo.com,435983,Low,9085,New User,48,,Approved,Yes,No,desktop,MacOS,yahoo.com,1
3155113,2025-02-11 18:25:13,19.697,mastercard,credit,lisa.lim698@gmail.com,517151,Medium,3802,New User,55,,Approved,No,No,desktop,0,,0
3016670,2025-01-09 17:23:20,150,mastercard,credit,alex.ng367@hotmail.com,554707,Low,9218,Existing User,17,,Approved,No,No,desktop,Windows,hotmail.com,0
3162994,2025-02-14 01:10:13,43.958,visa,credit,jason.koh875@gmail.com,467271,Low,7697,New User,48,,Approved,No,No,mobile,SAMSUNG SM-A720F Build/NRD90M,gmail.com,0
3225979,2025-03-07 04:10:30,10.392,visa,credit,david.lee459@anonymous.com,426223,Low,9953,Existing User,46,,Approved,Yes,No,mobile,hi6210sft Build/MRA58K,anonymous.com,1
3279686,2025-03-25 16:35:50,300,visa,credit,anna.wong536@gmail.com,443356,Low,7338,Existing User,30,,Approved,Yes,No,desktop,Windows,gmail.com,1
3043760,2025-01-16 02:42:50,100,mastercard,credit,anna.wong285@verizon.net,520042,Low,1346,Existing User,22,,Approved,No,No,desktop,MacOS,verizon.net,0
3482886,2025-05-30 23:51:38,200,american express,credit,amy.ong474@gmail.com,378300,Low,6318,Existing User,19,,Approved,No,No,desktop,Trident/7.0,gmail.com,0
3099326,2025-01-26 06:27:00,250,visa,credit,sarah.lim794@gmail.com,421529,Medium,9321,New User,63,,Approved,No,No,mobile,iOS Device,gmail.com,0
3363367,2025-04-19 21:02:44,23.564,visa,credit,david.lim849@hotmail.com,449023,Low,5912,Existing User,29,,Approved,No,No,mobile,SM-A500M Build/KTU84P,hotmail.com,0
3094079,2025-01-25 16:22:58,100,visa,credit,mike.ong165@sbcglobal.net,418140,Low,8324,Existing User,17,,Approved,No,No,desktop,Windows,sbcglobal.net,0
3252440,2025-03-16 05:18:30,16.676,visa,debit,amy.wong437@gmail.com,418906,Low,1418,Existing User,30,,Approved,No,No,mobile,LG-K530 Build/MMB29M,gmail.com,0
3097025,2025-01-25 22:47:43,75,visa,credit,mike.teo682@bellsouth.net,490637,Low,8372,New User,39,,Approved,No,No,desktop,Windows,bellsouth.net,0
3577149,2025-07-02 21:42:51,48.845,visa,credit,mike.lim378@hotmail.com,440433,Low,2930,Existing User,46,,Approved,No,No,mobile,0,hotmail.com,0
3031256,2025-01-13 04:32:49,25,visa,credit,john.goh200@gmail.com,475507,Low,6531,Existing User,20,,Approved,No,No,desktop,Windows,gmail.com,0
2989468,2025-01-02 16:39:07,25,visa,debit,mike.ong579@anonymous.com,492046,Medium,4588,Existing User,60,ANONYMOUS_EMAIL,Rejected,No,No,desktop,Windows,anonymous.com,0
3299001,2025-03-31 21:20:30,100,visa,credit,anna.teo564@yahoo.com,481206,Low,5548,Existing User,26,,Approved,No,No,mobile,iOS Device,yahoo.com,0
3409634,2025-05-04 20:18:33,15,visa,debit,mike.ng482@outlook.com,461809,Low,1699,New User,41,,Approved,No,No,desktop,Trident/7.0,,0
3067562,2025-01-21 00:43:14,64.013,visa,debit,tom.tan725@anonymous.com,412874,Medium,2518,New User,60,,Approved,No,No,desktop,Trident/7.0,anonymous.com,0
3345346,2025-04-13 19:27:23,37.702,visa,credit,john.koh523@gmail.com,406997,Low,5878,Existing User,30,,Approved,Yes,No,desktop,Moto G (5) Plus Build/NPN25.137-82,gmail.com,1
3270433,2025-03-22 01:26:13,50,visa,credit,alex.wong384@msn.com,495598,Low,6569,Existing User,39,,Approved,No,No,mobile,KFGIWI Build/LVY48F,msn.com,0
3541075,2025-06-19 14:58:20,19.735,visa,credit,anna.lee833@hotmail.com,409873,Low,4614,Existing User,26,,Approved,Yes,No,desktop,Windows,hotmail.com,0
3274084,2025-03-23 17:59:07,8.58,mastercard,debit,anna.lee980@hotmail.com,558458,Low,3922,New User,40,,Approved,Yes,No,desktop,Windows,hotmail.com,1
3237356,2025-03-10 23:53:22,150,mastercard,credit,david.lim951@anonymous.com,552596,Medium,5709,Existing User,52,,Approved,No,No,mobile,iOS Device,anonymous.com,0
3112906,2025-01-29 20:46:42,250,american express,credit,mike.ong161@anonymous.com,377485,Medium,2007,New User,66,,Approved,No,No,desktop,Windows,anonymous.com,0
3369892,2025-04-21 22:51:26,13.534,visa,debit,david.wong777@gmail.com,483519,Low,6558,Existing User,30,,Approved,No,No,desktop,Windows,gmail.com,0
3098211,2025-01-26 02:01:10,50,visa,debit,amy.goh607@gmail.com,462545,Low,8494,Existing User,41,,Approved,No,No,mobile,iOS Device,gmail.com,0
3096500,2025-01-25 21:33:58,50,visa,debit,lisa.teo336@gmail.com,418226,Low,5972,Existing User,21,,Approved,No,Yes,desktop,Windows,gmail.com,0
3172789,2025-02-17 20:27:18,42.676,visa,credit,alex.teo998@yahoo.com,481758,Low,1673,Existing User,16,,Approved,No,No,desktop,Windows,yahoo.com,0
3109286,2025-01-28 19:41:01,50,visa,credit,amy.goh754@yahoo.com,456583,Low,1474,Existing User,29,,Approved,No,No,0,0,yahoo.com,0
3098505,2025-01-26 02:59:23,150,discover,credit,alex.wong991@comcast.net,644128,Low,2500,Existing User,35,,Approved,No,No,desktop,MacOS,comcast.net,0
3392767,2025-04-29 16:52:56,219.687,visa,credit,sarah.ng935@hotmail.com,471210,Medium,4310,Existing User,57,,Approved,No,No,mobile,0,hotmail.com,0
3553132,2025-06-23 17:54:52,100,visa,credit,alex.teo419@gmail.com,432709,Low,2151,New User,42,,Approved,No,No,desktop,MacOS,gmail.com,0
3199821,2025-02-27 02:02:21,125,visa,debit,mike.goh37@gmail.com,463986,Low,9639,Existing User,31,,Approved,No,No,desktop,Windows,gmail.com,0
3476219,2025-05-28 16:41:55,29.879,mastercard,debit,lisa.lim549@gmail.com,517318,Low,6155,Existing User,25,,Approved,No,No,desktop,Moto G (5) Build/NPPS25.137-15-11,gmail.com,0
3264550,2025-03-20 01:30:17,18.005,visa,debit,anna.teo157@gmail.com,428831,Low,5554,Existing User,32,,Approved,No,No,mobile,LG-X180g Build/LMY47I,gmail.com,0
3526523,2025-06-14 16:49:05,50,american express,credit,sarah.ng391@yahoo.com,372090,Low,9439,Existing User,31,,Approved,No,No,mobile,iOS Device,yahoo.com,0
3021072,2025-01-10 19:09:36,30,mastercard,credit,david.ong436@yahoo.com,536764,Low,4648,New User,40,,Approved,No,No,desktop,Windows,yahoo.com,0
3086342,2025-01-24 02:01:43,100,american express,credit,john.chan391@anonymous.com,370180,Low,5422,Existing User,48,,Approved,No,No,desktop,Windows,anonymous.com,0
3031078,2025-01-13 03:20:52,52.237,visa,credit,david.tan636@gmail.com,470698,Low,5444,Existing User,26,,Approved,No,No,mobile,SAMSUNG SM-T710 Build/NRD90M,gmail.com,0
3519546,2025-06-12 11:57:29,100,visa,debit,sarah.chan252@hotmail.com,452791,Medium,7284,New User,54,,Approved,No,No,mobile,iOS Device,hotmail.com,0
3118764,2025-01-31 04:17:11,85.818,visa,credit,lisa.koh75@gmail.com,471910,Low,1747,New User,40,,Approved,Yes,No,mobile,SM-G950F Build/NRD90M,gmail.com,1
3225645,2025-03-07 01:45:00,83.833,visa,debit,anna.chan301@gmail.com,487395,Low,6119,New User,41,,Approved,No,No,mobile,Android 6.0,gmail.com,0
3024924,2025-01-11 20:25:33,500,visa,debit,john.koh994@comcast.net,407382,Low,2879,Existing User,33,,Approved,No,No,desktop,Trident/7.0,comcast.net,0
3084701,2025-01-23 21:57:31,25,mastercard,credit,amy.lee749@anonymous.com,541360,Medium,5859,New User,64,,Approved,No,No,desktop,Windows,anonymous.com,0
3107715,2025-01-28 07:18:52,76.023,mastercard,debit,amy.tan979@hotmail.com,529328,Low,1752,Existing User,36,,Approved,Yes,No,mobile,LG-K410 Build/LRX22G,hotmail.com,0
3108435,2025-01-28 16:32:24,50,visa,debit,anna.tan668@outlook.com,464847,Low,1968,Existing User,35,,Approved,No,No,desktop,Windows,,0
3409730,2025-05-04 20:42:52,29.879,visa,credit,mike.teo572@gmail.com,418712,Low,4902,Existing User,37,,Approved,Yes,No,desktop,0,gmail.com,1
3096273,2025-01-25 21:06:28,25,visa,credit,mike.chan159@gmail.com,474925,Low,7021,Existing User,32,,Approved,No,No,desktop,MacOS,gmail.com,0
3348299,2025-04-14 18:24:34,28.607,visa,debit,jason.tan549@hotmail.fr,434172,Low,7278,Existing User,44,,Approved,No,No,mobile,0,hotmail.fr,0
3534323,2025-06-17 02:53:58,19.797,visa,debit,lisa.koh894@gmail.com,470932,Low,5392,New User,45,,Approved,No,No,desktop,0,gmail.com,0
3566019,2025-06-28 15:23:41,100,visa,credit,alex.ong40@sbcglobal.net,433726,Low,5696,New User,45,,Approved,No,No,desktop,Windows,sbcglobal.net,0
3039542,2025-01-15 04:14:09,100,mastercard,credit,john.ng723@anonymous.com,545760,Medium,4086,Existing User,52,,Approved,No,No,mobile,rv:57.0,anonymous.com,0
3241772,2025-03-12 15:36:40,1200,mastercard,credit,amy.chan455@anonymous.com,527621,Medium,4099,Existing User,70,HIGH_AMOUNT,Rejected,No,No,desktop,Windows,anonymous.com,0
3353044,2025-04-16 02:29:18,27.068,visa,debit,jason.lim56@hotmail.com,442942,Low,1210,Existing User,46,,Approved,No,No,mobile,0,hotmail.com,0
3124523,2025-02-02 01:17:16,50,visa,credit,john.lee303@gmail.com,465353,Low,4756,Existing User,22,,Approved,No,No,desktop,Windows,gmail.com,0
3534324,2025-06-17 02:54:11,150,mastercard,credit,sarah.teo387@gmail.com,529565,Low,1661,Existing User,29,,Approved,No,No,desktop,Windows,gmail.com,0
3064167,2025-01-20 15:29:38,500,visa,credit,anna.wong97@comcast.net,498233,Low,7901,Existing User,33,,Approved,No,No,desktop,Trident/7.0,comcast.net,0
3228031,2025-03-07 22:15:07,78.667,mastercard,debit,alex.chan554@hotmail.com,512554,Low,1888,Existing User,26,,Approved,No,No,desktop,Windows,hotmail.com,0
3245744,2025-03-13 20:09:39,17.418,visa,credit,lisa.lim985@anonymous.com,468571,Medium,6207,Existing User,53,,Approved,Yes,No,mobile,hi6210sft Build/MRA58K,anonymous.com,1
3253385,2025-03-16 17:27:52,150,visa,debit,sarah.chan909@comcast.net,461402,Low,7521,Existing User,27,,Approved,No,No,desktop,rv:11.0,comcast.net,0
3072613,2025-01-21 22:42:35,21.942,mastercard,debit,tom.ng262@hotmail.com,537349,Low,4575,Existing User,24,,Approved,No,No,desktop,Windows,hotmail.com,0
3358906,2025-04-18 00:12:06,14.622,visa,debit,david.teo678@gmail.com,429616,Medium,5511,New User,52,,Approved,No,No,desktop,0,gmail.com,0
3073564,2025-01-22 01:35:31,600,visa,credit,tom.koh375@gmail.com,458777,Medium,9607,New User,54,,Approved,No,No,desktop,MacOS,gmail.com,0
3301013,2025-04-01 15:18:13,100,visa,credit,lisa.koh656@icloud.com,418487,Low,5626,Existing User,25,,Approved,No,No,desktop,Trident/7.0,icloud.com,0
3085386,2025-01-23 23:28:20,75,visa,debit,sarah.wong347@juno.com,408429,Low,6975,Existing User,34,,Approved,No,No,mobile,iOS Device,juno.com,0
3244934,2025-03-13 16:41:59,5,mastercard,debit,lisa.goh812@gmail.com,541673,Low,9748,Existing User,35,,Approved,No,Yes,desktop,BOIE9,,0
3102528,2025-01-26 21:03:31,70,visa,debit,david.ng827@gmail.com,493405,Low,8017,New User,47,,Approved,No,No,desktop,Windows,gmail.com,0
3027858,2025-01-12 16:16:05,300,american express,credit,alex.ong488@gmail.com,374565,Low,8824,New User,43,,Approved,No,No,desktop,rv:11.0,gmail.com,0
3088813,2025-01-24 17:42:34,250,visa,credit,mike.wong650@hotmail.com,422625,Low,3520,Existing User,39,,Approved,No,No,mobile,iOS Device,hotmail.com,0
3027839,2025-01-12 16:12:43,100,mastercard,credit,tom.ng359@gmail.com,532949,Low,1639,Existing User,21,,Approved,No,No,desktop,Windows,gmail.com,0
3114001,2025-01-30 01:43:07,32.356,mastercard,debit,jason.koh638@gmail.com,529791,Low,9459,Existing User,46,,Approved,No,No,desktop,0,gmail.com,0
3101752,2025-01-26 18:36:18,100,mastercard,credit,anna.ong69@gmail.com,528195,Low,9260,Existing User,35,,Approved,No,No,mobile,iOS Device,gmail.com,0
3080231,2025-01-23 06:32:54,100,american express,credit,lisa.lee630@gmail.com,375237,Low,4215,Existing User,30,,Approved,No,No,mobile,iOS Device,gmail.com,0
3385228,2025-04-27 01:31:32,120.236,mastercard,credit,sarah.lee581@sbcglobal.net,524805,Low,6630,New User,35,,Approved,No,No,desktop,Windows,sbcglobal.net,0
3020913,2025-01-10 18:37:45,200,american express,credit,lisa.lim6@aol.com,376905,Low,2942,Existing User,29,,Approved,No,No,mobile,iOS Device,aol.com,0
3460162,2025-05-22 15:00:53,100,visa,credit,lisa.teo808@anonymous.com,455200,Low,9048,Existing User,42,,Approved,No,Yes,desktop,Trident/7.0,anonymous.com,0
3085418,2025-01-23 23:31:19,20,visa,credit,lisa.ong817@me.com,486421,Low,7519,Existing User,35,,Approved,No,No,desktop,MacOS,me.com,0
3077736,2025-01-22 21:03:25,68.794,visa,credit,lisa.chan4@gmail.com,409184,Low,5460,New User,32,,Approved,No,No,desktop,Windows,gmail.com,0
3418239,2025-05-07 00:32:55,9.96,mastercard,debit,john.wong498@hotmail.com,550017,Low,9646,Existing User,31,,Approved,No,No,mobile,MotoE2 Build/LPCS23.13-56-5,hotmail.com,0
3036105,2025-01-14 15:34:41,200,mastercard,debit,alex.tan938@anonymous.com,510051,Medium,4168,Existing User,55,,Approved,No,No,desktop,Windows,anonymous.com,0
3043000,2025-01-15 23:46:54,25,discover,credit,john.koh638@anonymous.com,601709,Low,1622,Existing User,45,,Approved,No,No,desktop,Windows,anonymous.com,0
3046747,2025-01-16 20:07:35,150,visa,credit,tom.ong713@gmail.com,454478,Low,4673,Existing User,25,,Approved,No,No,desktop,Windows,gmail.com,0
3075635,2025-01-22 16:08:49,75,mastercard,debit,amy.lim943@hotmail.com,539672,Low,7711,Existing User,25,,Approved,No,No,desktop,rv:11.0,hotmail.com,0
3475391,2025-05-28 04:35:01,31.908,mastercard,credit,david.ong268@gmail.com,516293,Low,3139,New User,35,,Approved,No,No,mobile,SM-A320Y Build/NRD90M,gmail.com,0
3551980,2025-06-23 03:29:25,57.607,mastercard,debit,sarah.goh597@anonymous.com,536341,Medium,1823,New User,73,ANONYMOUS_EMAIL,Rejected,No,No,mobile,Redmi Note 4 Build/NRD90M,anonymous.com,0
3567170,2025-06-28 23:23:46,20,mastercard,debit,mike.lim359@yahoo.com,543646,Low,4938,Existing User,42,,Approved,No,No,mobile,0,,0
3293253,2025-03-29 23:39:16,25.739,visa,debit,mike.ong481@anonymous.com,444805,Medium,9418,Existing User,65,,Approved,No,No,mobile,SM-A510M Build/NRD90M,anonymous.com,0
3255594,2025-03-17 03:59:50,29.243,visa,debit,lisa.koh740@gmail.com,434043,Low,9816,Existing User,32,,Approved,No,No,desktop,Trident/7.0,gmail.com,0
3397766,2025-05-01 00:57:08,75,visa,credit,alex.chan237@anonymous.com,406890,Medium,1160,Existing User,53,,Approved,No,No,desktop,MacOS,anonymous.com,0
3029255,2025-01-12 20:43:29,60,visa,debit,mike.koh55@outlook.com,461171,Low,4275,Existing User,34,,Approved,No,No,mobile,KFGIWI Build/LVY48F,,0
3388873,2025-04-28 05:25:32,68.034,mastercard,debit,alex.chan500@hotmail.com,524024,Low,9115,Existing User,44,,Approved,No,No,desktop,0,hotmail.com,0
3575678,2025-07-02 13:25:30,22.748,visa,credit,mike.lim407@hotmail.com,485799,Low,2404,Existing User,24,,Approved,Yes,No,mobile,MotoG3 Build/MPIS24.65-33.1-2-16,hotmail.com,1
3193241,2025-02-24 20:57:31,20,mastercard,debit,sarah.koh636@outlook.com,539241,Low,6784,Existing User,30,,Approved,No,No,desktop,MacOS,,0
3021575,2025-01-10 20:58:25,25,mastercard,credit,john.lee382@gmail.com,537215,Low,9634,New User,44,,Approved,No,No,0,0,gmail.com,0
3327676,2025-04-08 00:24:10,100,visa,debit,alex.lee38@gmail.com,469346,Low,3934,Existing User,41,,Approved,No,No,mobile,iOS Device,gmail.com,0
3391832,2025-04-29 04:55:21,100,visa,credit,amy.tan35@gmail.com,407737,Low,5670,Existing User,38,,Approved,Yes,No,mobile,SM-J727T1 Build/NRD90M,gmail.com,1
3264456,2025-03-20 01:03:28,17.159,visa,debit,amy.wong307@hotmail.com,407044,Low,6678,Existing User,34,,Approved,No,No,desktop,0,hotmail.com,0
3040592,2025-01-15 16:00:51,150,visa,debit,alex.lee115@charter.net,498177,Low,2369,Existing User,45,,Approved,No,No,mobile,iOS Device,charter.net,0
3083532,2025-01-23 19:29:14,75,mastercard,credit,anna.chan201@gmail.com,547060,Low,2582,New User,34,,Approved,No,No,desktop,Windows,gmail.com,0
3085565,2025-01-23 23:53:14,100,american express,credit,jason.lee504@gmail.com,374973,Low,6057,New User,30,,Approved,Yes,No,desktop,MacOS,gmail.com,1
3030752,2025-01-13 01:47:44,100,visa,credit,alex.chan496@hotmail.com,479354,Low,3044,Existing User,35,,Approved,No,No,mobile,iOS Device,hotmail.com,0
3371933,2025-04-22 17:49:13,100,discover,credit,amy.lee790@yahoo.com,617259,Low,7038,New User,39,,Approved,No,No,desktop,Windows,yahoo.com,0
3021510,2025-01-10 20:43:40,25,american express,credit,sarah.tan930@gmail.com,378733,Low,3698,Existing User,23,,Approved,No,No,desktop,MacOS,gmail.com,0
3260617,2025-03-18 20:39:56,50,visa,credit,john.chan618@yahoo.com,488370,Low,2954,Existing User,26,,Approved,No,No,desktop,Windows,yahoo.com,0
3059632,2025-01-19 18:26:53,150,visa,credit,sarah.ng519@anonymous.com,466977,Medium,5731,New User,70,,Approved,No,Yes,desktop,Windows,anonymous.com,0
3208372,2025-03-02 03:38:08,6.102,mastercard,credit,lisa.ng106@gmail.com,554263,Low,5036,Existing User,47,,Approved,No,No,mobile,0,gmail.com,0
3145424,2025-02-08 04:37:10,64.13,visa,debit,john.ng658@hotmail.es,495672,Low,3050,Existing User,25,,Approved,Yes,No,mobile,LG-D680 Build/KOT49I,hotmail.es,1
3231086,2025-03-09 00:36:03,16.495,mastercard,debit,john.tan122@outlook.com,546784,Medium,8796,Existing User,53,,Approved,No,No,mobile,0,outlook.com,0
3321573,2025-04-06 05:04:25,40.904,visa,debit,tom.goh952@gmail.com,455383,Low,1665,Existing User,26,,Approved,Yes,No,mobile,LG-K580 Build/MRA58K,gmail.com,1
3107752,2025-01-28 08:19:31,47.806,mastercard,credit,john.goh988@hotmail.com,558393,Low,8471,Existing User,21,,Approved,No,No,desktop,rv:57.0,hotmail.com,0
3051080,2025-01-17 19:31:20,47.806,visa,credit,lisa.lee126@yahoo.com,498163,Low,7759,Existing User,47,,Approved,No,No,mobile,0,yahoo.com,0
3088046,2025-01-24 15:51:17,100,visa,credit,sarah.koh799@anonymous.com,450501,Medium,5447,Existing User,59,,Approved,No,No,mobile,iOS Device,anonymous.com,0
3272981,2025-03-23 03:35:13,26.283,visa,credit,amy.wong187@gmail.com,496971,Medium,9442,New User,55,,Approved,No,No,desktop,0,gmail.com,0
3391839,2025-04-29 05:01:02,18.489,mastercard,debit,sarah.teo190@hotmail.com,551744,Medium,1617,New User,66,,Approved,No,No,mobile,0,hotmail.com,0
3450468,2025-05-18 22:31:49,4.795,mastercard,credit,alex.lim920@gmail.com,522496,Low,3258,Existing User,30,,Approved,No,No,desktop,Windows,gmail.com,0
3419408,2025-05-07 14:58:08,25,visa,debit,amy.lim859@anonymous.com,415595,Medium,2725,Existing User,56,,Approved,No,No,desktop,rv:52.0,anonymous.com,0
3138897,2025-02-06 04:52:28,40.81,mastercard,credit,david.chan262@hotmail.com,536869,Low,7094,Existing User,29,,Approved,No,No,mobile,SGP521,hotmail.com,0
2999779,2025-01-05 03:22:08,50,mastercard,debit,anna.chan533@yahoo.com,540142,Low,7276,Existing User,30,,Approved,No,No,desktop,Windows,yahoo.com,0
3181506,2025-02-20 17:36:26,6.355,mastercard,credit,tom.ng975@gmail.com,528559,Low,4527,New User,44,,Approved,Yes,No,desktop,Windows,gmail.com,1
3257535,2025-03-17 22:15:52,100,visa,debit,david.wong407@gmail.com,468554,Low,7430,Existing User,28,,Approved,No,No,desktop,Windows,gmail.com,0
3090757,2025-01-24 22:12:51,50,visa,credit,john.koh337@yahoo.com,455049,Low,3603,Existing User,25,,Approved,No,No,mobile,iOS Device,yahoo.com,0
3411199,2025-05-05 04:10:38,16.539,mastercard,debit,sarah.koh142@hotmail.com,514291,Low,7524,Existing User,26,,Approved,No,No,mobile,SM-A720F Build/NRD90M,hotmail.com,0
3091807,2025-01-25 00:53:24,50,mastercard,credit,david.wong482@hotmail.com,518985,Low,6544,Existing User,23,,Approved,No,No,desktop,MacOS,hotmail.com,0
3417005,2025-05-06 19:07:51,33.938,mastercard,debit,sarah.lim903@gmail.com,522235,Medium,3560,Existing User,50,,Approved,No,No,mobile,0,gmail.com,0
3098617,2025-01-26 03:22:55,25,visa,debit,mike.ng734@gmail.com,437194,Low,3645,Existing User,25,,Approved,No,No,desktop,Windows,gmail.com,0
3214483,2025-03-04 03:59:50,150,visa,debit,sarah.koh868@gmail.com,448493,Low,2669,New User,43,,Approved,No,No,desktop,Windows,gmail.com,0
3481842,2025-05-30 17:20:25,31.047,visa,debit,amy.lim279@yahoo.es,434943,Low,4332,Existing User,37,,Approved,No,No,desktop,0,yahoo.es,0
3428212,2025-05-10 17:25:31,9.468,visa,debit,sarah.tan531@gmail.com,462692,Low,9885,Existing User,39,,Approved,No,No,mobile,SM-J730GM Build/NRD90M,gmail.com,0
3153630,2025-02-11 01:48:23,46.04,visa,debit,jason.goh985@outlook.com,498545,Low,7355,Existing User,46,,Approved,No,No,mobile,0,outlook.com,0
3055402,2025-01-18 21:17:44,41.276,visa,credit,jason.chan860@gmail.com,402468,Low,7193,Existing User,38,,Approved,No,No,desktop,0,gmail.com,0
3138092,2025-02-05 23:27:44,100,visa,debit,anna.koh765@ymail.com,413771,Medium,5497,New User,50,,Approved,No,No,mobile,SM-G950U Build/NRD90M,ymail.com,0
3522398,2025-06-13 01:50:58,9.591,visa,credit,tom.tan511@gmail.com,465484,Low,9213,New User,37,,Approved,No,No,mobile,RNE-L03 Build/HUAWEIRNE-L03,gmail.com,0
3179586,2025-02-19 23:34:02,17.898,visa,debit,sarah.lim792@outlook.com,451034,Low,6105,Existing User,20,,Approved,No,No,desktop,Windows,outlook.com,0
3543736,2025-06-20 12:36:18,100,mastercard,credit,sarah.koh659@comcast.net,528325,Low,3424,Existing User,25,,Approved,No,No,desktop,Windows,comcast.net,0
3214622,2025-03-04 06:06:23,33.473,visa,debit,mike.ng800@hotmail.com,461733,Low,5826,New User,42,,Approved,No,No,mobile,RCT6223W87,hotmail.com,0
3343738,2025-04-13 02:16:21,32.627,visa,debit,mike.ng365@gmail.com,450455,Low,1621,Existing User,28,,Approved,No,No,desktop,Windows,,0
3305727,2025-04-02 19:16:03,75,visa,debit,amy.teo439@hotmail.com,401480,Low,8007,New User,49,,Approved,No,No,desktop,Trident/7.0,hotmail.com,0
2997140,2025-01-04 15:43:19,100,american express,debit,jason.teo260@gmail.com,376167,Low,1538,Existing User,33,,Approved,No,No,mobile,iOS Device,gmail.com,0
3491034,2025-06-02 19:29:27,40.454,visa,debit,john.teo373@anonymous.com,423606,Medium,3488,New User,61,ANONYMOUS_EMAIL,Rejected,No,No,desktop,Windows,anonymous.com,0
3083923,2025-01-23 20:15:56,50,visa,debit,mike.ong123@icloud.com,436994,Low,8302,Existing User,23,,Approved,No,No,desktop,Windows,icloud.com,0
3554781,2025-06-24 03:29:07,25,visa,credit,alex.tan996@gmail.com,452425,Low,9740,Existing User,39,,Approved,No,No,mobile,iOS Device,gmail.com,0
2996069,2025-01-04 01:04:18,100,mastercard,credit,jason.ong158@earthlink.net,553828,Medium,8754,New User,56,,Approved,No,No,mobile,0,earthlink.net,0
3323573,2025-04-06 20:48:38,200,visa,debit,tom.ong882@gmail.com,490979,Low,8408,Existing User,35,,Approved,No,No,desktop,Windows,gmail.com,0
3359825,2025-04-18 13:47:46,150,visa,debit,lisa.wong959@icloud.com,467060,Low,1361,Existing User,38,,Approved,No,No,mobile,iOS Device,icloud.com,0
3050384,2025-01-17 17:22:04,300,visa,credit,sarah.ong292@anonymous.com,428232,Medium,1271,Existing User,58,,Approved,No,No,desktop,MacOS,anonymous.com,0
3190257,2025-02-23 20:13:44,17.432,visa,debit,lisa.goh689@hotmail.com,400434,Low,7813,New User,47,,Approved,No,No,desktop,Trident/7.0,hotmail.com,0
3518810,2025-06-12 00:00:19,100,visa,credit,mike.ng165@gmail.com,479697,Low,7089,Existing User,37,,Approved,No,No,mobile,iOS Device,gmail.com,0
2998478,2025-01-04 21:50:48,40,visa,debit,tom.lee669@yahoo.com,465197,Low,1167,Existing User,35,,Approved,No,No,desktop,MacOS,yahoo.com,0
3117261,2025-01-30 21:32:34,9.794,mastercard,debit,tom.wong381@hotmail.com,553072,Low,7021,New User,42,,Approved,No,No,mobile,Moto G (4) Build/NPJ25.93-14.5,hotmail.com,0
3096050,2025-01-25 20:37:25,100,visa,debit,lisa.ng654@gmail.com,439271,Low,3488,Existing User,25,,Approved,No,No,desktop,Windows,gmail.com,0
3179567,2025-02-19 23:28:10,250,visa,credit,sarah.chan697@anonymous.com,465801,Medium,3985,New User,68,,Approved,No,No,desktop,Windows,anonymous.com,0
3525625,2025-06-14 11:43:10,50,visa,credit,amy.goh887@gmail.com,426655,Low,2737,Existing User,37,,Approved,No,No,mobile,iOS Device,gmail.com,0
3477750,2025-05-29 01:05:40,75,visa,credit,anna.chan53@hotmail.com,405456,Medium,9733,New User,53,,Approved,No,No,desktop,0,,0
3364646,2025-04-20 06:15:52,0.929,visa,debit,tom.lee392@hotmail.com,473441,Low,7534,Existing User,20,,Approved,No,No,desktop,Moto G (4) Build/NPJ25.93-14.7,hotmail.com,0
3507480,2025-06-08 01:43:26,40.761,mastercard,credit,jason.wong461@hotmail.com,526633,Low,2713,Existing User,24,,Approved,No,No,mobile,LG-X230 Build/MRA58K,hotmail.com,0
3449000,2025-05-18 14:28:38,11.681,mastercard,credit,tom.lim695@gmail.com,538281,Low,9848,Existing User,36,,Approved,No,No,mobile,0,gmail.com,0
3499222,2025-06-05 01:25:31,153.454,visa,credit,david.tan679@hotmail.com,490021,Low,1951,New User,45,,Approved,Yes,No,desktop,Windows,hotmail.com,1
3111981,2025-01-29 17:11:26,18.073,visa,debit,alex.goh665@gmail.com,458685,Medium,5301,New User,50,,Approved,Yes,No,mobile,5056A Build/MMB29M,gmail.com,1
2993636,2025-01-03 15:15:49,35,visa,credit,mike.tan62@gmail.com,408437,Low,6388,Existing User,29,,Approved,No,No,desktop,Windows,gmail.com,0
3059393,2025-01-19 17:47:25,100,visa,debit,sarah.goh124@anonymous.com,493419,Low,3151,Existing User,47,,Approved,No,No,desktop,MacOS,anonymous.com,0
3465596,2025-05-24 18:24:02,25,visa,credit,john.lim824@gmail.com,453033,Low,4243,Existing User,17,,Approved,No,No,desktop,Trident/7.0,,0
3249096,2025-03-14 22:21:37,28.397,visa,debit,mike.koh955@gmail.com,450635,Low,1170,Existing User,48,,Approved,No,No,mobile,0,gmail.com,0
3470320,2025-05-26 15:07:23,50,visa,credit,david.teo13@gmail.com,414627,Low,3028,New User,42,,Approved,No,No,desktop,Windows,gmail.com,0
3566623,2025-06-28 19:39:35,6.394,visa,debit,alex.lim827@gmail.com,424116,Low,2015,Existing User,23,,Approved,Yes,No,desktop,Windows,gmail.com,1
3258109,2025-03-18 01:06:10,50,visa,debit,anna.goh977@gmail.com,485346,Low,1674,Existing User,39,,Approved,No,No,mobile,iOS Device,gmail.com,0
3441070,2025-05-15 11:23:12,5.103,mastercard,debit,mike.ong150@gmail.com,526495,Low,3691,Existing User,26,,Approved,No,No,mobile,SAMSUNG SM-J710MN Build/NRD90M,gmail.com,0
3098684,2025-01-26 03:36:34,50,visa,credit,john.ng532@gmail.com,432686,Low,7522,Existing User,26,,Approved,No,No,mobile,iOS Device,gmail.com,0
3245183,2025-03-13 17:51:25,8.157,visa,debit,amy.ng547@gmail.com,455702,Medium,5485,New User,52,,Approved,No,No,mobile,Z9 PLUS Build/NRD90M,gmail.com,0
3140595,2025-02-06 19:37:08,66.696,mastercard,credit,alex.teo4@gmail.com,544746,Low,9849,Existing User,33,,Approved,Yes,No,mobile,Blade L3 Build/KOT49H,gmail.com,1
3170923,2025-02-17 01:42:35,149.248,visa,credit,jason.tan99@gmail.com,418716,Low,2184,Existing User,29,,Approved,Yes,No,desktop,rv:57.0,gmail.com,1
3068640,2025-01-21 04:53:24,51.362,mastercard,debit,lisa.teo991@gmail.com,552070,Low,4731,Existing User,27,,Approved,No,No,desktop,Windows,gmail.com,0
3380658,2025-04-25 13:49:11,50,mastercard,debit,lisa.tan62@gmail.com,548128,Low,2976,Existing User,31,,Approved,No,No,desktop,Trident/7.0,gmail.com,0
3130897,2025-02-04 04:19:28,18.539,mastercard,debit,jason.lee999@hotmail.com,531405,Medium,4878,New User,58,,Approved,No,No,desktop,0,hotmail.com,0
3552070,2025-06-23 04:41:26,13.833,visa,debit,jason.goh733@gmail.com,459065,Low,2431,Existing User,31,,Approved,No,No,desktop,0,gmail.com,0
3385720,2025-04-27 08:27:27,100,visa,credit,tom.lee499@gmail.com,408118,Low,8619,Existing User,16,,Approved,No,No,desktop,Trident/7.0,gmail.com,0
3059451,2025-01-19 17:55:20,100,visa,debit,mike.ong437@gmail.com,487844,Low,6218,Existing User,34,,Approved,No,No,desktop,Windows,gmail.com,0
2994511,2025-01-03 18:45:17,125,mastercard,credit,alex.goh716@gmail.com,555528,Low,2376,Existing User,25,,Approved,No,No,desktop,Windows,gmail.com,0
3075256,2025-01-22 15:00:02,125,visa,debit,sarah.ng138@gmail.com,437479,Low,4882,Existing User,29,,Approved,No,No,desktop,Windows,gmail.com,0
3502989,2025-06-06 09:54:48,50,american express,credit,john.wong154@yahoo.com,378689,Low,4363,Existing User,26,,Approved,No,No,mobile,SM-G900V Build/MMB29M,yahoo.com,0
3021274,2025-01-10 19:53:56,125,visa,credit,mike.ong607@hotmail.com,485078,Low,6221,Existing User,17,,Approved,No,No,desktop,Windows,hotmail.com,0
3326950,2025-04-07 21:01:09,21.751,visa,credit,tom.ng457@gmail.com,440145,Low,3764,New User,38,,Approved,No,No,desktop,Windows,gmail.com,0
3570402,2025-06-30 14:56:51,50,mastercard,credit,mike.wong739@anonymous.com,537429,Low,1092,Existing User,40,,Approved,No,No,desktop,Windows,anonymous.com,0
3202185,2025-02-27 21:54:55,13.655,visa,debit,lisa.teo299@gmail.com,400312,Medium,6704,New User,51,,Approved,No,No,mobile,MotoG3 Build/MPIS24.65-33.1-2-16,gmail.com,0
3065708,2025-01-20 19:36:16,100,mastercard,credit,jason.ng978@hotmail.com,551734,Low,7830,Existing User,25,,Approved,No,No,desktop,Windows,hotmail.com,0
3447259,2025-05-17 19:59:56,78.571,visa,credit,amy.lim665@outlook.com,470062,Low,4093,Existing User,42,,Approved,Yes,No,mobile,0,outlook.com,1
3533037,2025-06-16 19:38:55,41.069,visa,debit,lisa.lim717@hotmail.com,436237,Low,2425,Existing User,25,,Approved,No,No,mobile,SM-J730GM Build/NRD90M,hotmail.com,0
3398781,2025-05-01 13:37:30,200,visa,credit,david.goh404@anonymous.com,415746,Medium,2137,New User,56,,Approved,No,No,desktop,Windows,anonymous.com,0
3193644,2025-02-24 22:45:04,76.023,mastercard,debit,sarah.ng757@gmail.com,542387,Low,1754,Existing User,35,,Approved,No,No,mobile,SM-G610M Build/MMB29K,gmail.com,0
3289267,2025-03-28 15:00:20,75,visa,debit,anna.goh725@hotmail.com,489916,Low,5624,New User,49,,Approved,No,No,desktop,Windows,hotmail.com,0
3567012,2025-06-28 22:15:13,100,visa,credit,amy.goh875@gmail.com,462673,Low,4734,New User,45,,Approved,Yes,No,desktop,MacOS,gmail.com,1
3386462,2025-04-27 16:47:57,90.388,visa,debit,jason.koh487@gmail.com,468848,Low,6925,Existing User,32,,Approved,Yes,No,desktop,Windows,gmail.com,1
3090971,2025-01-24 22:41:41,100,visa,debit,amy.lee871@gmail.com,460113,Low,1098,Existing User,32,,Approved,No,No,desktop,Windows,gmail.com,0
3298129,2025-03-31 16:54:39,114.327,visa,credit,anna.chan719@gmail.com,419762,Medium,8042,New User,55,,Approved,No,No,desktop,0,gmail.com,0
3139626,2025-02-06 16:01:01,150,mastercard,credit,david.wong759@protonmail.com,512655,Low,2883,New User,41,,Approved,Yes,No,desktop,Windows,protonmail.com,1
3288744,2025-03-28 03:21:53,45.919,visa,credit,alex.ong941@gmail.com,407786,Low,9326,Existing User,20,,Approved,No,No,desktop,Windows,gmail.com,0
3036948,2025-01-14 18:11:59,50,visa,credit,lisa.ng830@aol.com,430258,Low,1345,Existing User,19,,Approved,No,No,desktop,Windows,aol.com,0
3009971,2025-01-07 20:43:36,25,visa,debit,lisa.wong68@anonymous.com,426836,Medium,1554,Existing User,52,,Approved,No,No,desktop,Windows,anonymous.com,0
3095141,2025-01-25 18:44:55,150,discover,credit,david.chan601@gmail.com,623222,Low,3949,Existing User,34,,Approved,No,No,mobile,iOS Device,gmail.com,0
3012148,2025-01-08 14:34:13,50,mastercard,credit,alex.chan364@hotmail.com,556314,Low,5064,Existing User,19,,Approved,No,No,desktop,Windows,hotmail.com,0
3537092,2025-06-18 01:06:13,21.026,visa,debit,sarah.lim669@hotmail.com,427502,Medium,4577,New User,55,,Approved,No,No,mobile,SM-J250M Build/NMF26X,hotmail.com,0
3055663,2025-01-18 22:05:08,6.297,mastercard,credit,mike.tan688@hotmail.com,528918,Low,3655,Existing User,26,,Approved,No,No,desktop,0,hotmail.com,0
3083273,2025-01-23 18:59:40,600,american express,credit,amy.goh432@live.com,372300,Low,5369,Existing User,44,,Approved,No,No,desktop,Trident/7.0,live.com,0
3122121,2025-02-01 05:34:14,125,visa,credit,alex.goh455@anonymous.com,448324,Medium,7632,Existing User,62,ANONYMOUS_EMAIL,Rejected,No,No,mobile,iOS Device,anonymous.com,0
3527515,2025-06-14 21:56:53,18.751,visa,debit,alex.teo945@hotmail.com,436928,Medium,3473,New User,55,,Approved,No,No,mobile,TRT-L53 Build/HUAWEITRT-L53,hotmail.com,0
3324480,2025-04-07 00:33:05,50,visa,debit,lisa.wong255@yahoo.com,412849,Medium,5205,New User,50,,Approved,No,No,mobile,SM-N950U Build/NMF26X,yahoo.com,0
3191293,2025-02-24 01:05:30,150,american express,credit,david.ng851@hotmail.com,370873,Low,1124,New User,40,,Approved,No,No,desktop,MacOS,hotmail.com,0
3228915,2025-03-08 03:11:05,44.348,visa,debit,david.ng687@gmail.com,448552,Low,6652,Existing User,28,,Approved,No,No,mobile,Moto G (4) Build/NPJ25.93-14.7,gmail.com,0
3396742,2025-04-30 20:06:38,17.22,visa,debit,lisa.wong666@hotmail.com,418961,Medium,7956,New User,54,,Approved,No,No,mobile,SM-J700M Build/MMB29K,hotmail.com,0
2990392,2025-01-02 19:05:11,30,mastercard,credit,amy.goh882@yahoo.com,550172,Low,6386,Existing User,29,,Approved,No,No,mobile,SM-G930V Build/NRD90M,yahoo.com,0
3095682,2025-01-25 19:53:45,150,visa,credit,amy.koh556@comcast.net,450595,Low,2732,Existing User,26,,Approved,No,No,mobile,iOS Device,comcast.net,0
3001082,2025-01-05 16:49:58,50,american express,credit,david.chan238@sbcglobal.net,377916,Low,2724,Existing User,21,,Approved,No,No,desktop,Trident/7.0,sbcglobal.net,0
3031030,2025-01-13 03:08:02,25,visa,credit,mike.lee64@aol.com,409773,Low,1756,Existing User,27,,Approved,No,No,mobile,iOS Device,aol.com,0
3069879,2025-01-21 15:56:16,45.94,mastercard,debit,alex.lim366@yahoo.com,559647,Low,2093,Existing User,35,,Approved,No,No,desktop,0,yahoo.com,0
3237948,2025-03-11 03:06:27,200,mastercard,credit,mike.goh291@hotmail.com,526350,Low,7119,Existing User,28,,Approved,No,No,mobile,iOS Device,hotmail.com,0
3503291,2025-06-06 14:44:29,108.82,mastercard,debit,alex.tan162@hotmail.com,527557,Low,6378,Existing User,44,,Approved,No,No,desktop,0,hotmail.com,0
3542923,2025-06-19 23:30:07,150,mastercard,credit,alex.tan605@yahoo.com,530385,Low,8721,Existing User,21,,Approved,No,No,desktop,Windows,,0
3332980,2025-04-09 19:47:54,29.243,visa,credit,john.koh230@outlook.com,492572,Low,2644,Existing User,21,,Approved,No,No,desktop,Windows,,0
3523567,2025-06-13 16:59:50,103.778,mastercard,credit,anna.lee87@gmail.com,510250,Low,6276,Existing User,20,,Approved,No,No,mobile,SM-G950F Build/R16NW,gmail.com,0
3021538,2025-01-10 20:49:56,100,visa,credit,lisa.ong684@aol.com,416071,Low,8343,Existing User,28,,Approved,No,No,desktop,MacOS,aol.com,0
3005778,2025-01-06 19:03:58,30.27,visa,debit,lisa.chan514@gmail.com,462188,Low,7762,Existing User,24,,Approved,No,No,desktop,Windows,gmail.com,0
2996339,2025-01-04 02:20:44,25,visa,credit,amy.lim894@hotmail.com,422348,Low,9826,Existing User,26,,Approved,No,No,desktop,MacOS,hotmail.com,0
3398145,2025-05-01 03:47:44,200,mastercard,credit,john.goh84@aol.com,556198,Low,2045,Existing User,37,,Approved,No,No,mobile,SM-G950U Build/R16NW,aol.com,0
3564885,2025-06-27 21:58:03,85.58,mastercard,credit,anna.lee77@hotmail.com,533940,Low,3509,New User,36,,Approved,No,No,mobile,SM-G955U1 Build/R16NW,hotmail.com,0
3368639,2025-04-21 16:30:18,38.79,mastercard,credit,anna.lim486@hotmail.com,545305,Low,4000,New User,32,,Approved,No,No,desktop,Windows,hotmail.com,0
3161093,2025-02-13 18:01:35,100,american express,credit,david.teo531@gmail.com,375483,Low,1249,Existing User,25,,Approved,No,No,desktop,MacOS,gmail.com,0
3336667,2025-04-10 19:55:37,60,visa,debit,mike.tan693@yahoo.com,452722,Medium,9764,Existing User,53,,Approved,Yes,No,mobile,0,,1
3063033,2025-01-20 03:53:41,50,visa,debit,jason.ong501@msn.com,484206,Low,8602,Existing User,29,,Approved,No,Yes,desktop,Windows,msn.com,0
3101743,2025-01-26 18:34:21,50,visa,debit,alex.lim533@att.net,442340,Low,9665,New User,44,,Approved,No,No,desktop,Windows,att.net,0
3143700,2025-02-07 19:01:26,55.968,mastercard,credit,amy.tan236@gmail.com,537907,Low,8340,Existing User,45,,Approved,No,No,desktop,0,gmail.com,0
3214422,2025-03-04 03:20:53,25,visa,credit,sarah.lee941@gmail.com,444832,Low,6170,Existing User,27,,Approved,No,No,desktop,Windows,gmail.com,0
3053720,2025-01-18 14:47:50,75,mastercard,debit,sarah.lim729@mac.com,515167,Low,9790,New User,45,,Approved,No,No,desktop,rv:57.0,mac.com,0
3205376,2025-02-28 23:52:59,6.042,mastercard,debit,sarah.goh425@hotmail.com,531865,Low,1321,Existing User,40,,Approved,No,No,mobile,Moto E (4) Build/NMA26.42-19,hotmail.com,0
3057413,2025-01-19 04:29:16,25,visa,debit,david.ong122@gmail.com,414132,Low,1999,Existing User,29,,Approved,No,No,desktop,MacOS,gmail.com,0
3349447,2025-04-14 23:49:24,13.897,visa,debit,alex.teo577@hotmail.com,420156,Low,7688,Existing User,33,,Approved,No,No,0,0,hotmail.com,0
3017524,2025-01-09 20:23:46,50,mastercard,credit,david.lim202@yahoo.com,519462,Low,1783,New User,42,,Approved,No,No,desktop,Windows,yahoo.com,0
3093859,2025-01-25 15:50:50,100,visa,debit,tom.ong509@gmail.com,450077,Low,6282,Existing User,45,,Approved,No,No,mobile,iOS Device,gmail.com,0
3112874,2025-01-29 20:39:58,75,visa,credit,tom.lee526@gmail.com,423131,Low,4809,New User,34,,Approved,No,No,desktop,MacOS,gmail.com,0
3087641,2025-01-24 14:36:04,25,visa,credit,amy.lee527@gmail.com,445256,Low,5706,Existing User,38,,Approved,No,No,mobile,iOS Device,gmail.com,0
3012558,2025-01-08 16:30:02,200,visa,debit,david.ong192@gmail.com,481875,Low,2186,Existing User,28,,Approved,No,No,desktop,rv:57.0,gmail.com,0
3100245,2025-01-26 14:43:11,15,visa,debit,david.ng113@gmail.com,409657,Low,2148,Existing User,45,,Approved,No,No,mobile,iOS Device,gmail.com,0
3263885,2025-03-19 21:30:58,67.67,visa,credit,tom.chan370@gmail.com,439288,Low,9456,Existing User,16,,Approved,No,No,desktop,Windows,gmail.com,0
3358769,2025-04-17 23:37:01,11.359,mastercard,debit,john.lee716@yahoo.com,524300,Low,6505,Existing User,25,,Approved,No,No,mobile,SM-J320M Build/LMY47V,,0
3553576,2025-06-23 20:23:30,7.747,visa,credit,amy.teo216@gmail.com,433178,Low,6578,New User,37,,Approved,No,No,mobile,Moto G Play Build/MPIS24.241-15.3-7,gmail.com,0
3517905,2025-06-11 19:13:43,32.023,mastercard,credit,jason.teo96@yahoo.com.mx,554544,Low,4140,New User,35,,Approved,No,No,desktop,rv:11.0,yahoo.com.mx,0
3437054,2025-05-13 20:12:59,11.066,visa,debit,amy.wong306@hotmail.com,442870,Low,6887,New User,41,,Approved,No,No,desktop,Windows,hotmail.com,0
3184198,2025-02-21 15:45:28,100,visa,debit,jason.goh312@hotmail.com,480367,Medium,9284,Existing User,55,,Approved,No,No,mobile,0,,0
3080205,2025-01-23 06:09:27,64.713,visa,debit,sarah.tan858@outlook.com,446937,Low,5317,Existing User,25,,Approved,No,Yes,mobile,F3213 Build/36.1.A.1.86,outlook.com,0
3421946,2025-05-08 09:17:30,100,visa,credit,jason.lee429@yahoo.com,402589,Low,9434,Existing User,22,,Approved,Yes,No,desktop,Windows,yahoo.com,1
3252615,2025-03-16 11:56:56,10,visa,debit,lisa.chan208@yahoo.com,432658,Low,3009,New User,42,,Approved,No,No,desktop,Windows,,0
3027638,2025-01-12 15:31:52,50,mastercard,debit,amy.goh593@gmail.com,538945,Low,5827,New User,36,,Approved,No,No,desktop,Windows,gmail.com,0
3011150,2025-01-08 01:25:45,35,visa,credit,alex.wong963@comcast.net,415663,Low,7310,New User,41,,Approved,No,No,desktop,MacOS,comcast.net,0
3072681,2025-01-21 22:56:55,450,visa,credit,amy.teo402@anonymous.com,421857,High,3272,New User,75,,Approved,No,No,desktop,rv:11.0,anonymous.com,0
3077104,2025-01-22 19:35:45,200,visa,debit,john.teo788@anonymous.com,454596,Medium,9216,New User,67,,Approved,No,No,desktop,Trident/7.0,anonymous.com,0
3559088,2025-06-25 20:24:44,11.681,mastercard,debit,mike.goh835@yahoo.com,538926,Low,7678,Existing User,28,,Approved,No,Yes,desktop,Windows,yahoo.com,0
3104912,2025-01-27 16:55:06,39.936,visa,debit,john.ong472@gmail.com,400175,Medium,9151,New User,53,,Approved,No,No,mobile,Lenovo K33b36 Build/NRD90N,gmail.com,0
3214128,2025-03-04 01:25:51,77.338,visa,debit,mike.lim823@gmail.com,468016,Low,8943,Existing User,30,,Approved,Yes,No,desktop,Windows,gmail.com,1
3121262,2025-01-31 23:38:32,12.126,mastercard,credit,jason.chan976@gmail.com,534232,Low,5178,Existing User,30,,Approved,No,No,mobile,Lenovo A6020l37 Build/LMY47V,gmail.com,0
3469313,2025-05-26 00:40:35,88.162,visa,credit,lisa.lim657@gmail.com,470146,Low,2510,Existing User,25,,Approved,No,No,desktop,Moto E (4) Build/NMA26.42-69,gmail.com,0
3182885,2025-02-20 23:22:25,150,visa,credit,david.wong54@gmail.com,416271,Low,8384,Existing User,25,,Approved,Yes,No,desktop,Windows,gmail.com,1
3380429,2025-04-25 05:50:09,15.951,visa,debit,mike.koh546@gmail.com,462171,Low,5042,Existing User,22,,Approved,No,No,desktop,Windows,gmail.com,0
3535477,2025-06-17 16:44:45,34.675,mastercard,debit,alex.ong978@gmail.com,551932,Low,9754,Existing User,29,,Approved,No,No,desktop,Windows,gmail.com,0
3053424,2025-01-18 07:23:37,100,visa,debit,anna.ong635@gmail.com,438534,Low,8980,Existing User,43,,Approved,No,No,mobile,iOS Device,gmail.com,0
3340996,2025-04-12 01:56:00,8.58,visa,debit,alex.ong776@hotmail.com,415007,Low,7709,Existing User,38,,Approved,No,No,desktop,0,,0
3100966,2025-01-26 16:40:41,100,visa,credit,tom.wong594@yahoo.com,414871,Low,6247,Existing User,36,,Approved,No,No,mobile,iOS Device,yahoo.com,0
3086463,2025-01-24 02:33:09,100,visa,debit,sarah.lee183@hotmail.com,453106,Low,8801,Existing User,30,,Approved,No,No,desktop,Trident/7.0,hotmail.com,0
3055241,2025-01-18 20:43:27,25,visa,debit,amy.tan324@gmail.com,487240,Low,5120,Existing User,30,,Approved,No,No,desktop,MacOS,gmail.com,0
3293451,2025-03-30 00:41:30,75,visa,credit,tom.chan747@gmail.com,459712,Low,2454,Existing User,32,,Approved,No,No,mobile,iOS Device,gmail.com,0
3166214,2025-02-15 13:20:27,18.423,mastercard,credit,anna.ng551@yahoo.co.jp,512097,Low,8542,Existing User,47,,Approved,No,No,mobile,0,yahoo.co.jp,0
3080737,2025-01-23 13:42:46,50,visa,debit,alex.koh806@yahoo.com,471873,Low,8227,Existing User,32,,Approved,No,No,desktop,MacOS,yahoo.com,0
3262309,2025-03-19 12:57:33,75,american express,credit,tom.goh581@aol.com,373140,Low,2786,New User,40,,Approved,No,No,desktop,Windows,aol.com,0
3290870,2025-03-29 00:26:46,50,mastercard,credit,lisa.lim202@gmail.com,555610,Low,2584,New User,45,,Approved,No,No,desktop,MacOS,gmail.com,0
3378449,2025-04-24 18:16:24,44.227,mastercard,debit,david.teo772@gmail.com,554219,Low,4010,Existing User,38,,Approved,No,No,mobile,SM-G935F Build/NRD90M,gmail.com,0
3236092,2025-03-10 18:02:53,27.552,visa,credit,tom.ong388@yahoo.com,493456,Low,4666,Existing User,32,,Approved,No,No,desktop,0,yahoo.com,0
3082324,2025-01-23 17:17:12,37.429,visa,credit,jason.lee764@hotmail.com,490151,Low,2852,Existing User,19,,Approved,No,No,desktop,Windows,hotmail.com,0
3441885,2025-05-15 16:54:03,30,mastercard,credit,lisa.wong541@hotmail.com,512877,Low,7133,Existing User,16,,Approved,No,No,desktop,Trident/7.0,,0
3022677,2025-01-11 00:38:25,75,visa,debit,mike.ong773@aol.com,401096,Low,8010,Existing User,34,,Approved,No,No,mobile,iOS Device,aol.com,0
3253180,2025-03-16 16:28:09,25,mastercard,credit,alex.lee5@gmail.com,553343,Low,3123,Existing User,31,,Approved,No,No,mobile,SM-N950U Build/NMF26X,gmail.com,0
3022597,2025-01-11 00:19:36,30,mastercard,debit,john.lee707@gmail.com,512382,Low,3096,Existing User,41,,Approved,No,No,mobile,iOS Device,gmail.com,0
3185326,2025-02-21 21:24:47,145.284,visa,debit,tom.wong387@gmail.com,443511,Low,1404,Existing User,33,,Approved,Yes,No,mobile,SM-J730GM Build/NRD90M,gmail.com,1
3081253,2025-01-23 15:09:15,64.713,mastercard,credit,david.goh565@gmail.com,532400,Low,1072,Existing User,32,,Approved,No,No,desktop,0,gmail.com,0
3085405,2025-01-23 23:30:13,25,discover,credit,tom.goh752@verizon.net,654967,Low,7984,Existing User,34,,Approved,No,No,mobile,SM-G955U Build/NRD90M,verizon.net,0
3383386,2025-04-26 14:47:12,100,american express,credit,sarah.ng703@sbcglobal.net,379475,Low,6452,Existing User,21,,Approved,No,No,desktop,Windows,sbcglobal.net,0
3110361,2025-01-29 00:10:19,25,visa,debit,alex.goh459@gmail.com,425741,Low,6514,Existing User,29,,Approved,No,No,desktop,Windows,gmail.com,0
3344045,2025-04-13 06:07:34,250,mastercard,credit,anna.lim56@yahoo.com,553371,Low,9083,Existing User,39,,Approved,No,No,desktop,MacOS,yahoo.com,0
3491589,2025-06-02 21:32:59,15,visa,debit,jason.tan730@yahoo.com,401798,Low,7966,Existing User,35,,Approved,No,No,mobile,iOS Device,yahoo.com,0
3043496,2025-01-16 01:37:07,25,mastercard,debit,david.chan197@aol.com,520637,Low,4355,New User,42,,Approved,No,No,desktop,Windows,aol.com,0
3323514,2025-04-06 20:35:57,150,visa,credit,mike.lim588@aol.com,457951,Low,4409,New User,30,,Approved,No,No,desktop,Windows,aol.com,0
3155529,2025-02-11 20:26:00,45,visa,credit,alex.teo535@anonymous.com,490742,Medium,3314,New User,74,ANONYMOUS_EMAIL,Rejected,No,No,mobile,iOS Device,anonymous.com,0
3289629,2025-03-28 17:14:09,150,mastercard,debit,tom.wong213@icloud.com,523439,Low,9971,New User,44,,Approved,No,No,0,rv:11.0,icloud.com,0
3354831,2025-04-16 20:05:28,125,visa,debit,tom.lee120@gmail.com,401062,Low,1891,Existing User,38,,Approved,No,No,mobile,iOS Device,gmail.com,0
3368973,2025-04-21 18:18:46,62.233,visa,debit,lisa.chan447@gmail.com,489772,Low,3702,Existing User,30,,Approved,No,No,mobile,Redmi,gmail.com,0
3130739,2025-02-04 02:58:28,25,visa,credit,anna.teo156@gmail.com,466509,Low,6828,Existing User,15,,Approved,No,No,desktop,Windows,gmail.com,0
3507166,2025-06-07 23:51:59,50,visa,credit,amy.tan900@anonymous.com,411117,Low,5290,Existing User,47,,Approved,No,No,desktop,Trident/7.0,anonymous.com,0
3075342,2025-01-22 15:17:31,200,visa,debit,jason.koh685@gmail.com,431495,Medium,3924,New User,59,,Approved,No,No,0,0,gmail.com,0
3014501,2025-01-08 23:35:46,15,visa,credit,jason.goh738@rocketmail.com,492206,Low,6228,New User,48,,Approved,No,No,desktop,MacOS,rocketmail.com,0
3114317,2025-01-30 04:02:28,127.677,visa,debit,david.teo611@gmail.com,476900,Low,9812,Existing User,38,,Approved,No,No,mobile,LG-TP450 Build/NRD90U,gmail.com,0
3077598,2025-01-22 20:46:28,250,american express,credit,lisa.lee323@verizon.net,379710,Medium,1660,New User,53,,Approved,No,No,0,0,verizon.net,0
3088161,2025-01-24 16:11:26,200,visa,debit,anna.goh268@hotmail.com,484989,Low,5491,Existing User,31,,Approved,No,No,mobile,iOS Device,hotmail.com,0
3298017,2025-03-31 16:21:58,25.316,visa,credit,tom.lee879@hotmail.com,443675,Low,1334,Existing User,29,,Approved,Yes,No,desktop,Windows,hotmail.com,1
3558509,2025-06-25 17:12:00,200,visa,credit,john.teo289@anonymous.com,475762,Low,6530,Existing User,49,,Approved,No,No,desktop,MacOS,anonymous.com,0
3479094,2025-05-29 16:45:43,10,visa,credit,amy.goh777@yahoo.com,458391,Low,2497,Existing User,30,,Approved,No,No,desktop,Windows,,0
3029884,2025-01-12 22:47:05,23.728,visa,debit,jason.teo753@hotmail.com,465734,Low,6036,Existing User,22,,Approved,No,No,desktop,Windows,hotmail.com,0
3095046,2025-01-25 18:32:36,150,mastercard,credit,sarah.ong809@gmail.com,513705,Low,6317,New User,41,,Approved,No,No,desktop,Windows,gmail.com,0
3064673,2025-01-20 16:58:01,500,mastercard,credit,sarah.tan998@anonymous.com,514404,Medium,7541,Existing User,64,HIGH_AMOUNT,Rejected,No,No,desktop,Windows,anonymous.com,0
3432651,2025-05-12 03:03:10,8.485,visa,credit,amy.lim346@hotmail.com,437143,Low,5380,New User,46,,Approved,No,No,mobile,M4 SS4456 Build/LMY47V,hotmail.com,0
3237129,2025-03-10 22:51:58,27.788,mastercard,debit,tom.teo106@hotmail.com,521937,Medium,2983,New User,50,,Approved,No,No,desktop,Windows,hotmail.com,0
3245132,2025-03-13 17:40:52,250,visa,credit,alex.goh572@anonymous.com,428173,Medium,4345,Existing User,57,,Approved,No,No,desktop,Windows,anonymous.com,0
3087176,2025-01-24 07:12:09,20.829,mastercard,debit,anna.goh764@hotmail.com,530555,Low,9383,Existing User,32,,Approved,No,No,desktop,Windows,hotmail.com,0
3057437,2025-01-19 04:36:14,96.37,visa,debit,amy.tan18@hotmail.com,400623,Low,1247,Existing User,33,,Approved,No,No,mobile,ZTE Blade L5 Build/LMY47I,hotmail.com,0
3264408,2025-03-20 00:36:14,35.164,visa,credit,john.chan434@outlook.com,457479,Low,3679,Existing User,26,,Approved,No,No,desktop,Windows,outlook.com,0
3381873,2025-04-25 20:36:32,8.519,mastercard,credit,lisa.lim467@gmail.com,515424,Medium,4046,New User,50,,Approved,Yes,No,mobile,XT890 Build/9.8.2I-50_SML-25,gmail.com,1
3029346,2025-01-12 21:04:33,25,mastercard,debit,tom.chan189@gmail.com,554945,Low,9757,Existing User,32,,Approved,No,No,mobile,Moto G (5) Plus Build/NPN25.137-83,gmail.com,0
3085502,2025-01-23 23:42:31,50,american express,credit,alex.ng111@gmail.com,375737,Low,6440,Existing User,26,,Approved,No,No,desktop,MacOS,gmail.com,0
3292626,2025-03-29 20:28:27,125,visa,credit,lisa.wong303@gmail.com,466357,Low,2944,Existing User,19,,Approved,No,No,desktop,MacOS,gmail.com,0
3536682,2025-06-17 22:46:01,100,visa,credit,anna.tan380@hotmail.com,434160,Low,1725,New User,33,,Approved,No,No,desktop,Windows,,0
3266619,2025-03-20 19:59:32,7.311,mastercard,debit,jason.lim556@hotmail.com,518379,Low,5273,Existing User,33,,Approved,No,No,mobile,ALCATEL ONE TOUCH 7047A Build/JDQ39,hotmail.com,0
2988304,2025-01-02 12:18:45,25,visa,debit,mike.chan402@outlook.com,491500,Low,6614,Existing User,23,,Approved,No,No,desktop,Windows,,0
3380138,2025-04-25 02:06:51,300,visa,credit,john.goh611@gmail.com,491614,Medium,4519,New User,56,,Approved,No,No,mobile,iOS Device,gmail.com,0
3241034,2025-03-12 03:02:47,25,visa,credit,mike.tan734@gmail.com,450318,Low,7275,Existing User,20,,Approved,No,No,desktop,MacOS,gmail.com,0
3115476,2025-01-30 15:56:27,250,american express,credit,alex.wong601@aol.com,373529,Low,1562,Existing User,33,,Approved,No,No,desktop,rv:57.0,aol.com,0
3207591,2025-03-01 22:54:09,33.352,mastercard,credit,amy.koh232@gmail.com,513954,Low,9639,New User,46,,Approved,Yes,No,mobile,Moto G (4) Build/NPJ25.93-14.5,gmail.com,1
3446385,2025-05-17 13:16:59,7,visa,debit,jason.teo344@yahoo.com,491010,Medium,4950,Existing User,53,,Approved,No,No,mobile,0,,0
3069915,2025-01-21 16:03:26,250,visa,credit,tom.chan358@anonymous.com,422788,High,6619,New User,82,HIGH_RISK_SCORE,Rejected,No,No,desktop,MacOS,anonymous.com,0
3227629,2025-03-07 20:28:18,125,visa,debit,sarah.tan84@yahoo.com,473315,Low,7542,Existing User,44,,Approved,No,No,mobile,iOS Device,yahoo.com,0
3080696,2025-01-23 13:34:30,225,mastercard,debit,mike.tan696@aol.com,527799,Low,5833,Existing User,38,,Approved,No,No,desktop,MacOS,aol.com,0
3023211,2025-01-11 03:51:56,40,visa,credit,sarah.teo108@gmail.com,438791,Low,7979,Existing User,16,,Approved,No,No,desktop,MacOS,gmail.com,0
3079670,2025-01-23 02:58:28,101.675,mastercard,credit,tom.lee649@hotmail.com,523828,Low,3182,Existing User,30,,Approved,No,No,mobile,Moto X Play Build/NPD26.48-24-1,hotmail.com,0
3076677,2025-01-22 18:40:40,100,visa,debit,alex.teo171@gmail.com,462454,Medium,7265,New User,56,,Approved,No,No,mobile,iOS Device,gmail.com,0
3412476,2025-05-05 15:43:12,15,visa,credit,lisa.wong356@outlook.com,412241,Low,6067,Existing User,19,,Approved,No,No,desktop,Windows,,0
3512545,2025-06-09 21:10:17,200,visa,debit,anna.ng249@yahoo.com,417940,Low,5988,Existing User,33,,Approved,No,No,mobile,SM-G930VL Build/NRD90M,yahoo.com,0
3010755,2025-01-07 23:46:25,40,visa,debit,john.wong221@ymail.com,485922,Low,6537,Existing User,36,,Approved,No,No,mobile,SAMSUNG,ymail.com,0
3388869,2025-04-28 05:22:17,45.194,visa,debit,david.chan693@gmail.com,443767,Low,6179,Existing User,34,,Approved,No,No,mobile,XT1650 Build/NPLS26.118-20-5-11,gmail.com,0
3065488,2025-01-20 19:03:17,125,mastercard,debit,tom.lee352@aol.com,552847,Low,1415,New User,45,,Approved,No,No,desktop,MacOS,aol.com,0
3001604,2025-01-05 18:42:25,50,visa,debit,john.teo335@anonymous.com,480030,Medium,3973,Existing User,59,,Approved,No,No,desktop,MacOS,anonymous.com,0
3302367,2025-04-01 21:27:04,30,visa,credit,john.lee690@gmail.com,422428,Low,8297,Existing User,21,,Approved,No,No,desktop,Trident/7.0,,0
3381943,2025-04-25 21:04:12,19.395,visa,debit,john.wong748@hotmail.com,485754,Low,3577,Existing User,34,,Approved,No,No,mobile,XT1008 Build/LPBS23.13-56-2,hotmail.com,0
3345358,2025-04-13 19:30:21,52.505,mastercard,credit,mike.tan149@anonymous.com,511101,Medium,8583,Existing User,55,,Approved,No,No,mobile,HUAWEI CAN-L11 Build/HUAWEICAN-L11,anonymous.com,0
3396913,2025-04-30 20:53:48,9.243,visa,debit,john.chan875@yahoo.com.mx,468626,Low,4388,New User,44,,Approved,No,No,desktop,Windows,yahoo.com.mx,0
3028660,2025-01-12 18:59:51,75,visa,debit,david.teo867@gmail.com,453945,Medium,1112,New User,55,,Approved,No,No,mobile,iOS Device,gmail.com,0
3345728,2025-04-13 21:16:15,200,mastercard,debit,jason.wong75@anonymous.com,552750,High,6196,New User,79,HIGH_RISK_SCORE,Rejected,No,No,desktop,MacOS,anonymous.com,0
3307353,2025-04-03 01:57:25,140.174,visa,debit,sarah.lim531@gmail.com,419403,Low,4453,New User,37,,Approved,No,No,desktop,Windows,gmail.com,0
3348692,2025-04-14 20:13:09,15,visa,debit,jason.koh634@yahoo.com,455122,Medium,6624,New User,50,,Approved,Yes,No,desktop,Windows,,1
3007043,2025-01-06 23:48:38,42.596,visa,credit,alex.wong457@hotmail.com,425058,Low,6857,New User,42,,Approved,No,No,desktop,Windows,hotmail.com,0
3068121,2025-01-21 02:30:01,41.276,visa,debit,tom.koh550@gmail.com,466119,Medium,5503,New User,52,,Approved,No,No,desktop,0,gmail.com,0
3316665,2025-04-04 20:54:13,39.877,visa,debit,jason.lim467@gmail.com,461172,Low,7779,New User,39,,Approved,Yes,No,desktop,Windows,gmail.com,1
3080828,2025-01-23 14:04:19,275,visa,credit,david.lee372@anonymous.com,461758,Medium,2209,Existing User,63,,Approved,No,No,desktop,MacOS,anonymous.com,0
3377738,2025-04-24 14:53:47,65.979,visa,debit,alex.chan363@gmail.com,474325,Medium,7932,New User,60,,Approved,No,No,desktop,0,gmail.com,0
3469555,2025-05-26 02:16:49,54.963,visa,debit,amy.koh336@outlook.com,477972,Low,2974,New User,47,,Approved,No,No,mobile,HTC Desire 626s Build/LMY47O,outlook.com,0
3112504,2025-01-29 19:09:24,150,american express,credit,amy.wong546@bellsouth.net,370293,Low,3790,New User,40,,Approved,No,No,desktop,Windows,bellsouth.net,0
3113106,2025-01-29 21:33:43,76.023,visa,debit,sarah.lee240@gmail.com,477568,Low,1547,New User,36,,Approved,No,No,desktop,Windows,gmail.com,0
3154079,2025-02-11 06:36:01,50,visa,debit,lisa.goh451@hotmail.com,450259,Medium,8525,New User,57,,Approved,No,No,mobile,0,,0
3242984,2025-03-12 21:55:35,61.387,visa,credit,anna.lee774@me.com,465693,Medium,9518,New User,59,,Approved,No,No,desktop,0,me.com,0
3255297,2025-03-17 02:10:53,27.31,mastercard,credit,tom.ng459@hotmail.com,549795,Low,6098,Existing User,25,,Approved,No,No,desktop,Windows,hotmail.com,0
3181402,2025-02-20 17:12:16,150,mastercard,credit,john.ng23@yahoo.com,556199,Low,3626,New User,36,,Approved,No,No,desktop,Windows,yahoo.com,0
3047215,2025-01-16 21:23:52,50,american express,credit,john.chan531@gmail.com,379217,Low,4868,Existing User,26,,Approved,No,No,0,0,gmail.com,0
3239596,2025-03-11 19:50:10,100,mastercard,debit,david.teo402@anonymous.com,510162,Medium,6710,Existing User,56,,Approved,No,No,desktop,Trident/7.0,anonymous.com,0
3091085,2025-01-24 22:59:59,100,visa,debit,jason.wong919@aol.com,455659,Low,1778,Existing User,43,,Approved,No,No,mobile,iOS Device,aol.com,0
2990657,2025-01-02 19:47:04,500,visa,credit,alex.teo9@anonymous.com,486640,Medium,9186,Existing User,64,,Approved,No,No,desktop,Windows,anonymous.com,0
3060746,2025-01-19 21:12:50,75,visa,debit,amy.teo42@hotmail.com,470484,Low,9152,New User,41,,Approved,No,No,desktop,Trident/7.0,hotmail.com,0
3034113,2025-01-13 22:52:20,21.513,mastercard,credit,tom.lee116@hotmail.com,521866,Low,9816,Existing User,15,,Approved,No,No,desktop,Windows,hotmail.com,0
3021702,2025-01-10 21:22:04,500,mastercard,credit,anna.ng759@gmail.com,514080,Low,6781,Existing User,28,,Approved,No,No,desktop,rv:11.0,gmail.com,0
3417642,2025-05-06 21:55:15,100,visa,credit,tom.lim638@hotmail.com,460921,Low,6120,Existing User,21,,Approved,No,No,desktop,Trident/7.0,hotmail.com,0
3397291,2025-04-30 22:30:44,34.742,visa,debit,mike.wong225@icloud.com,483240,Low,1216,Existing User,31,,Approved,No,No,desktop,0,icloud.com,0
3075400,2025-01-22 15:26:49,14.458,mastercard,debit,anna.goh113@hotmail.com,510262,Low,1803,Existing User,39,,Approved,No,No,mobile,SM-G531H Build/LMY48B,hotmail.com,0
3260623,2025-03-18 20:41:35,25,visa,debit,anna.wong511@yahoo.com,431904,Low,2360,Existing User,33,,Approved,No,No,mobile,iOS Device,yahoo.com,0
3016002,2025-01-09 14:54:28,25.419,mastercard,debit,jason.ong274@hotmail.com,530376,Low,2230,Existing User,26,,Approved,No,No,desktop,Windows,hotmail.com,0
3412143,2025-05-05 14:35:48,48.016,visa,debit,alex.wong18@gmail.com,487223,Low,8819,Existing User,34,,Approved,No,No,desktop,Windows,gmail.com,0
3094735,2025-01-25 17:53:07,15,mastercard,debit,jason.chan121@hotmail.com,525715,Low,2908,Existing User,28,,Approved,No,No,desktop,Windows,,0
3008286,2025-01-07 12:30:09,5,visa,debit,alex.lim708@hotmail.com,432768,Low,5784,Existing User,21,,Approved,No,No,desktop,Windows,,0
3042904,2025-01-15 23:27:51,76.532,visa,debit,john.tan492@gmail.com,422790,Low,8444,Existing User,30,,Approved,No,No,desktop,Windows,gmail.com,0
3022993,2025-01-11 02:14:11,85.118,visa,credit,alex.lim671@gmail.com,441618,Low,2133,New User,45,,Approved,No,No,desktop,Windows,gmail.com,0
3243602,2025-03-13 01:09:18,150,mastercard,debit,tom.ng16@gmail.com,524888,Low,2197,Existing User,31,,Approved,Yes,No,mobile,iOS Device,gmail.com,1
3153844,2025-02-11 03:17:19,100,visa,credit,sarah.koh469@gmail.com,449227,Low,7665,Existing User,22,,Approved,No,Yes,desktop,MacOS,gmail.com,0
3275591,2025-03-24 01:45:26,67.129,mastercard,debit,amy.lee614@hotmail.com,522641,Low,5897,Existing User,34,,Approved,No,No,desktop,Windows,hotmail.com,0
3363607,2025-04-19 22:22:15,34.621,visa,credit,jason.teo404@hotmail.com,407268,Low,6876,Existing User,16,,Approved,No,No,desktop,Windows,hotmail.com,0
3510075,2025-06-08 23:16:50,15.862,visa,debit,mike.lee327@yahoo.com,434991,Low,7402,Existing User,36,,Approved,No,No,mobile,PSPC550 Build/LMY47D,yahoo.com,0
3198115,2025-02-26 17:00:55,26.712,mastercard,credit,jason.chan980@anonymous.com,513799,Medium,4609,Existing User,63,,Approved,No,No,desktop,0,anonymous.com,0
3134220,2025-02-04 23:23:31,42.501,visa,debit,tom.ng921@gmail.com,443233,Medium,7078,Existing User,53,,Approved,No,No,mobile,0,gmail.com,0
3571319,2025-06-30 19:39:48,200,visa,credit,tom.lee986@yahoo.com,438132,Low,1344,Existing User,17,,Approved,No,No,desktop,Windows,,0
3018678,2025-01-10 00:14:41,142.952,visa,credit,mike.lim537@msn.com,481975,Low,4583,Existing User,25,,Approved,Yes,No,desktop,0,msn.com,1
3422703,2025-05-08 16:03:40,100,visa,credit,anna.lim9@gmail.com,471742,Low,8920,Existing User,28,,Approved,No,No,desktop,MacOS,gmail.com,0
3510493,2025-06-09 01:19:25,0.878,visa,debit,tom.teo192@gmail.com,432202,Low,3016,Existing User,21,,Approved,No,No,desktop,Windows,gmail.com,0
3234450,2025-03-10 01:04:20,20,visa,debit,alex.lim563@yahoo.com,490916,Medium,3153,New User,53,,Approved,No,No,mobile,iOS Device,yahoo.com,0
3195986,2025-02-25 20:42:14,25.477,visa,credit,mike.tan932@anonymous.com,492145,Medium,2443,Existing User,53,,Approved,No,No,desktop,Windows,anonymous.com,0
3489343,2025-06-02 12:26:53,50,visa,debit,anna.wong480@cox.net,404309,Low,3955,New User,42,,Approved,No,No,desktop,Windows,cox.net,0
3066631,2025-01-20 22:07:21,500,american express,credit,lisa.teo496@yahoo.com,371663,Medium,1925,New User,53,,Approved,No,No,mobile,iOS Device,yahoo.com,0
3098813,2025-01-26 04:05:39,125,mastercard,credit,jason.goh293@yahoo.com,531341,Medium,7295,New User,53,,Approved,No,No,0,0,yahoo.com,0
3559986,2025-06-26 01:19:58,16.477,mastercard,debit,david.wong694@hotmail.com,548119,Low,8500,Existing User,21,,Approved,No,No,desktop,Windows,hotmail.com,0
3097037,2025-01-25 22:49:20,100,visa,credit,amy.chan974@aol.com,467201,Medium,7421,New User,53,,Approved,No,No,mobile,SM-T377T,aol.com,0
3538684,2025-06-18 18:11:42,100,visa,credit,mike.teo715@gmail.com,444833,Low,8862,Existing User,25,,Approved,No,No,desktop,Windows,gmail.com,0
3281732,2025-03-26 03:18:29,19.093,visa,debit,amy.wong131@gmail.com,434908,Low,1584,Existing User,28,,Approved,No,No,desktop,Windows,gmail.com,0
3353321,2025-04-16 05:12:03,8.096,visa,debit,john.ong441@gmail.com,473146,Low,2797,Existing User,38,,Approved,No,No,mobile,SM-J700M Build/MMB29K,gmail.com,0
3015973,2025-01-09 14:45:06,5,visa,debit,jason.teo87@hotmail.com,495237,Low,5317,Existing User,49,,Approved,No,No,mobile,0,,0
3231889,2025-03-09 12:33:30,15,american express,credit,amy.teo393@gmail.com,375662,Low,8856,Existing User,32,,Approved,No,No,mobile,iOS Device,gmail.com,0
3059864,2025-01-19 19:00:44,34.105,mastercard,credit,john.koh195@gmail.com,550029,Low,8988,Existing User,20,,Approved,No,No,desktop,Windows,gmail.com,0
3302902,2025-04-01 23:55:10,64.649,mastercard,debit,david.wong392@gmail.com,516541,Low,1501,New User,43,,Approved,No,No,mobile,SAMSUNG,gmail.com,0
3096110,2025-01-25 20:45:21,25,visa,debit,sarah.ong600@gmail.com,446892,Low,6497,Existing User,20,,Approved,No,No,desktop,Windows,gmail.com,0
3541703,2025-06-19 17:52:15,52.381,visa,credit,lisa.goh102@gmail.com,431823,Low,2621,Existing User,20,,Approved,No,No,mobile,Moto G (5) Build/NPPS25.137-93-8,gmail.com,0
3381439,2025-04-25 18:19:11,15.347,mastercard,credit,mike.teo318@hotmail.com,550476,Low,3263,New User,38,,Approved,No,No,mobile,F3313 Build/37.0.A.2.108,hotmail.com,0
3339012,2025-04-11 16:01:15,100,mastercard,credit,john.chan839@gmail.com,550631,Low,3747,Existing User,18,,Approved,No,No,desktop,MacOS,gmail.com,0
3429666,2025-05-11 01:47:12,26.559,visa,debit,anna.teo356@hotmail.com,401242,Low,4162,Existing User,35,,Approved,No,No,mobile,SM-J500M Build/LMY48B,hotmail.com,0
3077054,2025-01-22 19:28:58,300,visa,credit,anna.teo276@anonymous.com,403935,Medium,7172,New User,69,HIGH_AMOUNT,Rejected,No,No,desktop,Windows,anonymous.com,0
3375206,2025-04-23 18:10:39,37.34,visa,credit,mike.lee59@gmail.com,474196,Low,1277,Existing User,25,,Approved,No,No,desktop,0,gmail.com,0
3018458,2025-01-09 23:31:13,75,mastercard,debit,amy.tan987@gmail.com,556543,Low,2433,Existing User,45,,Approved,No,No,mobile,iOS Device,gmail.com,0
3268069,2025-03-21 03:08:17,25,visa,debit,john.tan941@hotmail.com,409514,Low,3000,New User,41,,Approved,No,No,desktop,Windows,hotmail.com,0
3219462,2025-03-05 18:38:56,400,visa,debit,sarah.ong480@hotmail.com,420552,Medium,7977,Existing User,53,,Approved,No,No,mobile,iOS Device,hotmail.com,0
2995171,2025-01-03 21:09:27,50,mastercard,credit,jason.teo937@gmail.com,539901,Low,1313,Existing User,22,,Approved,No,No,desktop,MacOS,gmail.com,0
3086912,2025-01-24 04:41:46,30.549,mastercard,debit,tom.koh588@hotmail.com,543680,Low,6209,Existing User,29,,Approved,No,No,mobile,Moto X Play Build/NPD26.48-24-1,hotmail.com,0
3091160,2025-01-24 23:11:55,50,mastercard,credit,mike.goh318@gmail.com,541445,Low,9426,Existing User,29,,Approved,No,No,mobile,iOS Device,gmail.com,0
3131033,2025-02-04 05:43:32,69.319,mastercard,credit,jason.wong219@hotmail.com,520505,Low,5803,New User,45,,Approved,No,No,desktop,0,hotmail.com,0
3047149,2025-01-16 21:12:14,15,visa,debit,mike.goh11@gmail.com,424296,Low,9726,New User,41,,Approved,No,No,desktop,MacOS,gmail.com,0
3461793,2025-05-22 22:58:00,300,mastercard,credit,amy.lim356@anonymous.com,528452,Medium,8673,Existing User,69,,Approved,No,No,mobile,SM-N950U1 Build/R16NW,anonymous.com,0
3455688,2025-05-20 20:08:31,125,visa,credit,mike.koh441@anonymous.com,494232,Low,6227,Existing User,42,,Approved,No,No,desktop,Windows,anonymous.com,0
3036319,2025-01-14 16:18:23,150,mastercard,credit,jason.tan337@gmail.com,516401,Low,1714,New User,43,,Approved,No,No,desktop,MacOS,gmail.com,0
3095207,2025-01-25 18:53:11,20.405,mastercard,debit,sarah.tan60@gmail.com,541788,Medium,4544,New User,53,,Approved,No,No,desktop,0,gmail.com,0
3082071,2025-01-23 16:49:30,100,visa,credit,anna.lee757@anonymous.com,418487,Medium,5278,New User,62,,Approved,No,No,desktop,Trident/7.0,anonymous.com,0
3098496,2025-01-26 02:57:54,100,mastercard,credit,david.teo605@anonymous.com,559639,Medium,5630,New User,70,ANONYMOUS_EMAIL,Rejected,No,No,desktop,MacOS,anonymous.com,0
3070949,2025-01-21 18:26:57,100,visa,debit,jason.ong850@cableone.net,426792,Medium,7536,New User,56,,Approved,No,No,mobile,iOS Device,cableone.net,0
3082963,2025-01-23 18:25:30,122.324,mastercard,credit,lisa.lim599@live.com,555198,Low,2369,New User,43,,Approved,No,No,desktop,0,live.com,0
3356892,2025-04-17 15:23:10,100,visa,credit,tom.ng607@msn.com,436604,Medium,3284,New User,54,,Approved,No,No,mobile,Nexus,msn.com,0
3357101,2025-04-17 16:28:49,75,visa,debit,tom.lee161@anonymous.com,484097,High,7920,New User,78,HIGH_RISK_SCORE,Rejected,No,No,mobile,iOS Device,anonymous.com,0
3503344,2025-06-06 15:05:27,150,mastercard,credit,john.chan866@comcast.net,548013,Low,5907,Existing User,28,,Approved,No,No,desktop,Windows,comcast.net,0
3113752,2025-01-30 00:24:52,30.957,visa,credit,john.wong649@hotmail.com,464492,Medium,9137,New User,55,,Approved,No,Yes,desktop,0,hotmail.com,0
3149236,2025-02-09 18:47:23,28.858,mastercard,credit,david.koh170@gmail.com,518425,Low,1078,Existing User,35,,Approved,Yes,No,mobile,0,gmail.com,1
3113450,2025-01-29 23:03:53,85.118,visa,debit,anna.wong618@gmail.com,418154,Low,3614,Existing User,23,,Approved,No,No,desktop,Windows,gmail.com,0
3077031,2025-01-22 19:26:53,21.571,visa,credit,mike.lim157@hotmail.com,434392,Low,6692,Existing User,40,,Approved,No,No,mobile,0,hotmail.com,0
3537427,2025-06-18 03:55:07,60,mastercard,credit,amy.lee678@yahoo.com,549566,Low,3233,Existing User,29,,Approved,No,No,desktop,Windows,,0
3236215,2025-03-10 18:35:38,100,visa,credit,amy.tan142@aol.com,461518,Low,2195,New User,39,,Approved,No,No,desktop,rv:58.0,aol.com,0
3214527,2025-03-04 04:36:05,31.254,mastercard,debit,lisa.tan390@icloud.com,519506,Low,4249,Existing User,42,,Approved,No,No,desktop,0,icloud.com,0
3455667,2025-05-20 20:03:14,75,visa,debit,lisa.lim748@yahoo.com,408508,Low,4404,New User,47,,Approved,No,Yes,desktop,Windows,yahoo.com,0
3544563,2025-06-20 18:39:17,50,visa,credit,david.wong275@gmail.com,427352,Low,4326,New User,46,,Approved,No,No,mobile,iOS Device,gmail.com,0
3067668,2025-01-21 01:03:43,150,visa,debit,alex.koh52@gmail.com,410504,Low,9107,Existing User,26,,Approved,Yes,No,desktop,MacOS,gmail.com,1
3287692,2025-03-27 22:18:41,150,visa,debit,anna.chan133@gmail.com,438253,Low,6671,Existing User,37,,Approved,No,No,mobile,iOS Device,gmail.com,0
3067787,2025-01-21 01:24:57,50,visa,debit,lisa.wong149@aol.com,414857,Low,5567,Existing User,35,,Approved,No,No,desktop,MacOS,aol.com,0
3073782,2025-01-22 02:25:16,25,mastercard,debit,mike.ng172@comcast.net,528797,Low,2991,Existing User,33,,Approved,No,No,0,0,comcast.net,0
3444304,2025-05-16 14:48:53,50,visa,credit,amy.goh647@icloud.com,426496,Low,2314,Existing User,35,,Approved,No,No,desktop,MacOS,icloud.com,0
3216109,2025-03-04 20:12:19,17.703,visa,debit,john.wong172@gmail.com,475940,Low,5596,New User,42,,Approved,No,No,desktop,Windows,gmail.com,0
3022563,2025-01-11 00:13:25,50,visa,credit,lisa.chan876@yahoo.com,417827,Low,5228,Existing User,25,,Approved,No,No,0,0,yahoo.com,0
3067547,2025-01-21 00:40:10,51.158,visa,credit,david.ng604@yahoo.com.mx,444335,Low,5900,Existing User,26,,Approved,No,No,desktop,0,yahoo.com.mx,0
3522734,2025-06-13 05:13:19,18.382,visa,debit,john.teo567@hotmail.com,476701,Low,3482,Existing User,25,,Approved,No,No,mobile,SM-A720F Build/NRD90M,hotmail.com,0
3521617,2025-06-12 22:06:27,20,visa,debit,john.tan902@hotmail.com,473102,Medium,8805,New User,59,,Approved,No,No,desktop,0,,0
3103569,2025-01-27 01:25:28,21.688,visa,debit,john.lim138@anonymous.com,418948,Medium,1330,Existing User,64,,Approved,No,No,mobile,Moto G (4) Build/NPJS25.93-14-10,anonymous.com,0
3327014,2025-04-07 21:16:47,47,visa,debit,david.ng329@gmail.com,463527,Low,7678,New User,47,,Approved,No,No,desktop,MacOS,gmail.com,0
3062698,2025-01-20 02:34:52,72.292,mastercard,debit,mike.ng415@gmail.com,541645,Medium,5009,New User,53,,Approved,No,No,0,0,gmail.com,0
3303374,2025-04-02 02:08:11,33.534,visa,credit,anna.goh724@gmail.com,457336,Low,9350,Existing User,36,,Approved,Yes,No,desktop,0,gmail.com,1
3264114,2025-03-19 22:32:51,200,visa,debit,sarah.tan971@gmail.com,474897,Medium,3078,New User,53,,Approved,No,No,0,0,gmail.com,0
3139141,2025-02-06 12:34:13,200,visa,credit,lisa.wong477@hotmail.com,413605,Low,3849,Existing User,33,,Approved,No,No,desktop,MacOS,hotmail.com,0
3058763,2025-01-19 16:13:37,25,visa,credit,sarah.ng298@gmail.com,416480,Low,3229,Existing User,39,,Approved,No,No,mobile,iOS Device,gmail.com,0
3062268,2025-01-20 01:13:27,50,visa,credit,mike.lim945@hotmail.com,484647,Low,3873,New User,48,,Approved,No,No,mobile,iOS Device,hotmail.com,0
3260637,2025-03-18 20:44:56,150,visa,debit,john.tan348@yahoo.com,485073,Low,6627,Existing User,35,,Approved,No,No,desktop,Windows,yahoo.com,0
3097168,2025-01-25 23:06:50,100,visa,debit,alex.goh322@anonymous.com,449804,High,4539,New User,77,,Approved,No,No,mobile,iOS Device,anonymous.com,0
3107664,2025-01-28 06:10:26,100,american express,credit,lisa.wong670@gmail.com,378757,Low,3291,Existing User,21,,Approved,No,No,desktop,MacOS,gmail.com,0
3094423,2025-01-25 17:13:17,25,visa,debit,anna.ng696@yahoo.com,499177,Low,7508,New User,48,,Approved,No,No,desktop,Trident/7.0,yahoo.com,0
3031818,2025-01-13 14:21:25,50,discover,credit,amy.koh707@gmail.com,612683,Low,3865,Existing User,22,,Approved,No,No,desktop,MacOS,gmail.com,0
3573469,2025-07-01 16:48:04,150,visa,credit,anna.lim707@gmail.com,415125,Medium,1213,New User,53,,Approved,No,No,mobile,iOS Device,gmail.com,0
3105777,2025-01-27 20:05:27,19.822,visa,debit,alex.koh114@hotmail.com,472230,Low,7950,Existing User,49,,Approved,No,No,mobile,0,hotmail.com,0
3058076,2025-01-19 14:00:33,13.467,visa,credit,lisa.teo33@gmail.com,420472,Low,5529,Existing User,25,,Approved,No,No,desktop,0,gmail.com,0
3090959,2025-01-24 22:40:22,100,visa,debit,sarah.goh617@gmail.com,497284,Low,7317,New User,45,,Approved,No,No,mobile,iOS Device,gmail.com,0
3221821,2025-03-06 05:38:24,44.107,visa,credit,lisa.koh316@hotmail.com,410421,Low,7818,Existing User,34,,Approved,No,No,mobile,LG-X165g Build/LRX21M,hotmail.com,0
3168258,2025-02-16 02:53:21,78.53,visa,credit,mike.goh203@hotmail.com,424746,Low,4687,Existing User,30,,Approved,No,No,desktop,0,hotmail.com,0
3265035,2025-03-20 04:59:45,200,visa,credit,david.teo980@gmail.com,473836,Low,6407,Existing User,20,,Approved,Yes,No,desktop,Windows,gmail.com,1
3078541,2025-01-22 23:18:48,50,visa,credit,lisa.wong32@aol.com,484609,Low,5368,Existing User,15,,Approved,No,No,desktop,Windows,aol.com,0
3400653,2025-05-01 20:28:06,100,mastercard,debit,mike.chan596@yahoo.com,536977,Medium,4209,New User,50,,Approved,No,No,desktop,0,,0
3480877,2025-05-30 01:42:24,13.403,mastercard,debit,alex.lee349@hotmail.com,511660,Low,3603,Existing User,35,,Approved,No,No,0,0,hotmail.com,0
3431436,2025-05-11 20:04:44,22.379,mastercard,credit,david.chan911@hotmail.com,515526,Low,1503,New User,44,,Approved,No,No,mobile,SM-G800F Build/MMB29K,hotmail.com,0
3305455,2025-04-02 18:18:15,35,visa,debit,tom.lee758@hotmail.com,416213,Low,2625,New User,45,,Approved,No,No,mobile,Pixel Build/OPM1.171019.016,hotmail.com,0
3083404,2025-01-23 19:14:46,100,visa,debit,jason.lim270@gmail.com,463743,Low,6373,Existing User,31,,Approved,Yes,No,desktop,0,gmail.com,1
3061943,2025-01-20 00:20:37,125,visa,credit,amy.goh465@gmail.com,436936,Low,9907,Existing User,33,,Approved,No,No,desktop,MacOS,gmail.com,0
3151086,2025-02-10 04:16:53,14.561,mastercard,debit,tom.tan595@yahoo.com.mx,521035,Low,1904,New User,45,,Approved,No,No,desktop,0,yahoo.com.mx,0
3337490,2025-04-10 23:13:08,35.346,mastercard,debit,lisa.ng295@hotmail.com,559344,Low,7120,Existing User,25,,Approved,No,No,mobile,Moto C Build/NRD90M.063,,0
3009436,2025-01-07 18:36:49,25,visa,credit,amy.teo872@gmail.com,448731,Low,9366,Existing User,33,,Approved,No,No,desktop,MacOS,gmail.com,0
3285308,2025-03-27 04:29:53,14.138,visa,debit,anna.chan427@hotmail.fr,455930,Low,6798,Existing User,35,,Approved,No,No,mobile,VTR-L09 Build/HUAWEIVTR-L09,hotmail.fr,0
3289909,2025-03-28 18:36:54,6.646,mastercard,debit,mike.tan425@gmail.com,549121,Low,2470,Existing User,20,,Approved,Yes,No,desktop,CHC-U03 Build/HuaweiCHC-U03,gmail.com,1
3011811,2025-01-08 08:40:56,50,visa,credit,jason.ng333@gmail.com,486648,Low,6784,Existing User,27,,Approved,No,No,mobile,SAMSUNG SM-G930A Build/NRD90M,gmail.com,0
3432594,2025-05-12 02:36:15,11,visa,debit,david.koh872@gmail.com,432882,Low,5732,Existing User,30,,Approved,No,No,desktop,MacOS,,0
3519675,2025-06-12 13:07:38,75,mastercard,credit,tom.lim360@anonymous.com,536664,Low,9550,Existing User,45,,Approved,No,No,desktop,Windows,anonymous.com,0
3016663,2025-01-09 17:22:10,50,visa,credit,sarah.tan77@gmail.com,479304,Low,4671,Existing User,23,,Approved,No,No,desktop,Windows,gmail.com,0
3502337,2025-06-05 23:56:30,100,visa,credit,tom.koh757@gmail.com,471358,Low,6017,Existing User,34,,Approved,No,No,mobile,LG-TP260 Build/NRD90U,gmail.com,0
3211190,2025-03-03 02:02:57,41.086,visa,credit,tom.teo395@gmail.com,447602,Low,2854,New User,41,,Approved,No,No,mobile,BLL-L23 Build/HUAWEIBLL-L23,gmail.com,0
3094281,2025-01-25 16:52:30,50,visa,debit,david.goh614@gmail.com,402864,Low,4079,Existing User,31,,Approved,No,No,mobile,iOS Device,gmail.com,0
3423312,2025-05-08 18:39:17,13.526,mastercard,debit,alex.ng752@hotmail.com,539764,Low,4412,Existing User,41,,Approved,No,No,mobile,0,hotmail.com,0
3054899,2025-01-18 19:38:39,20,discover,credit,alex.wong181@yahoo.com,651916,Low,5402,Existing User,28,,Approved,No,No,desktop,MacOS,yahoo.com,0
3303455,2025-04-02 02:30:00,67.067,mastercard,credit,tom.ong716@gmail.com,524723,Low,3511,Existing User,34,,Approved,Yes,No,desktop,0,gmail.com,1
3159522,2025-02-13 02:08:44,25.361,visa,debit,sarah.koh81@anonymous.com,458367,Medium,7655,Existing User,57,,Approved,Yes,No,mobile,SM-G570M Build/MMB29K,anonymous.com,0
3111238,2025-01-29 07:20:09,53.636,visa,debit,mike.ng868@outlook.com,499372,Low,5436,Existing User,31,,Approved,Yes,Yes,desktop,0,outlook.com,1
3270740,2025-03-22 05:53:54,182.046,mastercard,debit,alex.lee230@hotmail.com,519768,Low,6953,New User,47,,Approved,No,No,desktop,Trident/7.0,hotmail.com,0
3557963,2025-06-25 13:32:21,35,visa,debit,mike.ong605@yahoo.com,461866,Medium,1517,New User,57,,Approved,No,No,mobile,0,,0
3208644,2025-03-02 09:43:45,5,visa,debit,lisa.teo831@outlook.com,456145,Low,9469,Existing User,28,,Approved,Yes,No,desktop,Trident/7.0,,1
3085592,2025-01-23 23:57:26,50,visa,debit,alex.tan221@comcast.net,436049,Low,2040,New User,40,,Approved,No,No,desktop,Windows,comcast.net,0
3385087,2025-04-27 00:35:57,40,visa,credit,tom.koh978@comcast.net,455809,Low,8412,Existing User,27,,Approved,No,No,desktop,Windows,comcast.net,0
3308509,2025-04-03 14:51:31,9,discover,credit,david.lee423@gmail.com,659190,Low,1935,Existing User,28,,Approved,No,No,desktop,Windows,,0
3065168,2025-01-20 18:11:32,55.968,mastercard,debit,david.lee335@hotmail.com,531539,Medium,5868,Existing User,54,,Approved,No,No,mobile,0,hotmail.com,0
3409451,2025-05-04 19:35:46,25.945,visa,credit,lisa.teo335@gmail.com,407584,Low,2090,Existing User,37,,Approved,Yes,No,desktop,0,gmail.com,1
3399661,2025-05-01 17:03:37,41.629,mastercard,credit,mike.chan856@hotmail.com,532624,Low,7333,Existing User,23,,Approved,No,No,mobile,SM-G531H Build/LMY48B,hotmail.com,0
3090005,2025-01-24 20:24:15,150,mastercard,debit,sarah.koh845@icloud.com,511918,Low,6103,New User,49,,Approved,No,No,desktop,rv:11.0,icloud.com,0
3532261,2025-06-16 15:31:08,20,visa,debit,john.lee330@outlook.com,441454,Low,8473,Existing User,32,,Approved,No,No,desktop,rv:11.0,,0
3469867,2025-05-26 09:35:29,30,visa,debit,john.lee247@hotmail.com,455477,Low,1607,Existing User,31,,Approved,No,No,desktop,Windows,,0
3368569,2025-04-21 16:12:27,16.253,mastercard,debit,jason.chan105@gmail.com,531269,Medium,3550,New User,53,,Approved,No,No,desktop,0,gmail.com,0
3142435,2025-02-07 03:34:45,18.889,mastercard,credit,alex.ng350@gmail.com,515013,Low,7269,Existing User,26,,Approved,No,No,0,0,gmail.com,0
3116767,2025-01-30 20:03:55,88.499,mastercard,debit,jason.lim597@yahoo.com.mx,521926,Medium,1532,New User,60,NEW_USER_RULE,Rejected,No,No,desktop,0,yahoo.com.mx,0
3148341,2025-02-09 13:58:46,37.662,visa,credit,alex.ong936@hotmail.com,493788,Low,2886,Existing User,36,,Approved,No,No,mobile,0,hotmail.com,0
3073978,2025-01-22 03:06:42,47.806,visa,credit,sarah.wong727@hotmail.com,458287,Low,5394,Existing User,37,,Approved,No,No,desktop,0,hotmail.com,0
3363345,2025-04-19 20:55:11,175,visa,debit,alex.ng941@gmail.com,483424,Low,5372,Existing User,34,,Approved,No,No,mobile,iOS Device,gmail.com,0
3258586,2025-03-18 03:35:38,18.241,visa,credit,jason.chan392@anonymous.com,447487,Medium,2562,Existing User,53,,Approved,No,No,desktop,0,anonymous.com,0
3460365,2025-05-22 16:00:51,50,visa,credit,lisa.goh901@anonymous.com,415877,Low,2130,Existing User,43,,Approved,No,No,desktop,Windows,anonymous.com,0
3077298,2025-01-22 20:07:03,75,visa,debit,jason.lee503@gmail.com,483463,Low,9256,Existing User,39,,Approved,No,No,desktop,MacOS,gmail.com,0
3573523,2025-07-01 17:07:11,75,mastercard,credit,jason.goh990@live.com,533592,Low,5190,Existing User,37,,Approved,No,No,mobile,iOS Device,live.com,0
3085998,2025-01-24 00:59:20,300,visa,credit,john.chan366@sbcglobal.net,431235,Low,3280,Existing User,35,,Approved,No,No,desktop,MacOS,sbcglobal.net,0
3270157,2025-03-21 23:32:07,100,visa,credit,tom.goh737@gmail.com,498693,Low,8121,New User,43,,Approved,Yes,No,mobile,iOS Device,gmail.com,1
3321948,2025-04-06 13:52:22,19.576,visa,credit,mike.ong217@anonymous.com,484557,Medium,6414,Existing User,69,ANONYMOUS_EMAIL,Rejected,No,No,mobile,0,anonymous.com,0
3031937,2025-01-13 14:55:09,100,mastercard,credit,alex.lee452@hotmail.com,551709,Low,9019,Existing User,29,,Approved,No,No,desktop,Windows,hotmail.com,0
3576090,2025-07-02 15:50:55,12.972,visa,credit,lisa.ng973@hotmail.com,479463,Low,7572,Existing User,46,,Approved,No,Yes,mobile,0,hotmail.com,0
3546761,2025-06-21 16:16:38,110,mastercard,credit,lisa.goh818@outlook.com,541103,Low,5053,New User,30,,Approved,No,No,desktop,Windows,,0
3525494,2025-06-14 06:00:24,150,american express,credit,amy.ong757@hotmail.com,371527,Low,5331,New User,30,,Approved,No,No,desktop,Windows,hotmail.com,0
3224081,2025-03-06 20:19:48,87.126,visa,debit,jason.lee16@anonymous.com,497275,Medium,6281,New User,72,,Approved,No,No,desktop,Windows,anonymous.com,0
3461001,2025-05-22 19:15:51,50,american express,credit,david.tan196@hotmail.com,374003,Low,2641,Existing User,20,,Approved,No,No,desktop,Trident/7.0,hotmail.com,0
3261525,2025-03-19 00:41:51,100,visa,debit,anna.lim911@yahoo.com,454706,Low,5099,Existing User,28,,Approved,No,No,desktop,Windows,yahoo.com,0
3359634,2025-04-18 07:31:13,19.939,visa,debit,david.lee421@gmail.com,485850,Low,7785,Existing User,40,,Approved,No,No,mobile,SM-J730GM Build/NRD90M,gmail.com,0
3056744,2025-01-19 01:42:52,36.263,visa,credit,lisa.tan429@gmail.com,480414,Low,1501,New User,49,,Approved,No,No,desktop,0,gmail.com,0
3079511,2025-01-23 02:25:11,31.016,visa,debit,mike.ng284@gmail.com,441190,Low,7677,Existing User,43,,Approved,No,No,desktop,0,gmail.com,0
3541916,2025-06-19 18:46:52,200,mastercard,credit,john.ong601@yahoo.com,545656,Low,1041,New User,40,,Approved,Yes,No,mobile,SAMSUNG SM-G965U Build/R16NW,yahoo.com,1
3156929,2025-02-12 07:40:55,35,visa,debit,jason.lim135@hotmail.com,420796,Low,6346,Existing User,41,,Approved,No,No,mobile,iOS Device,hotmail.com,0
3394681,2025-04-30 01:55:01,114.043,visa,debit,amy.tan497@gmail.com,409879,Low,7094,Existing User,27,,Approved,No,No,desktop,Windows,gmail.com,0
3245593,2025-03-13 19:27:11,4.741,mastercard,debit,sarah.lim796@gmail.com,522286,Low,3421,Existing User,28,,Approved,No,No,mobile,TRT-L53 Build/HUAWEITRT-L53,gmail.com,0
3185441,2025-02-21 21:57:33,200,visa,debit,amy.lee196@aol.com,453140,Low,2505,Existing User,38,,Approved,No,No,mobile,iOS Device,aol.com,0
3347920,2025-04-14 16:40:12,100,visa,debit,david.chan824@gmail.com,414974,Low,4811,New User,43,,Approved,No,No,desktop,Windows,gmail.com,0
3572572,2025-07-01 03:39:54,140.297,mastercard,debit,sarah.teo163@gmail.com,553271,Low,1198,Existing User,31,,Approved,No,No,desktop,Windows,gmail.com,0
3303825,2025-04-02 05:08:23,9.184,mastercard,credit,lisa.lee914@hotmail.com,553272,Low,5240,Existing User,37,,Approved,No,No,mobile,0,hotmail.com,0
3473297,2025-05-27 16:38:38,40.884,mastercard,debit,mike.teo417@anonymous.com,519046,Medium,4088,Existing User,64,ANONYMOUS_EMAIL,Rejected,No,No,desktop,0,anonymous.com,0
3388498,2025-04-28 02:04:04,47.973,visa,debit,anna.wong691@hotmail.com,427060,Low,1993,Existing User,40,,Approved,Yes,No,mobile,0,hotmail.com,1
3042946,2025-01-15 23:37:11,76.532,visa,debit,alex.goh906@gmail.com,479080,Low,5584,Existing User,30,,Approved,No,No,desktop,Windows,gmail.com,0
3406351,2025-05-03 19:55:57,41.811,visa,debit,alex.ong285@hotmail.com,416101,Low,3501,Existing User,34,,Approved,No,No,desktop,0,hotmail.com,0
3476915,2025-05-28 20:31:35,200,american express,credit,jason.chan216@anonymous.com,374420,Medium,5657,New User,58,,Approved,No,No,desktop,Windows,anonymous.com,0
3113885,2025-01-30 01:08:55,59.7,visa,debit,sarah.lim156@gmail.com,473400,Low,4448,Existing User,25,,Approved,Yes,No,mobile,Moto G (5) Plus Build/NPNS25.137-15-11,gmail.com,1
3096060,2025-01-25 20:38:41,30,visa,credit,alex.ng817@yahoo.com,476099,Low,1556,New User,46,,Approved,No,No,mobile,iOS Device,yahoo.com,0
3001446,2025-01-05 18:06:32,56,mastercard,debit,mike.goh785@gmail.com,552254,Low,4307,Existing User,39,,Approved,No,No,mobile,iOS Device,,0
3457971,2025-05-21 17:59:50,100,american express,credit,david.lim595@comcast.net,375235,Low,3658,New User,43,,Approved,No,No,desktop,MacOS,comcast.net,0
3382128,2025-04-25 21:57:59,200,visa,credit,alex.tan480@hotmail.com,434343,Low,7568,Existing User,27,,Approved,No,No,desktop,MacOS,hotmail.com,0
3558204,2025-06-25 15:20:55,100,visa,credit,sarah.ong158@anonymous.com,470797,Low,5900,Existing User,49,,Approved,No,Yes,desktop,Windows,anonymous.com,0
3571271,2025-06-30 19:28:21,50,visa,debit,john.teo428@anonymous.com,421567,Medium,6574,Existing User,58,,Approved,No,No,desktop,MacOS,anonymous.com,0
3475308,2025-05-28 03:23:40,87.793,mastercard,credit,anna.tan269@gmail.com,515771,Low,3289,Existing User,34,,Approved,No,No,desktop,0,gmail.com,0
3215351,2025-03-04 16:38:19,38.185,visa,credit,mike.lim675@outlook.com,435618,Low,6138,Existing User,15,,Approved,No,No,desktop,Trident/7.0,outlook.com,0
3121344,2025-02-01 00:01:32,25,mastercard,credit,sarah.lim148@gmail.com,539955,Low,8988,Existing User,31,,Approved,No,No,mobile,iOS Device,gmail.com,0
3575520,2025-07-02 11:58:21,75,mastercard,credit,sarah.teo840@yahoo.com,522528,Low,9336,New User,33,,Approved,No,No,desktop,Trident/7.0,yahoo.com,0
3316421,2025-04-04 20:01:25,26.283,mastercard,credit,david.goh314@anonymous.com,559472,Medium,9571,New User,70,,Approved,No,No,desktop,0,anonymous.com,0
3067849,2025-01-21 01:36:26,100,mastercard,debit,mike.teo232@anonymous.com,522522,High,7430,New User,83,HIGH_RISK_SCORE,Rejected,No,No,0,0,anonymous.com,0
3082328,2025-01-23 17:17:19,50,visa,debit,alex.koh115@gmail.com,434348,Low,1766,Existing User,45,,Approved,No,No,mobile,SAMSUNG SM-N920T Build/NRD90M,gmail.com,0
3303495,2025-04-02 02:41:39,88.213,mastercard,credit,david.teo811@hotmail.com,528494,Low,8441,Existing User,40,,Approved,No,No,mobile,0,hotmail.com,0
3052736,2025-01-18 01:10:41,100,visa,debit,anna.ng750@anonymous.com,440831,Medium,9701,Existing User,59,,Approved,No,No,desktop,Windows,anonymous.com,0
3393161,2025-04-29 18:27:56,33.291,mastercard,debit,anna.lee87@outlook.com,546650,Medium,2596,Existing User,55,,Approved,Yes,No,mobile,0,outlook.com,1
3079344,2025-01-23 01:51:45,42.559,mastercard,credit,john.lim601@gmail.com,552740,Low,4353,New User,38,,Approved,No,No,mobile,SM-G950F Build/NRD90M,,0
3095365,2025-01-25 19:15:09,50,mastercard,credit,jason.ng972@gmail.com,530802,Low,2968,Existing User,35,,Approved,No,No,mobile,iOS Device,gmail.com,0
3180907,2025-02-20 15:02:15,50,american express,credit,lisa.ong190@gmail.com,372983,Low,8647,Existing User,16,,Approved,No,No,desktop,Windows,,0
3495847,2025-06-04 03:47:32,4.549,visa,credit,anna.lee753@hotmail.com,487205,Low,8137,Existing User,28,,Approved,No,No,desktop,0,hotmail.com,0
3029184,2025-01-12 20:31:45,700,visa,credit,lisa.tan450@yahoo.com,428461,Low,8084,Existing User,44,,Approved,No,No,desktop,MacOS,yahoo.com,0
3066127,2025-01-20 20:46:46,50,visa,credit,mike.teo521@cfl.rr.com,439120,Low,8505,Existing User,31,,Approved,No,No,mobile,iOS Device,cfl.rr.com,0
3557396,2025-06-25 02:02:40,200,visa,credit,lisa.ng65@mac.com,493132,Low,8405,Existing User,29,,Approved,No,No,desktop,MacOS,mac.com,0
3369256,2025-04-21 19:46:03,100,visa,credit,alex.lee583@att.net,405230,Low,8249,Existing User,36,,Approved,No,No,mobile,SAMSUNG SM-G950U Build/NRD90M,att.net,0
3382873,2025-04-26 03:07:51,54.378,visa,credit,lisa.ng282@gmail.com,486909,Low,4426,New User,45,,Approved,No,No,desktop,rv:56.0,gmail.com,0
3078442,2025-01-22 23:02:40,68.094,visa,debit,john.lim724@yahoo.com.mx,427903,Low,6185,Existing User,25,,Approved,No,No,desktop,Windows,yahoo.com.mx,0
3507727,2025-06-08 03:28:29,40.269,visa,debit,amy.koh151@gmail.com,447149,Low,1933,New User,43,,Approved,No,No,desktop,8050G Build/LMY47I,gmail.com,0
3061397,2025-01-19 22:52:32,55.385,mastercard,debit,jason.ong844@outlook.com,546559,Low,9921,Existing User,30,,Approved,No,No,desktop,Windows,outlook.com,0
3096792,2025-01-25 22:12:16,100,discover,credit,david.koh612@gmail.com,657386,Low,5953,New User,45,,Approved,No,No,mobile,iOS Device,gmail.com,0
3046667,2025-01-16 19:51:37,35,american express,credit,amy.tan127@hotmail.com,372098,Low,5030,Existing User,22,,Approved,No,No,desktop,MacOS,,0
3297296,2025-03-31 04:52:51,10.332,visa,debit,sarah.goh84@hotmail.com,432331,Low,9101,New User,38,,Approved,No,No,desktop,Moto E (4) Build/NMA26.42-19,hotmail.com,0
3017977,2025-01-09 21:49:28,125,american express,credit,sarah.wong714@anonymous.com,373048,Medium,7022,New User,57,,Approved,No,No,desktop,Windows,anonymous.com,0
3020603,2025-01-10 17:34:40,250,mastercard,debit,lisa.lee960@yahoo.com,557710,Medium,9799,New User,55,,Approved,No,No,desktop,rv:11.0,yahoo.com,0
3085572,2025-01-23 23:54:10,50,visa,credit,david.ong124@hotmail.com,478177,Low,4325,Existing User,17,,Approved,No,No,desktop,Trident/7.0,hotmail.com,0
3490034,2025-06-02 15:28:22,41.806,visa,credit,david.tan515@hotmail.com,495093,Low,7165,Existing User,19,,Approved,No,No,desktop,Windows,hotmail.com,0
3457797,2025-05-21 16:57:22,50,american express,credit,tom.koh626@anonymous.com,373990,Medium,1300,Existing User,52,,Approved,No,No,desktop,Trident/7.0,anonymous.com,0
3348571,2025-04-14 19:39:24,300,mastercard,credit,david.wong362@gmail.com,527508,Low,3665,Existing User,39,,Approved,Yes,No,mobile,iOS Device,gmail.com,1
3038688,2025-01-15 00:12:39,100,visa,debit,john.goh90@anonymous.com,488341,Medium,7549,Existing User,62,,Approved,No,No,mobile,iOS Device,anonymous.com,0
3425704,2025-05-09 16:48:47,17.214,visa,debit,lisa.ng738@gmail.com,459145,Medium,2455,New User,53,,Approved,No,No,mobile,F5121 Build/34.3.A.0.252,gmail.com,0
3100235,2025-01-26 14:41:24,50,visa,credit,john.koh21@gmail.com,415055,Low,2763,New User,44,,Approved,No,No,desktop,MacOS,gmail.com,0
3530632,2025-06-15 22:18:08,50,visa,debit,sarah.wong167@gmail.com,435504,Low,4463,Existing User,43,,Approved,No,No,mobile,iOS Device,gmail.com,0
3022373,2025-01-10 23:28:02,115,mastercard,credit,alex.wong152@outlook.com,531776,Low,4079,Existing User,17,,Approved,No,No,desktop,Windows,,0
3075700,2025-01-22 16:18:38,900,visa,credit,lisa.koh507@anonymous.com,447842,High,4329,Existing User,75,,Approved,No,No,desktop,Trident/7.0,anonymous.com,0
2989407,2025-01-02 16:30:14,100,mastercard,credit,anna.ng896@yahoo.com,520875,Low,6826,Existing User,25,,Approved,No,No,desktop,Windows,,0
3074602,2025-01-22 10:42:41,125,mastercard,debit,lisa.ng470@hotmail.com,526087,Low,6927,Existing User,35,,Approved,Yes,No,mobile,iOS Device,hotmail.com,0
3046666,2025-01-16 19:51:25,50,visa,debit,amy.goh652@gmail.com,498691,Low,3499,Existing User,25,,Approved,No,No,desktop,Windows,gmail.com,0
3531687,2025-06-16 10:21:02,106,mastercard,credit,lisa.lee853@gmail.com,548839,Low,6615,New User,40,,Approved,No,No,desktop,0,,0
3216318,2025-03-04 21:16:46,19.093,visa,credit,anna.koh420@gmail.com,430032,Low,4241,Existing User,17,,Approved,Yes,No,desktop,Windows,gmail.com,1
3084901,2025-01-23 22:23:41,100,mastercard,credit,jason.chan934@gmail.com,552694,Low,7827,New User,37,,Approved,No,No,desktop,MacOS,gmail.com,0
3265311,2025-03-20 12:54:33,10,visa,debit,jason.teo837@yahoo.com,402250,Low,9456,Existing User,23,,Approved,No,No,desktop,Windows,,0
3063209,2025-01-20 04:47:37,87.45,visa,debit,alex.lim484@gmail.com,465273,Low,2354,Existing User,30,,Approved,No,No,desktop,Windows,gmail.com,0
3259131,2025-03-18 13:57:31,100,mastercard,credit,alex.lee413@gmail.com,520774,Low,4343,New User,38,,Approved,No,No,desktop,Windows,,0
3209370,2025-03-02 17:31:00,50,visa,credit,david.lee151@gmail.com,440670,Low,8410,New User,30,,Approved,No,No,desktop,MacOS,gmail.com,0
3104077,2025-01-27 05:39:54,150,american express,credit,john.wong653@gmail.com,371268,Low,1499,Existing User,28,,Approved,No,No,desktop,Windows,gmail.com,0
3469252,2025-05-26 00:23:16,34.306,visa,debit,amy.goh425@gmail.com,460510,Low,2882,New User,45,,Approved,No,No,mobile,Redmi 4X Build/N2G47H,gmail.com,0
3075031,2025-01-22 14:20:14,100,visa,credit,alex.teo531@anonymous.com,442760,Low,9789,Existing User,40,,Approved,No,No,desktop,Windows,anonymous.com,0
3118769,2025-01-31 04:19:11,85.818,mastercard,credit,sarah.teo359@gmail.com,528833,Low,9318,New User,41,,Approved,Yes,No,mobile,SM-G950F Build/NRD90M,gmail.com,1
3242588,2025-03-12 19:59:50,176.124,visa,debit,alex.wong53@hotmail.com,475342,Low,2347,Existing User,28,,Approved,No,No,desktop,Windows,hotmail.com,0
3303991,2025-04-02 08:38:55,31.902,visa,debit,tom.lee867@gmail.com,415556,Low,4767,New User,45,,Approved,Yes,No,mobile,SAMSUNG SM-T710 Build/NRD90M,gmail.com,1
3482356,2025-05-30 20:29:45,75,visa,credit,jason.ng848@gmail.com,481248,Low,4013,New User,31,,Approved,No,No,desktop,Windows,gmail.com,0
3104219,2025-01-27 11:33:43,50,mastercard,credit,john.goh166@twc.com,551169,Low,4654,New User,43,,Approved,No,No,mobile,SAMSUNG SM-G950U Build/NRD90M,twc.com,0
3263645,2025-03-19 20:24:59,18.186,mastercard,debit,mike.ng619@gmail.com,536174,Medium,2538,Existing User,51,,Approved,No,No,mobile,0,gmail.com,0
3048780,2025-01-17 02:38:33,100,visa,credit,alex.chan342@comcast.net,424086,Low,4275,Existing User,27,,Approved,No,Yes,desktop,Windows,comcast.net,0
3100508,2025-01-26 15:30:52,32.356,visa,debit,john.ng922@hotmail.com,482283,Low,1014,Existing User,22,,Approved,No,No,desktop,Windows,hotmail.com,0
3184467,2025-02-21 17:20:05,30,discover,credit,tom.ong971@yahoo.com,640314,Low,9151,Existing User,39,,Approved,No,No,mobile,iOS Device,,0
3049618,2025-01-17 14:38:31,50,visa,debit,david.ng953@hotmail.com,404774,Low,4149,New User,48,,Approved,No,No,desktop,Windows,,0
3140092,2025-02-06 17:51:28,150,mastercard,debit,tom.koh438@anonymous.com,514526,Medium,6346,Existing User,53,,Approved,No,No,desktop,MacOS,anonymous.com,0
3276622,2025-03-24 15:56:03,50,visa,credit,amy.teo740@anonymous.com,436400,Low,5026,Existing User,42,,Approved,No,No,desktop,Windows,anonymous.com,0
3231105,2025-03-09 00:43:08,19.395,mastercard,debit,lisa.goh860@gmail.com,528178,Low,8429,New User,35,,Approved,No,No,desktop,Windows,gmail.com,0
3040626,2025-01-15 16:07:41,25,american express,credit,sarah.tan509@gmail.com,372506,Low,1733,Existing User,27,,Approved,No,No,desktop,Windows,,0
3087592,2025-01-24 14:21:49,150,visa,debit,mike.ng144@gmail.com,454410,Low,8059,Existing User,41,,Approved,No,No,mobile,iOS Device,gmail.com,0
3280729,2025-03-25 21:53:32,20.785,mastercard,debit,alex.goh948@outlook.es,526474,Low,1611,Existing User,34,,Approved,No,No,desktop,0,outlook.es,0
3060000,2025-01-19 19:20:18,50,visa,debit,jason.lim465@gmail.com,491365,Low,3186,New User,49,,Approved,No,No,mobile,SAMSUNG SM-G950U Build/NRD90M,gmail.com,0
3488608,2025-06-02 01:54:39,46.817,visa,credit,jason.koh794@gmail.com,416449,Low,2681,Existing User,30,,Approved,No,No,desktop,0,gmail.com,0
3007594,2025-01-07 02:03:31,100,visa,credit,mike.ng570@anonymous.com,476994,Medium,6412,New User,62,,Approved,No,Yes,desktop,MacOS,anonymous.com,0
3082284,2025-01-23 17:13:08,100,visa,credit,john.ong81@verizon.net,421809,Low,4782,Existing User,15,,Approved,No,No,desktop,rv:11.0,verizon.net,0
3368806,2025-04-21 17:18:06,30.21,mastercard,debit,sarah.wong165@hotmail.com,533024,Low,7827,Existing User,26,,Approved,No,No,desktop,Windows,hotmail.com,0
3422965,2025-05-08 17:10:30,150,visa,credit,mike.chan950@gmail.com,493521,Low,8842,Existing User,33,,Approved,No,No,desktop,MacOS,gmail.com,0
3321090,2025-04-06 02:00:42,125,american express,credit,mike.goh807@gmail.com,371193,Low,7299,Existing User,30,,Approved,No,No,desktop,MacOS,gmail.com,0
3100266,2025-01-26 14:47:22,200,american express,credit,mike.koh125@verizon.net,378956,Low,1959,Existing User,40,,Approved,No,No,mobile,iOS Device,verizon.net,0
3457142,2025-05-21 13:00:02,50,mastercard,debit,lisa.ng101@gmail.com,559865,Low,1526,Existing User,45,,Approved,No,No,mobile,HTC One M9 Build/NRD90M,gmail.com,0
3122243,2025-02-01 09:06:52,27.984,visa,debit,lisa.lee639@gmail.com,435156,Low,1964,Existing User,40,,Approved,Yes,No,desktop,0,gmail.com,1
3003107,2025-01-05 23:55:48,54.076,visa,credit,john.chan166@gmail.com,429238,Low,9468,Existing User,29,,Approved,No,No,desktop,0,gmail.com,0
3478908,2025-05-29 15:54:34,0.878,visa,debit,john.goh11@gmail.com,493770,Low,9892,Existing User,21,,Approved,No,No,desktop,Windows,gmail.com,0
3558517,2025-06-25 17:13:43,15,visa,debit,sarah.wong782@hotmail.com,402209,Low,7306,Existing User,34,,Approved,No,No,desktop,0,,0
3518256,2025-06-11 21:05:41,100,visa,debit,tom.tan776@gmail.com,493294,Low,5548,Existing User,32,,Approved,No,Yes,mobile,iOS Device,gmail.com,0
3221536,2025-03-06 03:13:24,26.343,visa,debit,sarah.chan142@gmail.com,450241,Low,5069,Existing User,41,,Approved,No,No,mobile,0,gmail.com,0
3039579,2025-01-15 04:25:55,150,visa,credit,sarah.koh75@frontier.com,450221,Low,7000,New User,47,,Approved,No,No,mobile,iOS Device,frontier.com,0
3053080,2025-01-18 02:56:42,50,visa,credit,alex.goh184@anonymous.com,410832,Medium,3551,New User,67,ANONYMOUS_EMAIL,Rejected,No,No,desktop,MacOS,anonymous.com,0
3053982,2025-01-18 16:17:34,30,visa,debit,sarah.ng182@yahoo.com,417516,Low,4160,New User,42,,Approved,No,No,desktop,Windows,yahoo.com,0
3253172,2025-03-16 16:24:44,17.703,mastercard,debit,tom.chan335@anonymous.com,549808,Medium,8299,New User,66,ANONYMOUS_EMAIL,Rejected,No,No,mobile,ZTE,anonymous.com,0
3421036,2025-05-07 23:13:35,82.752,mastercard,debit,lisa.wong209@gmail.com,533144,Low,7620,Existing User,33,,Approved,No,No,desktop,Windows,gmail.com,0
3524375,2025-06-13 21:07:16,300,discover,credit,sarah.lee673@gmail.com,616833,Medium,4911,New User,56,,Approved,Yes,No,mobile,Alcatel_5044R Build/NRD90M,gmail.com,1
3522777,2025-06-13 06:51:14,15.985,mastercard,debit,alex.teo366@gmail.com,557791,Low,6829,New User,48,,Approved,No,No,desktop,0,gmail.com,0
3303714,2025-04-02 04:09:19,25.981,visa,debit,alex.goh397@hotmail.com,459925,Low,3834,New User,42,,Approved,No,No,mobile,MotoG3-TE Build/MPDS24.65-33-1-30,hotmail.com,0
3150941,2025-02-10 02:59:46,29.616,visa,debit,alex.tan535@gmail.com,423660,Low,7210,Existing User,26,,Approved,No,No,mobile,SM-G935F Build/NRD90M,gmail.com,0
3011443,2025-01-08 02:57:59,38.79,visa,debit,anna.lee698@gmail.com,438480,Low,7930,Existing User,29,,Approved,No,No,mobile,HTC Desire 530 Build/MMB29M,gmail.com,0
3091424,2025-01-24 23:51:10,48.039,visa,credit,mike.koh360@gmail.com,404879,Low,3928,Existing User,34,,Approved,No,No,mobile,SAMSUNG-SM-G928A Build/NRD90M,gmail.com,0
3279026,2025-03-25 06:41:13,450,american express,credit,john.koh412@yahoo.com,378095,Low,2762,Existing User,25,,Approved,Yes,No,desktop,Windows,yahoo.com,1
3005077,2025-01-06 16:20:21,25,visa,debit,tom.teo868@icloud.com,408713,Medium,5949,New User,60,,Approved,No,No,mobile,iOS Device,icloud.com,0
2987376,2025-01-02 01:41:49,30,visa,credit,john.tan247@gmail.com,416904,Low,5968,Existing User,27,,Approved,No,No,desktop,MacOS,gmail.com,0
3092277,2025-01-25 02:22:08,25,visa,credit,lisa.goh436@att.net,434106,Low,8045,Existing User,16,,Approved,No,No,desktop,Windows,att.net,0
3485735,2025-06-01 06:00:23,20,visa,debit,david.chan80@hotmail.com,422548,Low,1904,New User,46,,Approved,No,No,desktop,0,,0
3513574,2025-06-10 03:12:16,100,visa,credit,anna.wong34@gmail.com,455145,Low,6005,New User,39,,Approved,No,No,desktop,MacOS,gmail.com,0
3123635,2025-02-01 21:01:59,60,visa,credit,amy.lim977@hotmail.com,427902,Medium,2928,New User,50,,Approved,No,No,desktop,MacOS,hotmail.com,0
3411549,2025-05-05 11:16:48,34.49,mastercard,credit,david.tan27@anonymous.com,515942,Medium,6047,Existing User,65,ANONYMOUS_EMAIL,Rejected,No,No,0,0,anonymous.com,0
3000442,2025-01-05 14:01:25,150,visa,credit,amy.goh389@gmail.com,407878,Low,8192,New User,42,,Approved,No,No,mobile,iOS Device,gmail.com,0
3029192,2025-01-12 20:33:58,50,mastercard,credit,lisa.tan21@gmail.com,521435,Low,4899,Existing User,33,,Approved,No,No,desktop,MacOS,gmail.com,0
3127367,2025-02-03 04:28:35,25,visa,debit,anna.goh984@gmail.com,425538,Low,6848,Existing User,38,,Approved,No,No,mobile,SM-G950U Build/NRD90M,gmail.com,0
3575538,2025-07-02 12:12:04,150,visa,credit,anna.ng101@hotmail.com,475646,Low,5947,Existing User,40,,Approved,No,No,0,0,hotmail.com,0
3463557,2025-05-23 18:57:41,19.797,visa,debit,alex.koh755@yahoo.com,415374,Medium,1490,New User,50,,Approved,No,No,mobile,SM-G531H Build/LMY48B,yahoo.com,0
3206921,2025-03-01 19:22:11,26.343,mastercard,debit,david.lee650@hotmail.com,545187,Low,8111,Existing User,23,,Approved,No,No,desktop,Windows,hotmail.com,0
2987489,2025-01-02 02:17:25,8.7,mastercard,debit,anna.koh324@gmail.com,528532,Low,3881,Existing User,29,,Approved,No,Yes,mobile,Blade V6 Plus Build/MRA58K,gmail.com,0
3011728,2025-01-08 05:45:45,84.709,mastercard,credit,mike.ong262@hotmail.com,553986,Low,6360,New User,40,,Approved,No,No,mobile,SM-G930F Build/NRD90M,hotmail.com,0
3068831,2025-01-21 06:41:16,25,visa,debit,david.goh945@hotmail.com,410776,Low,6827,Existing User,35,,Approved,No,No,mobile,iOS Device,hotmail.com,0
3450874,2025-05-19 00:29:36,13.28,visa,debit,amy.tan527@hotmail.com,407388,Low,2368,Existing User,40,,Approved,No,No,mobile,0,hotmail.com,0
3099257,2025-01-26 05:58:11,25,mastercard,debit,alex.goh309@live.com,520471,Low,7054,Existing User,35,,Approved,No,No,mobile,iOS Device,live.com,0
3051197,2025-01-17 19:51:02,400,visa,credit,amy.ng171@gmail.com,432387,Low,3273,Existing User,33,,Approved,No,No,desktop,rv:11.0,gmail.com,0
2991191,2025-01-02 21:15:46,36.373,visa,credit,jason.goh382@gmail.com,447122,Low,2035,Existing User,30,,Approved,No,Yes,mobile,Moto G Play Build/MPIS24.241-15.3-7,gmail.com,0
2991064,2025-01-02 20:58:27,20,american express,credit,david.tan206@me.com,376637,Low,5981,Existing User,29,,Approved,No,No,desktop,MacOS,me.com,0
3190236,2025-02-23 20:07:48,75,visa,debit,mike.ong650@gmail.com,476002,Low,8448,Existing User,32,,Approved,No,No,mobile,iOS Device,gmail.com,0
3234769,2025-03-10 02:39:38,44,mastercard,debit,sarah.koh158@outlook.com,520400,Low,2830,New User,40,,Approved,No,No,desktop,Windows,,0
3229292,2025-03-08 14:26:18,23.987,mastercard,debit,john.chan883@hotmail.com,535705,Low,2121,Existing User,31,,Approved,No,No,mobile,LG-H420 Build/LRX21Y,hotmail.com,0
3106513,2025-01-27 23:04:24,100,american express,credit,alex.koh441@anonymous.com,377859,Medium,6689,New User,63,,Approved,No,No,desktop,MacOS,anonymous.com,0
3070737,2025-01-21 17:59:55,50,visa,debit,amy.chan208@gmail.com,488583,Low,6663,Existing User,40,,Approved,No,No,desktop,MacOS,gmail.com,0
3376047,2025-04-23 21:51:30,157.817,visa,debit,alex.wong41@outlook.com,487232,Low,5144,Existing User,47,,Approved,No,No,mobile,0,outlook.com,0
3225277,2025-03-07 00:14:19,125,mastercard,debit,sarah.teo736@anonymous.com,531286,High,1919,New User,80,HIGH_RISK_SCORE,Rejected,No,No,mobile,Z981 Build/MMB29M,anonymous.com,0
3139983,2025-02-06 17:27:53,100,visa,credit,anna.chan532@gmail.com,471821,Low,7646,Existing User,35,,Approved,Yes,No,mobile,iOS Device,gmail.com,1
3157700,2025-02-12 17:25:59,25.361,visa,debit,lisa.ng255@hotmail.com,461371,Low,9134,Existing User,28,,Approved,No,No,desktop,rv:11.0,hotmail.com,0
3264676,2025-03-20 02:15:04,20.12,visa,debit,sarah.ong808@anonymous.com,459531,Medium,9692,New User,62,ANONYMOUS_EMAIL,Rejected,No,No,desktop,Windows,anonymous.com,0
3102976,2025-01-26 22:39:05,75,mastercard,credit,anna.chan464@aol.com,534490,Low,4544,Existing User,22,,Approved,No,No,desktop,MacOS,aol.com,0
3016750,2025-01-09 17:40:54,66.928,visa,debit,lisa.ng620@hotmail.com,433448,Low,7860,New User,46,,Approved,No,No,desktop,Windows,hotmail.com,0
3022484,2025-01-10 23:56:21,20,mastercard,debit,alex.teo286@gmail.com,516701,Low,6805,Existing User,42,,Approved,No,No,mobile,iOS Device,,0
3446259,2025-05-17 05:24:35,4.181,visa,debit,jason.chan427@gmail.com,444449,Low,6638,Existing User,20,,Approved,No,No,desktop,Linux x86_64,gmail.com,0
3027091,2025-01-12 11:40:13,100,mastercard,credit,tom.ng586@gmail.com,524358,Low,8013,Existing User,30,,Approved,No,No,mobile,SM-G930V Build/NRD90M,gmail.com,0
3421148,2025-05-07 23:52:13,4.795,mastercard,credit,tom.lee191@hotmail.com,511644,Low,4322,Existing User,30,,Approved,No,No,mobile,SM-G920I Build/NRD90M,hotmail.com,0
3194452,2025-02-25 03:31:06,20,visa,debit,mike.tan122@gmail.com,425688,Low,3795,Existing User,23,,Approved,No,No,desktop,MacOS,,0
3015810,2025-01-09 13:44:08,450,american express,credit,david.chan156@gmail.com,377303,Low,5725,Existing User,43,,Approved,No,No,mobile,iOS Device,gmail.com,0
3056462,2025-01-19 00:47:55,32.356,visa,credit,jason.ng167@yahoo.com.mx,483678,Low,4023,Existing User,19,,Approved,No,No,desktop,Windows,yahoo.com.mx,0
3087204,2025-01-24 08:10:37,67.279,visa,debit,lisa.tan248@gmail.com,403345,Low,5942,Existing User,27,,Approved,No,No,mobile,HUAWEI G7-L03 Build/HuaweiG7-L03,gmail.com,0
3174501,2025-02-18 13:08:56,150,visa,debit,anna.lee122@anonymous.com,467083,Medium,5280,Existing User,60,ANONYMOUS_EMAIL,Rejected,No,No,mobile,iOS Device,anonymous.com,0
3244513,2025-03-13 14:38:22,150,american express,credit,lisa.chan311@gmail.com,378373,Low,1550,New User,41,,Approved,No,No,desktop,Windows,gmail.com,0
3298021,2025-03-31 16:22:53,46.584,mastercard,credit,jason.lee530@yahoo.com.mx,544150,Low,5709,Existing User,30,,Approved,No,No,desktop,Windows,yahoo.com.mx,0
3481752,2025-05-30 16:44:17,23.239,visa,debit,mike.teo647@gmail.com,489098,Low,7171,Existing User,32,,Approved,No,No,desktop,rv:59.0,gmail.com,0
3008028,2025-01-07 04:43:09,150,mastercard,credit,amy.chan122@yahoo.com,533622,Low,2547,Existing User,25,,Approved,No,No,mobile,iOS Device,yahoo.com,0
3313619,2025-04-04 00:56:45,38.91,visa,credit,amy.teo274@hotmail.com,496817,Low,3386,Existing User,31,,Approved,No,No,desktop,0,hotmail.com,0
3055138,2025-01-18 20:25:09,50,visa,debit,john.tan483@icloud.com,431522,Low,6842,Existing User,35,,Approved,No,No,mobile,iOS Device,icloud.com,0
3028993,2025-01-12 19:58:41,25,mastercard,debit,jason.chan337@gmail.com,532694,Low,5022,Existing User,29,,Approved,No,No,desktop,MacOS,gmail.com,0
3095496,2025-01-25 19:31:40,100,mastercard,credit,mike.chan809@bellsouth.net,534256,Low,9920,New User,40,,Approved,No,No,desktop,rv:11.0,bellsouth.net,0
3051517,2025-01-17 20:43:17,50,visa,credit,mike.koh307@gmail.com,452988,Low,2248,New User,30,,Approved,No,No,desktop,MacOS,gmail.com,0
3197188,2025-02-26 03:01:06,25,mastercard,debit,amy.koh504@yahoo.com,512157,Medium,5564,New User,50,,Approved,No,No,desktop,Windows,yahoo.com,0
3015787,2025-01-09 13:37:02,50,visa,debit,lisa.tan819@yahoo.com,494507,Low,3418,Existing User,44,,Approved,No,No,mobile,SM-J320V Build/NMF26X,yahoo.com,0
3142290,2025-02-07 02:30:05,100,visa,debit,lisa.wong742@yahoo.com,418321,Medium,2548,New User,51,,Approved,No,No,desktop,0,,0
3406930,2025-05-03 23:18:27,2.961,visa,credit,amy.teo731@gmail.com,400528,Low,9699,New User,48,,Approved,No,No,mobile,SM-A720F Build/NRD90M,gmail.com,0
3019354,2025-01-10 03:33:08,32.648,mastercard,debit,tom.lee734@hotmail.com,513248,Low,6019,Existing User,37,,Approved,No,No,mobile,Moto E (4) Build/NMA26.42-19,hotmail.com,0
3492205,2025-06-03 00:29:38,20.534,visa,credit,john.wong469@anonymous.com,406083,Medium,2825,Existing User,72,,Approved,No,No,mobile,0,anonymous.com,0
3017682,2025-01-09 20:55:21,50,visa,credit,mike.ng118@yahoo.com,436233,Low,5598,Existing User,27,,Approved,No,No,desktop,Windows,yahoo.com,0
3080318,2025-01-23 08:27:37,100,mastercard,credit,anna.lee990@hotmail.com,512972,Low,6139,Existing User,38,,Approved,No,Yes,mobile,iOS Device,hotmail.com,0
2995792,2025-01-03 23:41:00,51.901,mastercard,credit,sarah.lee179@gmail.com,536586,Low,4357,Existing User,30,,Approved,Yes,No,mobile,Z410,gmail.com,1
3082673,2025-01-23 17:53:29,100,mastercard,credit,alex.lee765@anonymous.com,546123,Low,1171,Existing User,46,,Approved,No,No,desktop,Windows,anonymous.com,0
3218969,2025-03-05 16:46:17,22.96,mastercard,credit,jason.wong146@anonymous.com,514460,Medium,4118,Existing User,55,,Approved,No,No,desktop,Trident/7.0,anonymous.com,0
3051275,2025-01-17 20:01:40,100,visa,debit,sarah.lim604@yahoo.com,448280,Low,2228,Existing User,29,,Approved,No,No,desktop,MacOS,yahoo.com,0
3045088,2025-01-16 15:21:29,75,mastercard,debit,jason.ng27@gmail.com,535343,Low,1255,Existing User,22,,Approved,No,No,desktop,Windows,gmail.com,0
3539859,2025-06-19 00:04:54,35.044,mastercard,credit,anna.teo582@hotmail.com,521918,Medium,4384,New User,56,,Approved,No,No,mobile,0,hotmail.com,0
3133171,2025-02-04 19:46:58,50,mastercard,debit,amy.tan577@cox.net,545685,Low,7372,New User,36,,Approved,No,No,desktop,Windows,cox.net,0
3374993,2025-04-23 17:11:25,200,american express,credit,john.lee554@aol.com,378220,Low,5199,Existing User,23,,Approved,No,No,desktop,Trident/7.0,aol.com,0
3103814,2025-01-27 03:10:20,40.693,mastercard,debit,amy.ong558@hotmail.com,555162,Low,3458,Existing User,44,,Approved,No,No,mobile,0,hotmail.com,0
3447418,2025-05-17 21:57:46,25.76,visa,debit,amy.lee570@hotmail.com,489712,Low,6624,New User,42,,Approved,No,No,mobile,LG-D680 Build/KOT49I,hotmail.com,0
3524177,2025-06-13 20:02:27,18.997,visa,debit,sarah.lee107@anonymous.com,408790,Medium,9196,Existing User,64,,Approved,No,No,mobile,XT1032,anonymous.com,0
3111383,2025-01-29 13:23:12,30.142,mastercard,credit,tom.goh675@gmail.com,545427,Low,8433,Existing User,30,,Approved,No,No,desktop,0,gmail.com,0
3284640,2025-03-27 00:26:57,19.576,visa,credit,amy.chan329@gmail.com,469972,Low,1797,Existing User,24,,Approved,No,No,desktop,Windows,gmail.com,0
3276016,2025-03-24 04:51:55,47.007,mastercard,debit,anna.goh438@gmail.com,527254,Low,2982,New User,45,,Approved,No,No,mobile,SM-J120H Build/LMY47V,gmail.com,0
3482855,2025-05-30 23:34:33,23.117,visa,debit,john.wong201@gmail.com,474121,Low,7823,Existing User,30,,Approved,No,No,desktop,Windows,gmail.com,0
3458568,2025-05-21 21:39:23,47.585,visa,credit,tom.lim574@hotmail.com,406478,Medium,3384,New User,58,,Approved,No,No,desktop,0,hotmail.com,0
3554811,2025-06-24 03:51:28,81.154,visa,credit,sarah.teo361@hotmail.com,493024,Low,2250,New User,42,,Approved,No,No,desktop,0,hotmail.com,0
3056564,2025-01-19 01:07:51,500,american express,credit,david.ng674@gmail.com,372696,Low,7488,Existing User,34,,Approved,No,No,desktop,MacOS,gmail.com,0
3469830,2025-05-26 06:05:41,100,visa,credit,lisa.ng51@gmail.com,492257,Low,6110,Existing User,32,,Approved,No,No,desktop,MacOS,gmail.com,0
3065842,2025-01-20 19:58:28,40,mastercard,credit,amy.chan574@anonymous.com,527062,Medium,6803,Existing User,59,,Approved,No,No,0,0,anonymous.com,0
3223243,2025-03-06 17:29:14,8.217,visa,debit,jason.goh984@gmail.com,497914,Medium,6418,New User,52,,Approved,No,No,desktop,0,gmail.com,0
3444820,2025-05-16 18:07:01,40,visa,debit,anna.goh939@yahoo.com,486218,Low,1109,Existing User,41,,Approved,No,No,mobile,SM-G950U Build/R16NW,yahoo.com,0
3100905,2025-01-26 16:31:08,50,visa,debit,amy.ong461@yahoo.com,489975,Low,8379,Existing User,43,,Approved,No,No,mobile,iOS Device,yahoo.com,0
3123853,2025-02-01 21:57:55,3.964,visa,debit,david.lee777@gmail.com,462622,Low,2678,New User,46,,Approved,No,No,desktop,0,gmail.com,0
3447412,2025-05-17 21:51:56,100,mastercard,credit,mike.ong204@gmail.com,511858,Low,3840,Existing User,40,,Approved,No,No,mobile,iOS Device,gmail.com,0
3041524,2025-01-15 18:58:05,100,mastercard,credit,anna.goh760@yahoo.com,531427,Low,4951,Existing User,24,,Approved,No,No,mobile,SM-N920V Build/NRD90M,yahoo.com,0
3252770,2025-03-16 13:58:18,26.464,visa,credit,alex.teo172@anonymous.com,464447,Medium,3028,New User,59,,Approved,No,No,desktop,Windows,anonymous.com,0
3133574,2025-02-04 21:13:59,7.812,visa,debit,jason.koh37@anonymous.com,445089,Medium,9763,Existing User,65,ANONYMOUS_EMAIL,Rejected,No,No,desktop,0,anonymous.com,0
3070271,2025-01-21 16:54:47,13.038,mastercard,credit,anna.tan482@gmail.com,530070,Low,5520,Existing User,34,,Approved,No,No,desktop,0,gmail.com,0
3081403,2025-01-23 15:29:59,30,visa,debit,jason.koh476@yahoo.com,447117,Low,4921,Existing User,34,,Approved,No,No,desktop,rv:11.0,yahoo.com,0
3025188,2025-01-11 21:18:50,50,mastercard,credit,john.lim124@yahoo.com,514216,Low,4475,New User,39,,Approved,No,No,desktop,rv:52.0,yahoo.com,0
3564658,2025-06-27 20:46:19,205.589,mastercard,credit,amy.lim559@yahoo.com,515431,Low,7772,Existing User,40,,Approved,No,No,desktop,0,yahoo.com,0
3100704,2025-01-26 16:00:31,100,visa,debit,lisa.ong658@gmail.com,455227,Low,8283,New User,44,,Approved,No,No,desktop,MacOS,gmail.com,0
3307228,2025-04-03 01:19:17,210.262,visa,debit,mike.goh887@gmail.com,474583,Medium,8553,New User,51,,Approved,No,No,desktop,Windows,gmail.com,0
3379393,2025-04-24 22:28:18,16.918,mastercard,debit,anna.ng859@gmail.com,519538,Low,8081,New User,47,,Approved,No,No,desktop,0,gmail.com,0
3410085,2025-05-04 22:16:18,51.643,mastercard,debit,amy.ong894@gmail.com,550372,Low,8863,Existing User,24,,Approved,No,No,desktop,Windows,gmail.com,0
3397913,2025-05-01 01:47:37,50,visa,credit,david.chan368@gmail.com,466361,Low,1096,Existing User,23,,Approved,No,No,desktop,Windows,gmail.com,0
3026616,2025-01-12 02:51:01,50,visa,debit,jason.lim139@gmail.com,453290,Low,7758,Existing User,35,,Approved,No,No,desktop,Windows,gmail.com,0
3172814,2025-02-17 20:32:39,100,visa,credit,anna.goh141@comcast.net,494399,Low,4744,Existing User,32,,Approved,No,No,mobile,iOS Device,comcast.net,0
3053011,2025-01-18 02:36:20,22.154,visa,debit,alex.teo703@gmail.com,473075,Low,6662,Existing User,21,,Approved,No,No,desktop,Windows,gmail.com,0
3079039,2025-01-23 00:47:29,100,mastercard,credit,sarah.wong652@gmail.com,525079,Low,9404,Existing User,35,,Approved,No,No,mobile,iOS Device,gmail.com,0
3113358,2025-01-29 22:28:19,41.976,visa,debit,anna.wong477@gmail.com,411893,Low,5622,Existing User,33,,Approved,No,No,desktop,0,gmail.com,0
3505747,2025-06-07 14:52:09,32.461,visa,credit,lisa.teo43@hotmail.com,474815,Low,4277,New User,39,,Approved,No,No,mobile,SM-G610M Build/MMB29K,hotmail.com,0
3518153,2025-06-11 20:32:42,59.636,visa,debit,lisa.lim301@hotmail.com,489161,Low,4436,Existing User,20,,Approved,Yes,No,desktop,Windows,hotmail.com,1
3041672,2025-01-15 19:28:11,100,mastercard,credit,amy.ng971@yahoo.com,531922,Low,9453,Existing User,28,,Approved,No,No,desktop,Windows,yahoo.com,0
3089738,2025-01-24 19:47:47,150,visa,debit,tom.chan108@anonymous.com,438704,Medium,1493,Existing User,59,,Approved,No,No,desktop,MacOS,anonymous.com,0
3099132,2025-01-26 05:18:02,25,visa,credit,anna.goh554@yahoo.com,408318,Low,1724,Existing User,38,,Approved,No,No,mobile,SAMSUNG-SM-G920A Build/MMB29K,yahoo.com,0
3056154,2025-01-18 23:43:24,100,visa,debit,john.lee272@yahoo.com,408609,Low,2088,Existing User,33,,Approved,No,No,mobile,SM-G950U Build/NRD90M,yahoo.com,0
3378829,2025-04-24 20:01:11,35.708,mastercard,debit,jason.teo881@gmail.com,529357,Low,6936,New User,35,,Approved,No,No,desktop,Windows,gmail.com,0
3360185,2025-04-18 16:15:53,30.693,visa,debit,anna.ng185@hotmail.com,437474,Low,3925,Existing User,25,,Approved,No,No,mobile,SAMSUNG SM-G950F Build/NRD90M,hotmail.com,0
3565637,2025-06-28 04:58:25,150,visa,credit,alex.teo274@gmail.com,463720,Low,5417,Existing User,16,,Approved,No,No,desktop,rv:11.0,gmail.com,0
3392009,2025-04-29 11:59:20,22.657,visa,debit,david.lee434@hotmail.com,457852,Medium,1104,New User,51,,Approved,No,No,mobile,TA-1027 Build/N2G47H,hotmail.com,0
3064745,2025-01-20 17:08:39,53.403,visa,credit,tom.lim735@yahoo.fr,476445,Low,4238,Existing User,34,,Approved,No,No,mobile,F5321,yahoo.fr,0
3270546,2025-03-22 02:22:49,30.814,mastercard,debit,tom.tan391@hotmail.com,535292,Low,9784,Existing User,44,,Approved,No,No,desktop,0,hotmail.com,0
3409416,2025-05-04 19:28:45,200,visa,debit,tom.lee880@gmail.com,458544,Low,2065,Existing User,35,,Approved,No,No,desktop,Windows,gmail.com,0
3062079,2025-01-20 00:44:18,100,mastercard,credit,mike.lim172@gmail.com,551675,Low,3900,Existing User,17,,Approved,No,No,desktop,rv:11.0,gmail.com,0
3459212,2025-05-22 01:18:28,100,visa,debit,john.wong432@gmail.com,420664,Low,3098,Existing User,23,,Approved,No,No,desktop,Trident/7.0,gmail.com,0
3211509,2025-03-03 04:02:44,19.636,visa,credit,sarah.tan280@hotmail.com,417556,Low,1631,Existing User,24,,Approved,No,No,desktop,Windows,hotmail.com,0
3145252,2025-02-08 02:36:31,45.474,mastercard,debit,jason.teo951@gmail.com,513233,Medium,7962,New User,61,,Approved,No,No,mobile,0,gmail.com,0
3525348,2025-06-14 03:23:38,150,mastercard,credit,alex.ong661@yahoo.com,510444,Low,8037,Existing User,34,,Approved,No,No,mobile,iOS Device,yahoo.com,0
3046927,2025-01-16 20:36:11,25,visa,debit,anna.chan753@icloud.com,445437,Low,8465,New User,48,,Approved,No,No,mobile,iOS Device,icloud.com,0
3100707,2025-01-26 16:00:58,151.813,mastercard,debit,amy.ng784@live.com.mx,555161,Low,3045,Existing User,45,,Approved,No,No,desktop,0,live.com.mx,0
3364616,2025-04-20 05:28:21,86.854,visa,debit,lisa.wong802@hotmail.com,491204,Low,9285,New User,37,,Approved,No,No,desktop,Moto E (4) Plus Build/NMA26.42-69,hotmail.com,0
3103619,2025-01-27 01:49:35,60,visa,debit,john.tan965@ymail.com,436550,Medium,6693,New User,52,,Approved,No,No,mobile,iOS Device,ymail.com,0
3273033,2025-03-23 04:04:25,46.282,mastercard,credit,anna.wong172@gmail.com,541404,Low,1519,Existing User,32,,Approved,No,No,desktop,0,gmail.com,0
3009902,2025-01-07 20:29:19,50,visa,debit,alex.teo142@gmail.com,443580,Low,8278,New User,39,,Approved,No,No,desktop,Windows,gmail.com,0
3063674,2025-01-20 13:11:01,50,visa,credit,tom.ong826@gmail.com,489690,Low,9721,Existing User,33,,Approved,No,No,mobile,iOS Device,gmail.com,0
3103185,2025-01-26 23:32:29,129.426,mastercard,debit,amy.lee276@gmail.com,522597,Low,2447,Existing User,26,,Approved,No,No,mobile,SM-G925I Build/NRD90M,gmail.com,0
3422580,2025-05-08 15:33:15,77.957,mastercard,credit,john.lee780@gmail.com,514182,Low,7262,Existing User,36,,Approved,No,No,desktop,0,gmail.com,0
3258516,2025-03-18 03:05:50,26.283,mastercard,credit,jason.wong106@outlook.es,521716,Low,2063,Existing User,28,,Approved,No,No,mobile,LG-D331 Build/LRX22G,outlook.es,0
3178822,2025-02-19 20:08:51,28.217,visa,debit,john.koh445@hotmail.com,462038,Low,4781,Existing User,21,,Approved,No,No,desktop,Windows,hotmail.com,0
3280104,2025-03-25 18:47:54,12.628,visa,credit,mike.goh281@hotmail.com,421076,Low,7964,Existing User,22,,Approved,Yes,No,mobile,SAMSUNG SM-J700M Build/MMB29K,hotmail.com,1
3432186,2025-05-12 00:04:22,150,visa,debit,anna.koh901@yahoo.com,455903,Medium,1702,New User,54,,Approved,No,No,mobile,iOS Device,yahoo.com,0
3293634,2025-03-30 01:41:26,10.03,mastercard,credit,amy.wong215@live.com,559071,Low,4308,Existing User,15,,Approved,Yes,No,desktop,CHC-U03 Build/HuaweiCHC-U03,live.com,1
3550994,2025-06-22 21:59:12,60,mastercard,credit,lisa.tan513@yahoo.com,528147,Low,7689,Existing User,22,,Approved,No,No,desktop,Windows,yahoo.com,0
3167891,2025-02-16 00:29:29,54.569,mastercard,debit,mike.goh682@gmail.com,513832,Low,1354,Existing User,44,,Approved,No,No,mobile,0,gmail.com,0
3507433,2025-06-08 01:24:46,127.141,visa,debit,mike.teo461@yahoo.com.mx,418949,Low,6327,Existing User,32,,Approved,No,No,mobile,SM-G935F Build/NRD90M,yahoo.com.mx,0
3553939,2025-06-23 22:20:44,59.39,mastercard,credit,tom.ong665@hotmail.com,555491,Medium,8130,New User,57,,Approved,No,No,mobile,0,hotmail.com,0
3521566,2025-06-12 21:52:50,25.453,visa,debit,david.lim983@gmail.com,406858,Low,3733,Existing User,32,,Approved,No,No,0,0,gmail.com,0
3527651,2025-06-14 22:31:45,14.755,mastercard,debit,lisa.goh42@hotmail.com,535328,Low,4526,Existing User,24,,Approved,No,No,desktop,Windows,hotmail.com,0
3063815,2025-01-20 14:02:37,50,visa,debit,mike.chan182@gmail.com,436805,Low,9577,Existing User,38,,Approved,No,No,mobile,iOS Device,gmail.com,0
3326999,2025-04-07 21:14:19,8,visa,credit,lisa.lee443@gmail.com,478603,Low,7482,Existing User,17,,Approved,No,No,desktop,MacOS,,0
3297951,2025-03-31 15:59:17,40,visa,debit,tom.lim824@hotmail.com,461337,Low,3381,Existing User,35,,Approved,No,No,desktop,Windows,hotmail.com,0
3491248,2025-06-02 20:18:05,47.708,mastercard,credit,amy.lee542@gmail,515547,Low,6082,Existing User,16,,Approved,No,No,desktop,Windows,gmail,0
3376911,2025-04-24 02:32:21,100,visa,debit,mike.teo333@gmail.com,447312,Low,2642,Existing User,24,,Approved,Yes,No,desktop,Windows,gmail.com,1
3193793,2025-02-24 23:29:36,25.069,visa,credit,david.ng249@yahoo.es,416119,Low,4449,New User,41,,Approved,No,No,desktop,0,yahoo.es,0
3107780,2025-01-28 09:54:19,81.387,visa,credit,amy.ng591@gmail.com,405970,Medium,5008,New User,50,,Approved,No,No,mobile,0,gmail.com,0
3131088,2025-02-04 06:25:27,42.559,visa,credit,david.ng791@gmail.com,451399,Low,3503,Existing User,33,,Approved,No,No,mobile,Mi A1 Build/N2G47H,gmail.com,0
3038714,2025-01-15 00:19:28,266.95,visa,credit,jason.lim930@outlook.com,467979,Low,1287,Existing User,28,,Approved,No,No,desktop,Trident/7.0,,0
3060146,2025-01-19 19:40:30,200,discover,credit,sarah.goh13@gmail.com,636670,Low,2220,Existing User,18,,Approved,Yes,No,desktop,Windows,gmail.com,0
3292847,2025-03-29 21:43:44,88.213,mastercard,credit,tom.tan745@yahoo.com,524361,Medium,9611,New User,60,NEW_USER_RULE,Rejected,No,No,mobile,0,yahoo.com,0
3042712,2025-01-15 22:50:38,50,visa,debit,jason.lee976@yahoo.com,477235,Low,3209,New User,46,,Approved,No,No,mobile,iOS Device,yahoo.com,0
3559769,2025-06-25 23:54:50,22.502,visa,credit,tom.lim584@hotmail.com,421319,Low,4109,New User,49,,Approved,No,No,mobile,SAMSUNG SM-N950F Build/NMF26X,hotmail.com,0
3515491,2025-06-10 21:32:52,20.042,visa,debit,amy.lee714@hotmail.com,420291,Low,2956,New User,43,,Approved,No,No,desktop,Windows,hotmail.com,0
3170989,2025-02-17 02:10:43,100,visa,credit,alex.goh570@anonymous.com,443253,Medium,3256,New User,66,,Approved,No,No,mobile,iOS Device,anonymous.com,0
3064976,2025-01-20 17:45:22,75,visa,credit,sarah.chan459@aol.com,446899,Low,7367,Existing User,30,,Approved,No,No,desktop,Windows,aol.com,0
3377046,2025-04-24 03:49:26,45.919,visa,credit,amy.wong771@hotmail.com,491860,Low,5683,Existing User,22,,Approved,No,No,mobile,HTC Desire 10 lifestyle Build/MMB29M,hotmail.com,0
3030414,2025-01-13 00:30:10,25,visa,debit,mike.lee952@msn.com,451113,Low,4290,Existing User,30,,Approved,No,No,desktop,Windows,msn.com,0
3233197,2025-03-09 19:42:54,100,visa,credit,mike.wong371@anonymous.com,486545,Low,9109,Existing User,45,,Approved,No,No,desktop,Trident/7.0,anonymous.com,0
3096731,2025-01-25 22:02:48,100,visa,debit,tom.lim257@gmail.com,444001,Low,8195,Existing User,32,,Approved,No,No,desktop,Trident/7.0,gmail.com,0
3350762,2025-04-15 15:12:44,15.649,visa,debit,john.goh652@hotmail.com,417738,Low,3913,Existing User,22,,Approved,No,No,desktop,Windows,hotmail.com,0
3359954,2025-04-18 14:42:16,50,visa,credit,tom.goh741@gmail.com,427473,Low,1812,New User,40,,Approved,No,No,desktop,MacOS,gmail.com,0
3542868,2025-06-19 23:13:41,250,visa,debit,amy.teo644@gmail.com,445728,Medium,1412,Existing User,52,,Approved,No,No,mobile,iOS Device,gmail.com,0
3127439,2025-02-03 05:14:41,27.284,mastercard,debit,alex.tan973@gmail.com,528988,Low,4224,New User,36,,Approved,No,No,desktop,Windows,gmail.com,0
3316104,2025-04-04 18:52:28,64.166,visa,credit,jason.ng212@gmail.com,480522,Low,8115,Existing User,33,,Approved,No,No,mobile,SAMSUNG SM-G930F Build/NRD90M,gmail.com,0
3094184,2025-01-25 16:35:18,34.105,mastercard,credit,john.wong310@hotmail.com,547913,Low,3432,New User,40,,Approved,No,No,desktop,Windows,hotmail.com,0
3062456,2025-01-20 01:44:15,28.45,visa,debit,lisa.goh476@gmail.com,462651,Low,9968,Existing User,34,,Approved,No,Yes,desktop,Windows,gmail.com,0
3034770,2025-01-14 01:28:40,412.764,visa,credit,tom.teo800@anonymous.com,400061,Medium,1056,Existing User,67,HIGH_AMOUNT,Rejected,No,No,desktop,0,anonymous.com,0
3091792,2025-01-25 00:51:05,100,visa,credit,john.teo224@optonline.net,490200,Low,2827,New User,38,,Approved,No,No,desktop,Windows,optonline.net,0
3006872,2025-01-06 23:13:34,50,mastercard,debit,anna.ong395@cox.net,550144,Low,9388,New User,49,,Approved,No,No,desktop,Trident/7.0,cox.net,0
3179555,2025-02-19 23:24:36,33.931,mastercard,credit,mike.wong514@aol.com,542497,Low,3804,Existing User,32,,Approved,No,No,mobile,SAMSUNG SM-G950U Build/NRD90M,aol.com,0
3094025,2025-01-25 16:14:48,75,visa,credit,david.tan669@gmail.com,432226,Low,7349,New User,34,,Approved,No,No,desktop,Windows,gmail.com,0
3402844,2025-05-02 15:52:26,20,visa,debit,sarah.goh933@hotmail.com,466771,Low,9004,Existing User,32,,Approved,Yes,No,desktop,Windows,,1
3026636,2025-01-12 02:57:39,150,visa,credit,anna.ong279@gmail.com,473162,Low,6105,Existing User,15,,Approved,No,No,desktop,rv:57.0,gmail.com,0
3391716,2025-04-29 03:44:44,65.072,visa,credit,john.ong736@hotmail.com,432572,Low,6171,Existing User,33,,Approved,No,No,mobile,ALE-L23 Build/HuaweiALE-L23,hotmail.com,0
3426684,2025-05-09 21:58:56,23.362,mastercard,debit,sarah.teo348@yahoo.com,512796,Low,5580,New User,44,,Approved,No,No,mobile,SM-G920I Build/NRD90M,yahoo.com,0
3044356,2025-01-16 10:29:33,500,visa,credit,lisa.wong639@gmail.com,430945,Low,7473,Existing User,39,,Approved,No,No,mobile,iOS Device,gmail.com,0
3049867,2025-01-17 15:39:11,20.522,visa,debit,jason.tan36@gmail.com,474630,Medium,2618,New User,59,,Approved,No,No,desktop,0,gmail.com,0
3270735,2025-03-22 05:48:09,31.418,visa,debit,amy.lim283@gmail.com,448914,Medium,8655,New User,57,,Approved,No,No,desktop,0,gmail.com,0
3009231,2025-01-07 17:45:28,150,visa,debit,david.tan59@comcast.net,421019,Low,5431,Existing User,29,,Approved,No,No,desktop,Windows,comcast.net,0
3043880,2025-01-16 03:17:37,150,visa,credit,david.goh233@gmail.com,497270,Low,7828,Existing User,30,,Approved,No,Yes,desktop,MacOS,gmail.com,0
3079890,2025-01-23 04:00:02,100,mastercard,credit,lisa.lim526@yahoo.com,513063,Low,8984,New User,36,,Approved,No,No,desktop,Windows,yahoo.com,0
3109871,2025-01-28 21:57:09,125,visa,debit,sarah.ong6@gmail.com,460880,Medium,4089,New User,60,EMAIL_VELOCITY,Rejected,No,Yes,0,0,gmail.com,0
3032035,2025-01-13 15:24:01,100,visa,credit,lisa.goh361@aol.com,412545,Low,7646,New User,49,,Approved,No,No,mobile,iOS Device,aol.com,0
3545849,2025-06-21 03:32:10,45.741,visa,debit,jason.lim399@gmail.com,406965,Low,8496,Existing User,33,,Approved,No,No,mobile,SM-G900M Build/LRX21T,gmail.com,0
3032795,2025-01-13 18:08:02,100,visa,credit,john.koh495@anonymous.com,474927,Medium,5628,Existing User,51,,Approved,No,No,desktop,MacOS,anonymous.com,0
3451466,2025-05-19 04:56:56,9.468,visa,debit,amy.teo134@hotmail.com,430376,Low,6579,Existing User,35,,Approved,No,No,mobile,HTC Desire 650 Build/MMB29M,hotmail.com,0
3518294,2025-06-11 21:25:12,26.559,visa,credit,david.chan7@gmail.com,466251,Low,8387,Existing User,16,,Approved,No,No,desktop,rv:59.0,gmail.com,0
3035552,2025-01-14 09:37:00,15,visa,debit,anna.lim425@hotmail.com,404202,Medium,2896,New User,53,,Approved,No,No,0,0,hotmail.com,0
3575760,2025-07-02 14:00:35,225,mastercard,credit,david.ong925@anonymous.com,537517,High,2569,New User,80,HIGH_RISK_SCORE,Rejected,No,No,desktop,Trident/7.0,anonymous.com,0
3497033,2025-06-04 15:49:43,18.813,mastercard,credit,anna.lee791@hotmail.com,515621,Low,8184,Existing User,20,,Approved,No,No,desktop,Windows,hotmail.com,0
3084614,2025-01-23 21:45:19,15,visa,debit,tom.ng381@yahoo.com,417436,Low,4118,Existing User,25,,Approved,Yes,No,desktop,Windows,,1
3513473,2025-06-10 02:24:55,100,visa,debit,tom.koh166@gmail.com,436913,Low,8118,Existing User,44,,Approved,No,No,mobile,iOS Device,gmail.com,0
3293373,2025-03-30 00:17:57,26.585,visa,debit,anna.chan699@hotmail.com,448273,Medium,9973,New User,53,,Approved,No,No,desktop,0,hotmail.com,0
3452003,2025-05-19 14:45:40,15.862,mastercard,debit,sarah.ong963@gmail.com,526532,Medium,6866,New User,61,,Approved,No,No,mobile,0,gmail.com,0
3327148,2025-04-07 21:52:32,250,american express,credit,alex.goh754@anonymous.com,379708,Medium,1694,New User,65,ANONYMOUS_EMAIL,Rejected,No,No,desktop,Windows,anonymous.com,0
3111090,2025-01-29 04:53:31,30,american express,credit,tom.teo965@gmail.com,375078,Low,1247,Existing User,16,,Approved,No,No,desktop,Windows,gmail.com,0
3391786,2025-04-29 04:28:14,28.035,mastercard,credit,anna.teo389@gmail.com,524396,Low,9542,Existing User,31,,Approved,Yes,No,mobile,SM-A500M Build/KTU84P,gmail.com,1
3052633,2025-01-18 00:43:25,50,visa,credit,tom.chan645@live.com,434477,Low,3569,Existing User,26,,Approved,No,No,0,0,live.com,0
3523916,2025-06-13 18:48:48,100,visa,debit,sarah.lim38@yahoo.com,492288,Low,3218,New User,47,,Approved,No,No,desktop,Windows,yahoo.com,0
3264781,2025-03-20 02:57:50,100,visa,credit,lisa.koh207@gmail.com,452895,Medium,6539,New User,50,,Approved,No,No,desktop,MacOS,gmail.com,0
3502453,2025-06-06 00:33:02,11.066,visa,debit,david.teo728@hotmail.com,468403,Low,1315,Existing User,28,,Approved,No,No,desktop,Windows,,0
3411247,2025-05-05 04:42:31,32.215,visa,debit,alex.lee98@outlook.com,410690,Low,5430,Existing User,27,,Approved,No,No,desktop,Windows,outlook.com,0
2992744,2025-01-03 02:23:59,150,visa,credit,anna.tan336@gmail.com,452324,Low,4330,Existing User,21,,Approved,No,No,desktop,MacOS,gmail.com,0
3039989,2025-01-15 13:08:13,100,mastercard,debit,lisa.wong661@aol.com,559662,Low,1787,Existing User,21,,Approved,No,No,desktop,Windows,aol.com,0
3232771,2025-03-09 17:57:57,19.513,mastercard,credit,tom.ong572@hotmail.com,515404,Low,5541,New User,42,,Approved,No,No,desktop,Windows,hotmail.com,0
3081214,2025-01-23 15:03:25,125,visa,debit,sarah.ng73@anonymous.com,433270,Medium,5303,New User,71,,Approved,No,No,desktop,Windows,anonymous.com,0
3212486,2025-03-03 17:38:29,14.38,visa,debit,jason.tan14@gmail.com,438388,Low,8925,Existing User,35,,Approved,No,No,mobile,HTC,gmail.com,0
3070179,2025-01-21 16:41:45,40,visa,credit,john.lim508@verizon.net,466195,Low,4809,Existing User,25,,Approved,No,No,mobile,SM-N920V Build/NRD90M,verizon.net,0
3115872,2025-01-30 17:11:34,25,mastercard,debit,tom.lim512@gmail.com,521519,Low,1272,Existing User,31,,Approved,No,No,mobile,LG-H932,gmail.com,0
3506958,2025-06-07 22:35:29,44.143,visa,credit,amy.koh719@gmail.com,420775,Low,6737,New User,35,,Approved,No,No,desktop,rv:59.0,gmail.com,0
3512372,2025-06-09 20:17:16,21.641,visa,debit,alex.wong188@hotmail.com,478086,Low,8754,New User,48,,Approved,No,No,desktop,Windows,hotmail.com,0
3089928,2025-01-24 20:12:46,75,american express,credit,john.teo876@optonline.net,372544,Low,3200,Existing User,17,,Approved,No,No,desktop,Windows,optonline.net,0
3194049,2025-02-25 00:48:33,100,visa,credit,sarah.lim805@gmail.com,482698,Low,1351,New User,42,,Approved,No,No,desktop,MacOS,gmail.com,0
3061582,2025-01-19 23:18:56,25,mastercard,credit,tom.lee939@yahoo.com,540793,Low,6420,Existing User,24,,Approved,No,No,desktop,Windows,yahoo.com,0
3016123,2025-01-09 15:25:38,150,visa,debit,john.tan879@gmail.com,466442,Low,7624,Existing User,23,,Approved,No,No,desktop,Windows,gmail.com,0
3114202,2025-01-30 03:14:58,32.356,mastercard,debit,tom.lim220@gmail.com,531850,Low,2972,Existing User,27,,Approved,No,No,mobile,Hisense U963 Build/MRA58K,gmail.com,0
3524160,2025-06-13 19:56:56,200,visa,debit,lisa.ong533@me.com,453399,Low,6553,Existing User,42,,Approved,No,No,mobile,iOS Device,me.com,0
3013804,2025-01-08 20:56:37,25,visa,debit,mike.tan704@yahoo.com,405799,Low,8380,Existing User,28,,Approved,No,Yes,desktop,Trident/7.0,,0
3349110,2025-04-14 22:13:12,128.981,visa,debit,jason.koh11@yahoo.com,488948,Low,5435,Existing User,41,,Approved,No,No,mobile,0,yahoo.com,0
3476441,2025-05-28 17:48:58,48.938,mastercard,debit,alex.koh792@hotmail.com,553853,Low,2908,Existing User,39,,Approved,No,No,desktop,0,hotmail.com,0
3261806,2025-03-19 02:20:23,100,visa,credit,tom.koh87@yahoo.com,483453,Low,4776,New User,36,,Approved,No,No,desktop,Windows,,0
3398246,2025-05-01 05:10:16,350,mastercard,debit,lisa.tan483@outlook.com,555734,Low,8702,Existing User,43,,Approved,Yes,No,0,0,,1
3289181,2025-03-28 14:25:39,50,mastercard,debit,tom.wong649@gmail.com,541209,Medium,8508,New User,50,,Approved,No,No,desktop,MacOS,gmail.com,0
3568830,2025-06-29 20:02:41,150,visa,debit,anna.lim702@yahoo.com,458377,Low,9444,Existing User,34,,Approved,No,No,mobile,iOS Device,yahoo.com,0
3057191,2025-01-19 03:25:25,75,mastercard,debit,john.ong529@anonymous.com,521025,Medium,7561,Existing User,58,,Approved,No,No,mobile,iOS Device,anonymous.com,0
3039792,2025-01-15 07:28:38,27.11,visa,debit,anna.wong513@gmail.com,408219,Low,9426,New User,47,,Approved,No,No,mobile,SM-J700M Build/MMB29K,gmail.com,0
3015401,2025-01-09 04:57:49,57.017,visa,credit,john.koh589@hotmail.com,437937,Low,3738,Existing User,30,,Approved,Yes,No,desktop,Windows,hotmail.com,1
3459609,2025-05-22 06:26:43,125,visa,debit,mike.tan343@gmail.com,417344,Low,4552,Existing User,22,,Approved,No,No,desktop,Windows,gmail.com,0
3433411,2025-05-12 15:33:19,40,mastercard,credit,jason.koh815@gmail.com,528576,Low,9307,Existing User,19,,Approved,No,No,desktop,Windows,gmail.com,0
3092775,2025-01-25 04:47:33,300,mastercard,credit,tom.goh716@gmail.com,557767,Low,1840,Existing User,47,,Approved,No,No,0,0,gmail.com,0
3179343,2025-02-19 22:25:35,50,visa,debit,lisa.teo121@yahoo.com,497241,Medium,6433,New User,59,,Approved,No,No,mobile,iOS Device,yahoo.com,0
3053751,2025-01-18 15:07:23,150,mastercard,debit,tom.goh313@aol.com,544419,Medium,7192,New User,59,,Approved,No,No,mobile,iOS Device,aol.com,0
3180229,2025-02-20 03:19:59,35.913,visa,credit,jason.tan193@gmail.com,459406,Low,6202,New User,38,,Approved,No,No,desktop,Windows,gmail.com,0
3256366,2025-03-17 16:35:18,50,visa,debit,lisa.goh309@gmail.com,499741,Low,3662,New User,37,,Approved,No,No,desktop,Windows,gmail.com,0
3398638,2025-05-01 12:48:31,46.403,mastercard,credit,jason.lee906@hotmail.com,531481,Low,9683,Existing User,23,,Approved,Yes,No,desktop,Windows,hotmail.com,1
3299337,2025-03-31 22:56:12,25,visa,debit,lisa.ong233@gmail.com,466665,Low,9726,Existing User,30,,Approved,No,No,desktop,Windows,gmail.com,0
3067872,2025-01-21 01:39:24,50,visa,credit,lisa.chan672@gmail.com,439875,Low,1306,Existing User,25,,Approved,No,No,desktop,MacOS,gmail.com,0
3044921,2025-01-16 14:48:17,250,visa,credit,lisa.wong245@yahoo.com,455649,Low,3888,Existing User,35,,Approved,No,No,desktop,rv:57.0,yahoo.com,0
3530949,2025-06-16 00:00:07,18.075,visa,debit,sarah.ong585@hotmail.com,406441,Low,1049,Existing User,46,,Approved,No,No,mobile,0,hotmail.com,0
3255508,2025-03-17 03:17:57,25,american express,credit,anna.wong978@gmail.com,377263,Low,5248,Existing User,29,,Approved,No,No,desktop,MacOS,gmail.com,0
3181023,2025-02-20 15:35:10,37.662,visa,credit,jason.lee214@hotmail.com,497877,Low,6615,Existing User,37,,Approved,No,No,desktop,0,hotmail.com,0
3499624,2025-06-05 04:25:51,35.412,mastercard,debit,anna.teo887@gmail.com,539439,Medium,3624,New User,63,,Approved,No,No,mobile,0,gmail.com,0
3092268,2025-01-25 02:21:09,25,visa,credit,anna.chan903@yahoo.com,497841,Low,1418,Existing User,40,,Approved,No,No,mobile,iOS Device,yahoo.com,0
3103093,2025-01-26 23:09:58,100,mastercard,credit,david.koh548@gmail.com,542031,Low,3378,New User,32,,Approved,No,No,desktop,Windows,gmail.com,0
2997283,2025-01-04 16:29:13,100,visa,debit,lisa.lim35@aol.com,428099,Low,7964,Existing User,34,,Approved,No,No,mobile,iOS Device,aol.com,0
3533532,2025-06-16 22:04:12,50,visa,debit,lisa.tan370@gmail.com,476688,Low,1866,Existing User,44,,Approved,No,No,mobile,iOS Device,gmail.com,0
3475401,2025-05-28 04:40:45,20.042,visa,debit,anna.ong769@anonymous.com,466564,Medium,1253,Existing User,55,,Approved,No,No,desktop,Windows,anonymous.com,0
3016722,2025-01-09 17:35:45,20.522,visa,debit,jason.wong707@gmail.com,413142,Low,1126,Existing User,25,,Approved,No,No,desktop,Windows,gmail.com,0
3352825,2025-04-16 01:07:42,19.334,visa,debit,sarah.lee625@gmail.com,438547,Low,7680,Existing User,26,,Approved,No,No,desktop,Windows,gmail.com,0
3502074,2025-06-05 22:40:22,16.723,mastercard,credit,mike.tan931@gmail.com,511728,Low,8960,Existing User,28,,Approved,No,No,desktop,Windows,gmail.com,0
3524092,2025-06-13 19:36:15,16.723,visa,debit,mike.koh93@outlook.com,421256,Medium,9141,New User,50,,Approved,No,No,desktop,0,outlook.com,0
3306786,2025-04-02 23:26:56,9.849,mastercard,debit,amy.tan649@gmail.com,549588,Low,1114,Existing User,27,,Approved,No,No,desktop,Windows,gmail.com,0
3014328,2025-01-08 22:48:14,40,visa,debit,david.ong356@gmail.com,476772,Low,8994,Existing User,32,,Approved,No,No,desktop,Windows,gmail.com,0
3273617,2025-03-23 15:14:23,49.484,visa,debit,sarah.wong857@gmail.com,439554,Low,8083,New User,43,,Approved,Yes,No,mobile,LG-H650 Build/MRA58K,gmail.com,1
3526188,2025-06-14 15:19:09,13.034,visa,debit,mike.koh137@servicios-ta.com,462595,Low,1620,Existing User,34,,Approved,No,No,mobile,SAMSUNG SM-G935F Build/NRD90M,servicios-ta.com,0
3176678,2025-02-19 00:10:16,14.983,visa,debit,alex.lim273@hotmail.com,448483,Low,7581,Existing User,29,,Approved,No,No,mobile,SM-J730GM Build/NRD90M,hotmail.com,0
3095655,2025-01-25 19:50:45,15,visa,debit,anna.wong384@yahoo.com,425808,Low,8324,Existing User,33,,Approved,No,No,mobile,iOS Device,yahoo.com,0
3166951,2025-02-15 19:13:13,20.755,mastercard,debit,david.teo266@gmail.com,520872,Low,8420,Existing User,30,,Approved,No,No,mobile,SM-J500M Build/LMY48B,gmail.com,0
3163228,2025-02-14 02:36:15,15,visa,debit,sarah.tan857@hotmail.com,492588,Medium,4248,Existing User,52,,Approved,No,No,mobile,0,,0
3135881,2025-02-05 14:47:42,4.839,visa,debit,tom.ng860@anonymous.com,436859,Low,6325,Existing User,45,,Approved,No,No,desktop,Trident/7.0,anonymous.com,0
3264361,2025-03-19 23:57:32,33.593,visa,credit,jason.ong177@anonymous.com,468512,Medium,9128,New User,69,,Approved,No,No,desktop,0,anonymous.com,0
3099836,2025-01-26 13:15:15,200,american express,credit,mike.ng106@anonymous.com,377387,High,2913,New User,79,,Approved,No,No,mobile,iOS Device,anonymous.com,0
3061806,2025-01-19 23:59:40,30,mastercard,debit,anna.lim272@yahoo.com,530783,Low,8944,Existing User,23,,Approved,No,No,desktop,Windows,yahoo.com,0
3077624,2025-01-22 20:49:43,42.93,visa,credit,alex.lee810@hotmail.com,445907,Low,2369,Existing User,29,,Approved,No,No,desktop,Windows,hotmail.com,0
3377167,2025-04-24 05:19:15,12.809,visa,debit,anna.koh298@servicios-ta.com,477164,Medium,1839,New User,50,,Approved,No,No,mobile,SAMSUNG SM-G935F Build/NRD90M,servicios-ta.com,0
2990684,2025-01-02 19:50:51,75,visa,debit,david.wong256@anonymous.com,419190,Medium,9796,Existing User,53,,Approved,No,No,desktop,Windows,anonymous.com,0
3390271,2025-04-28 19:49:16,14.38,visa,debit,david.teo804@yahoo.com.mx,426636,Low,4807,Existing User,37,,Approved,No,No,mobile,TRT-L53 Build/HUAWEITRT-L53,yahoo.com.mx,0
3516578,2025-06-11 07:24:45,19.797,visa,debit,amy.tan557@gmail.com,433762,Low,3657,Existing User,27,,Approved,No,No,mobile,SAMSUNG SM-J700M Build/MMB29K,gmail.com,0
3336918,2025-04-10 20:54:12,41.388,visa,debit,tom.goh457@outlook.com,498257,Low,3056,Existing User,29,,Approved,No,No,desktop,Windows,,0
3211112,2025-03-03 01:36:22,5.68,mastercard,debit,mike.koh927@gmail.com,547253,Low,3056,Existing User,23,,Approved,No,No,desktop,Windows,gmail.com,0
3444366,2025-05-16 15:16:12,18.198,visa,debit,john.chan2@gmail.com,408939,Low,5645,Existing User,26,,Approved,No,No,mobile,HUAWEI RIO-L03 Build/HUAWEIRIO-L03,gmail.com,0
3092489,2025-01-25 03:14:12,150,mastercard,credit,sarah.ng185@yahoo.com,514182,Low,6549,Existing User,31,,Approved,No,No,mobile,iOS Device,yahoo.com,0
3475137,2025-05-28 01:36:14,55.332,visa,debit,tom.chan311@hotmail.com,455120,Medium,7455,New User,58,,Approved,No,No,mobile,0,hotmail.com,0
3473173,2025-05-27 15:58:37,12.419,visa,debit,alex.goh877@hotmail.com,440618,Medium,2121,Existing User,51,,Approved,No,No,mobile,0,hotmail.com,0
3245252,2025-03-13 18:06:33,50,visa,credit,lisa.koh285@outlook.com,447441,Low,8400,Existing User,17,,Approved,No,No,desktop,MacOS,,0
3105136,2025-01-27 17:48:31,100,visa,credit,mike.lee21@gmail.com,409981,Low,8928,Existing User,31,,Approved,No,No,mobile,iOS Device,gmail.com,0
3212638,2025-03-03 18:20:00,20,visa,credit,lisa.goh699@outlook.com,457645,Low,9260,Existing User,30,,Approved,No,No,desktop,Windows,,0
3252978,2025-03-16 15:20:54,50,visa,credit,lisa.wong287@yahoo.com,472382,Low,3459,New User,43,,Approved,No,No,desktop,MacOS,yahoo.com,0
3048538,2025-01-17 01:33:53,48.548,mastercard,credit,tom.ong997@anonymous.com,530344,Medium,2138,Existing User,56,,Approved,No,No,desktop,0,anonymous.com,0
3071368,2025-01-21 19:25:07,65.005,mastercard,credit,david.koh144@hotmail.com,521629,Low,7445,Existing User,28,,Approved,No,No,mobile,SM-A510M Build/NRD90M,hotmail.com,0
3389668,2025-04-28 16:38:19,100,discover,credit,sarah.ng774@live.com,630997,Low,2832,Existing User,25,,Approved,No,No,desktop,Windows,live.com,0
3112785,2025-01-29 20:18:37,750,visa,credit,amy.ong363@anonymous.com,456346,Medium,3231,Existing User,72,HIGH_AMOUNT,Rejected,No,No,desktop,Windows,anonymous.com,0
3078234,2025-01-22 22:26:05,75,mastercard,debit,anna.ong116@att.net,524261,Low,9698,New User,46,,Approved,No,No,desktop,Windows,att.net,0
3110488,2025-01-29 00:43:58,169.07,visa,debit,mike.ong530@icloud.com,437693,Low,3195,Existing User,27,,Approved,No,No,desktop,Windows,icloud.com,0
3401566,2025-05-02 00:07:22,15.105,visa,debit,alex.lee632@hotmail.com,426209,Low,8035,Existing User,20,,Approved,No,No,desktop,Moto G (5) Build/NPP25.137-93,hotmail.com,0
3465720,2025-05-24 19:12:25,100,visa,debit,anna.tan107@anonymous.com,415245,Medium,7412,Existing User,59,,Approved,No,No,desktop,Trident/7.0,anonymous.com,0
3102585,2025-01-26 21:16:46,100,visa,debit,anna.lee397@yahoo.com,447592,Medium,1729,New User,59,,Approved,No,No,mobile,iOS Device,yahoo.com,0
3276116,2025-03-24 06:40:55,13.716,visa,debit,alex.teo168@gmail.com,433326,Low,9946,Existing User,29,,Approved,No,No,mobile,SAMSUNG SM-G935A Build/NRD90M,gmail.com,0
3023136,2025-01-11 03:14:22,81.97,visa,credit,mike.goh232@hotmail.com,457968,Low,5724,Existing User,36,,Approved,Yes,No,mobile,0,hotmail.com,1
2988535,2025-01-02 13:33:37,100,visa,debit,tom.lim587@gmail.com,406994,Low,8367,New User,41,,Approved,No,No,desktop,MacOS,gmail.com,0
3072884,2025-01-21 23:30:13,100,visa,credit,mike.wong460@gmail.com,467018,Low,2842,New User,44,,Approved,No,No,mobile,iOS Device,gmail.com,0
3085298,2025-01-23 23:18:12,100,mastercard,credit,jason.goh924@gmail.com,536088,Low,8956,New User,43,,Approved,No,No,desktop,Windows,gmail.com,0
3162281,2025-02-13 22:16:51,50,visa,credit,alex.lim147@icloud.com,429079,Low,7769,Existing User,30,,Approved,No,No,mobile,iOS Device,icloud.com,0
3563503,2025-06-27 12:55:23,142.388,mastercard,debit,sarah.wong336@gmail.com,529201,Medium,9362,New User,67,NEW_USER_RULE,Rejected,No,No,mobile,0,gmail.com,0
3523315,2025-06-13 15:43:46,100,visa,credit,sarah.ong471@gmail.com,435489,Low,1750,New User,32,,Approved,No,No,desktop,Windows,gmail.com,0
3528528,2025-06-15 04:06:16,16.292,visa,debit,david.goh23@gmail.com,411763,Low,1988,Existing User,24,,Approved,No,No,desktop,Windows,gmail.com,0
3178579,2025-02-19 18:58:50,104.94,mastercard,credit,anna.koh93@hotmail.com,541041,Low,1268,Existing User,36,,Approved,No,No,desktop,0,hotmail.com,0
3454394,2025-05-20 11:55:47,40.823,visa,credit,sarah.teo19@hotmail.com,440459,Low,5681,New User,44,,Approved,No,No,desktop,Windows,hotmail.com,0
3028052,2025-01-12 17:02:45,150,american express,credit,anna.ong918@gmail.com,375874,Low,2931,Existing User,20,,Approved,No,No,desktop,Windows,gmail.com,0
3373872,2025-04-23 03:16:13,80.238,visa,credit,anna.lim437@hotmail.com,401265,Medium,4612,New User,55,,Approved,No,No,mobile,0,hotmail.com,0
3318660,2025-04-05 13:17:48,60,visa,credit,tom.wong502@anonymous.com,457193,Medium,5302,Existing User,56,,Approved,No,No,desktop,MacOS,anonymous.com,0
3304055,2025-04-02 10:43:27,26.585,mastercard,debit,lisa.ong703@gmail.com,540253,Low,7044,Existing User,45,,Approved,Yes,No,mobile,0,gmail.com,1
3034768,2025-01-14 01:27:45,105.195,visa,debit,sarah.goh693@gmail.com,432407,Low,7634,New User,35,,Approved,No,No,desktop,Windows,gmail.com,0
3096326,2025-01-25 21:13:37,100,visa,credit,sarah.koh982@anonymous.com,473256,High,8635,New User,76,,Approved,No,No,mobile,iOS Device,anonymous.com,0
3361291,2025-04-18 21:59:33,14.138,mastercard,credit,sarah.goh593@hotmail.com,551009,Medium,3904,New User,51,,Approved,No,No,desktop,0,hotmail.com,0
3294353,2025-03-30 13:28:55,50,visa,debit,jason.lim208@yahoo.com,474902,Low,2268,Existing User,35,,Approved,No,No,mobile,iOS Device,yahoo.com,0
3515808,2025-06-10 23:14:22,100,visa,credit,david.teo221@gmail.com,401288,Low,1158,New User,46,,Approved,No,No,desktop,MacOS,gmail.com,0
3074319,2025-01-22 04:55:15,10.494,mastercard,debit,amy.chan981@hotmail.com,521343,Low,9834,Existing User,30,,Approved,No,No,mobile,SAMSUNG SM-G925F Build/NRD90M,hotmail.com,0
3039819,2025-01-15 08:51:31,30,visa,debit,tom.teo123@yahoo.com,461153,Medium,8414,New User,51,,Approved,No,No,0,0,yahoo.com,0
3057713,2025-01-19 07:29:24,75,visa,debit,amy.chan551@yahoo.com,499410,Low,2402,Existing User,45,,Approved,No,No,0,0,yahoo.com,0
3292091,2025-03-29 17:15:29,10.634,visa,debit,lisa.ng167@anonymous.com,400362,High,8161,Existing User,80,HIGH_RISK_SCORE,Rejected,No,No,mobile,0,anonymous.com,0
3166694,2025-02-15 17:52:47,75,mastercard,debit,jason.tan378@anonymous.com,537360,Medium,9491,Existing User,52,,Approved,No,No,desktop,MacOS,anonymous.com,0
3033950,2025-01-13 22:09:50,25,american express,credit,tom.koh733@hotmail.com,377704,Low,5332,New User,39,,Approved,No,No,desktop,Windows,,0
3079048,2025-01-23 00:48:27,28.742,visa,credit,jason.koh175@yahoo.com,486641,Low,2728,Existing User,38,,Approved,No,No,desktop,0,yahoo.com,0
3099259,2025-01-26 05:58:44,75,mastercard,debit,sarah.chan73@gmail.com,512555,Medium,8400,Existing User,51,,Approved,No,No,mobile,0,gmail.com,0
3079321,2025-01-23 01:45:29,1000,mastercard,credit,david.koh747@anonymous.com,524364,High,2241,New User,88,HIGH_RISK_SCORE,Rejected,No,No,desktop,Windows,anonymous.com,0
3348029,2025-04-14 17:09:55,150,mastercard,debit,david.koh170@gmail.com,554484,Low,7449,New User,48,,Approved,Yes,No,mobile,SAMSUNG,gmail.com,1
3507421,2025-06-08 01:21:22,14.386,visa,credit,john.lee170@hotmail.com,479096,Low,5289,Existing User,36,,Approved,No,No,mobile,0,hotmail.com,0
3227973,2025-03-07 22:03:59,50,visa,credit,mike.lee236@gmail.com,491139,Low,6597,Existing User,28,,Approved,No,No,desktop,Windows,gmail.com,0
3236885,2025-03-10 21:46:29,100,american express,credit,john.goh465@yahoo.com,376562,Low,9854,Existing User,26,,Approved,No,No,desktop,0,yahoo.com,0
3343833,2025-04-13 03:02:55,51.599,visa,credit,jason.chan341@outlook.com,481567,Low,8831,New User,45,,Approved,No,No,desktop,0,,0
3547453,2025-06-21 20:23:51,110,mastercard,credit,alex.koh771@gmail.com,525791,Low,9138,New User,33,,Approved,No,No,desktop,Windows,,0
3025822,2025-01-11 23:31:57,30,visa,debit,mike.ong189@gmail.com,463721,Low,9029,Existing User,20,,Approved,No,No,desktop,MacOS,gmail.com,0
3458601,2025-05-21 21:50:59,24.592,visa,debit,mike.chan880@anonymous.com,466130,Medium,8980,Existing User,69,ANONYMOUS_EMAIL,Rejected,No,No,desktop,0,anonymous.com,0
3047013,2025-01-16 20:50:38,50,visa,debit,david.wong405@yahoo.com,450210,Low,3130,New User,48,,Approved,No,No,mobile,SAMSUNG-SM-G920A Build/NRD90M,yahoo.com,0
3036589,2025-01-14 17:05:06,50,visa,debit,mike.wong295@gmail.com,497679,Low,5690,Existing User,30,,Approved,No,No,mobile,iOS Device,gmail.com,0
3441788,2025-05-15 16:28:17,22.748,mastercard,debit,john.goh748@hotmail.com,554830,Low,8590,Existing User,40,,Approved,No,No,desktop,0,hotmail.com,0
3244027,2025-03-13 04:28:14,11.963,visa,debit,amy.ong132@gmail.com,489517,Low,5158,Existing User,24,,Approved,No,No,desktop,Windows,gmail.com,0
3228151,2025-03-07 22:47:30,100,visa,debit,lisa.goh372@hotmail.com,466860,Low,6063,New User,36,,Approved,No,No,desktop,Windows,hotmail.com,0
3019750,2025-01-10 13:30:36,50,discover,credit,lisa.ong627@aol.com,600068,Low,3482,Existing User,29,,Approved,No,No,desktop,Windows,aol.com,0
3168398,2025-02-16 04:39:59,21.921,visa,debit,sarah.chan584@gmail.com,406383,Low,1083,Existing User,26,,Approved,No,No,desktop,Windows,gmail.com,0
3017667,2025-01-09 20:52:46,30,visa,credit,john.ong251@yahoo.com,458235,Low,6368,Existing User,29,,Approved,No,No,desktop,Windows,yahoo.com,0
3032318,2025-01-13 16:26:34,50,visa,credit,anna.goh363@outlook.com,460153,Low,9965,New User,42,,Approved,No,No,0,0,,0
3282263,2025-03-26 13:29:47,18.066,visa,debit,amy.ong693@gmail.com,434486,Low,2800,Existing User,33,,Approved,No,No,mobile,SM-A520F Build/NRD90M,gmail.com,0
3206342,2025-03-01 16:12:58,69,visa,credit,sarah.wong370@hotmail.com,473761,Low,8454,Existing User,33,,Approved,Yes,No,mobile,SM-N950U Build/NMF26X,hotmail.com,1
3319976,2025-04-05 21:08:25,12.326,mastercard,credit,alex.lee382@anonymous.com,553293,Medium,1206,Existing User,55,,Approved,No,No,desktop,Windows,anonymous.com,0
3239000,2025-03-11 17:16:00,250,visa,credit,lisa.teo140@anonymous.com,462835,Medium,6707,Existing User,62,ANONYMOUS_EMAIL,Rejected,Yes,No,desktop,Trident/7.0,anonymous.com,0
3549920,2025-06-22 16:34:27,100,visa,credit,tom.teo278@anonymous.com,414441,Medium,6361,Existing User,53,,Approved,No,No,desktop,Windows,anonymous.com,0
3019136,2025-01-10 02:17:03,15,visa,debit,anna.teo356@outlook.com,494525,Medium,1116,Existing User,52,,Approved,No,No,mobile,0,,0
3166634,2025-02-15 17:25:23,150,american express,credit,mike.ong744@gmail.com,379004,Low,6366,Existing User,29,,Approved,Yes,No,mobile,iOS Device,gmail.com,0
3090497,2025-01-24 21:33:55,100,visa,debit,alex.ng305@yahoo.com,434412,Low,7426,Existing User,25,,Approved,No,No,desktop,Windows,yahoo.com,0
3252144,2025-03-16 02:34:22,35,american express,credit,jason.ong802@gmail.com,377141,Low,4024,New User,42,,Approved,No,No,mobile,iOS Device,gmail.com,0
3107269,2025-01-28 02:35:28,84.535,visa,debit,john.wong252@hotmail.com,493164,Low,7792,New User,36,,Approved,No,No,desktop,rv:56.0,hotmail.com,0
3518762,2025-06-11 23:44:50,100,visa,debit,amy.ng820@gmail.com,425023,Low,1350,New User,45,,Approved,No,No,mobile,XT1650 Build/NCLS26.118-23-13-6-5,gmail.com,0
3507649,2025-06-08 02:57:21,14.386,mastercard,debit,david.koh314@outlook.es,521237,Low,4470,Existing User,21,,Approved,No,No,desktop,Windows,outlook.es,0
3073827,2025-01-22 02:33:42,76.023,mastercard,debit,john.wong209@hotmail.com,513600,Medium,3066,New User,65,,Approved,No,No,desktop,0,hotmail.com,0
3099253,2025-01-26 05:57:11,150,visa,credit,sarah.lim544@hotmail.com,481008,Low,1968,Existing User,34,,Approved,No,No,desktop,MacOS,hotmail.com,0
3326195,2025-04-07 17:28:20,40,visa,debit,alex.ng299@gmail.com,435890,Low,3274,Existing User,43,,Approved,No,No,desktop,0,,0
3268103,2025-03-21 03:32:39,17.643,mastercard,debit,sarah.wong881@gmail.com,559690,Low,6775,Existing User,26,,Approved,No,No,desktop,Windows,gmail.com,0
3218319,2025-03-05 14:14:23,100,visa,credit,lisa.lim683@anonymous.com,441005,Low,2459,Existing User,47,,Approved,No,No,desktop,Windows,anonymous.com,0
3099893,2025-01-26 13:32:45,50,mastercard,debit,david.chan731@verizon.net,515987,Low,4606,Existing User,43,,Approved,No,No,mobile,iOS Device,verizon.net,0
3162402,2025-02-13 22:43:10,50,mastercard,debit,lisa.ong156@gmail.com,539052,Low,9933,Existing User,30,,Approved,No,No,desktop,Windows,gmail.com,0
3565586,2025-06-28 03:58:17,18.075,visa,debit,sarah.chan862@gmail.com,484414,Low,1877,Existing User,25,,Approved,No,No,mobile,PRA-LX3 Build/HUAWEIPRA-LX3,gmail.com,0
3256320,2025-03-17 16:20:48,100,visa,debit,amy.chan512@aol.com,415676,Low,1262,Existing User,36,,Approved,No,Yes,desktop,0,aol.com,0
3045914,2025-01-16 17:37:42,100,visa,credit,sarah.goh28@comcast.net,489498,Low,6078,Existing User,39,,Approved,No,No,mobile,iOS Device,comcast.net,0
3009139,2025-01-07 17:19:20,25,visa,debit,jason.goh988@msn.com,435862,Low,6677,New User,49,,Approved,No,No,desktop,Windows,msn.com,0
3089549,2025-01-24 19:21:19,75,visa,debit,amy.lim512@gmail.com,400660,Low,1128,New User,48,,Approved,No,No,mobile,iOS Device,gmail.com,0
3119219,2025-01-31 14:43:20,100,visa,debit,sarah.goh833@gmail.com,432997,Low,9427,New User,41,,Approved,No,No,desktop,rv:11.0,gmail.com,0
3079964,2025-01-23 04:24:03,50,visa,credit,david.wong422@gmail.com,466500,Low,8759,Existing User,16,,Approved,No,No,desktop,MacOS,gmail.com,0
3076496,2025-01-22 18:16:57,100,american express,credit,tom.ong656@gmail.com,371642,Low,8059,Existing User,32,,Approved,No,No,mobile,iOS Device,gmail.com,0
3080273,2025-01-23 07:12:18,47.806,mastercard,debit,lisa.wong521@hotmail.com,542914,Medium,4113,New User,52,,Approved,No,No,mobile,SM-G925V Build/NRD90M,hotmail.com,0
3132379,2025-02-04 17:07:26,26.118,visa,debit,lisa.goh294@hotmail.com,443513,Low,5460,Existing User,33,,Approved,No,No,desktop,Windows,hotmail.com,0
3529490,2025-06-15 16:46:19,34.614,mastercard,debit,sarah.wong181@yahoo.com.mx,520453,Low,8573,Existing User,35,,Approved,No,No,desktop,0,yahoo.com.mx,0
3024133,2025-01-11 17:31:46,49.555,mastercard,debit,mike.ng106@gmail.com,546618,Low,1182,Existing User,20,,Approved,No,No,desktop,Windows,gmail.com,0
3072377,2025-01-21 22:05:32,50,mastercard,credit,anna.lim80@yahoo.com,532250,Low,5813,Existing User,29,,Approved,No,No,desktop,Trident/7.0,yahoo.com,0
3009111,2025-01-07 17:12:29,100,visa,debit,lisa.wong635@gmail.com,459727,Low,4440,New User,45,,Approved,No,No,desktop,Windows,gmail.com,0
3009580,2025-01-07 19:07:23,100,visa,credit,jason.goh670@gmail.com,423518,Low,7631,Existing User,27,,Approved,No,No,mobile,iOS Device,gmail.com,0
3205787,2025-03-01 02:54:04,50.3,visa,debit,sarah.ong445@yahoo.com.mx,402801,Low,3472,New User,37,,Approved,No,No,desktop,Windows,yahoo.com.mx,0
3162329,2025-02-13 22:26:25,16.324,visa,debit,mike.tan913@anonymous.com,405052,Medium,7527,Existing User,59,,Approved,No,No,desktop,rv:57.0,anonymous.com,0
3099833,2025-01-26 13:14:39,75,visa,debit,jason.wong735@gmail.com,461908,Low,8607,Existing User,26,,Approved,No,No,desktop,Windows,gmail.com,0
3079859,2025-01-23 03:51:26,33.872,visa,debit,amy.chan182@gmail.com,421623,Low,5235,Existing User,28,,Approved,No,No,desktop,Windows,gmail.com,0
3089471,2025-01-24 19:11:38,100,mastercard,debit,david.wong162@anonymous.com,523819,Medium,7330,New User,72,,Approved,No,No,desktop,Windows,anonymous.com,0
3016563,2025-01-09 17:00:55,50,visa,credit,david.chan575@gmail.com,487003,Low,8689,Existing User,16,,Approved,No,No,desktop,Windows,gmail.com,0
3548079,2025-06-21 23:21:22,125,mastercard,credit,david.teo583@hotmail.com,524703,Low,3444,New User,38,,Approved,No,No,desktop,Windows,,0
3361947,2025-04-19 03:02:02,35,mastercard,credit,david.lee920@gmail.com,559267,Low,4096,Existing User,27,,Approved,No,No,desktop,MacOS,gmail.com,0
3363612,2025-04-19 22:23:08,200,mastercard,debit,sarah.lee684@aol.com,521322,Low,6195,New User,46,,Approved,No,No,desktop,Windows,aol.com,0
3092317,2025-01-25 02:31:12,100,visa,debit,anna.tan487@gmail.com,449687,Low,6442,Existing User,34,,Approved,No,No,desktop,MacOS,gmail.com,0
3102263,2025-01-26 20:08:21,48.972,visa,credit,anna.tan538@hotmail.com,491268,Medium,1126,New User,53,,Approved,No,No,mobile,0,hotmail.com,0
3081307,2025-01-23 15:16:57,75,visa,debit,david.lee738@hotmail.com,490214,Low,2521,Existing User,24,,Approved,No,No,desktop,rv:57.0,hotmail.com,0
3067323,2025-01-20 23:58:17,75.498,visa,credit,tom.tan59@hotmail.com,467643,Low,6907,Existing User,22,,Approved,Yes,No,desktop,Windows,hotmail.com,1
3542426,2025-06-19 21:11:51,53.18,mastercard,credit,john.chan497@gmail.com,510495,Low,8579,New User,45,,Approved,Yes,No,desktop,Windows,gmail.com,1
3141824,2025-02-07 00:10:20,75,discover,credit,john.wong602@gmail.com,605737,Low,8470,Existing User,39,,Approved,No,Yes,mobile,SM-G920R4,gmail.com,0
3057918,2025-01-19 13:10:48,25,mastercard,credit,jason.ng346@yahoo.co.uk,540281,Low,1046,New User,30,,Approved,No,No,desktop,Windows,yahoo.co.uk,0
3247797,2025-03-14 15:23:57,50,american express,credit,jason.tan485@gmail.com,370139,Low,1081,New User,46,,Approved,No,No,mobile,iOS Device,gmail.com,0
3216543,2025-03-04 22:21:16,75,visa,debit,sarah.lim197@hotmail.com,410650,Medium,5154,New User,54,,Approved,No,No,mobile,iOS Device,hotmail.com,0
3098477,2025-01-26 02:52:26,50,discover,credit,jason.ng480@gmail.com,624920,Low,9611,Existing User,32,,Approved,No,No,mobile,SAMSUNG-SM-G930A Build/NRD90M,gmail.com,0
3046800,2025-01-16 20:15:04,84.652,mastercard,debit,anna.ong836@hotmail.com,558895,Low,3131,Existing User,27,,Approved,No,No,mobile,HTC Desire 10 lifestyle Build/MMB29M,hotmail.com,0
3483868,2025-05-31 16:28:55,103.163,visa,debit,john.koh275@hotmail.com,408814,Medium,3746,New User,58,,Approved,No,No,desktop,0,hotmail.com,0
3147437,2025-02-09 00:27:10,62.381,visa,debit,jason.ng636@yahoo.com.mx,457348,Low,6497,Existing User,30,,Approved,No,No,mobile,SM-G532M Build/MMB29T,yahoo.com.mx,0
3264758,2025-03-20 02:42:06,29.243,visa,debit,jason.goh844@mail.com,416827,Low,5588,Existing User,23,,Approved,Yes,No,desktop,Windows,mail.com,1
3434650,2025-05-12 22:10:49,49.799,mastercard,credit,amy.goh249@hotmail.com,514938,Low,2794,Existing User,18,,Approved,No,No,desktop,Windows,hotmail.com,0
3049034,2025-01-17 04:10:29,23.553,visa,debit,alex.wong150@gmail.com,493232,Low,8629,Existing User,46,,Approved,No,Yes,mobile,0,gmail.com,0
3199088,2025-02-26 22:22:30,15.391,mastercard,credit,alex.lim457@gmail.com,542247,Medium,2300,New User,50,,Approved,No,No,desktop,0,gmail.com,0
3112606,2025-01-29 19:32:50,120,mastercard,credit,amy.ng996@gmail.com,518147,Low,1963,New User,40,,Approved,No,No,desktop,Windows,gmail.com,0
3350570,2025-04-15 14:05:06,100,discover,credit,amy.teo726@cableone.net,612029,Low,7032,Existing User,26,,Approved,No,No,desktop,Trident/7.0,cableone.net,0
3078604,2025-01-22 23:29:15,92.347,mastercard,debit,david.koh336@gmail.com,558585,Low,2491,Existing User,39,,Approved,No,No,mobile,SM-G900M Build/LRX21T,gmail.com,0
3475481,2025-05-28 09:54:20,150,mastercard,credit,lisa.chan707@sbcglobal.net,541257,Low,5947,Existing User,33,,Approved,No,No,mobile,iOS Device,sbcglobal.net,0
3078483,2025-01-22 23:08:52,250,mastercard,debit,lisa.lee231@anonymous.com,514182,High,6256,New User,81,HIGH_RISK_SCORE,Rejected,No,No,desktop,Windows,anonymous.com,0
3275302,2025-03-24 00:05:54,19,visa,debit,tom.wong427@outlook.com,460768,Low,3343,Existing User,44,,Approved,No,No,desktop,0,,0
3380256,2025-04-25 03:14:57,150,visa,credit,alex.wong835@gmail.com,438250,Low,2976,Existing User,29,,Approved,Yes,No,desktop,Windows,gmail.com,1
3477006,2025-05-28 20:57:07,19.12,visa,debit,anna.ng419@gmail.com,489205,Low,3575,Existing User,48,,Approved,No,No,mobile,0,gmail.com,0
3139978,2025-02-06 17:27:24,18.539,visa,credit,david.lim773@gmail.com,485274,Low,4600,New User,37,,Approved,No,No,mobile,ONEPLUS A5000 Build/NMF26X,gmail.com,0
3043739,2025-01-16 02:39:50,15,visa,credit,alex.lee258@gmail.com,481175,Low,5455,New User,42,,Approved,No,No,mobile,iOS Device,gmail.com,0
3366109,2025-04-20 19:47:21,53.29,visa,debit,amy.koh771@gmail.com,493016,Low,2691,Existing User,29,,Approved,Yes,No,mobile,SM-G920P Build/NRD90M,gmail.com,1
3325716,2025-04-07 14:43:44,29.243,visa,credit,mike.teo134@hotmail.com,487719,Low,8513,Existing User,23,,Approved,No,No,mobile,SM-A310M Build/LMY47X,hotmail.com,0
3486781,2025-06-01 16:57:37,34.121,visa,debit,lisa.tan527@gmail.com,405800,Low,6603,Existing User,21,,Approved,No,No,desktop,Windows,gmail.com,0
3032728,2025-01-13 17:54:06,50,visa,debit,mike.goh721@yahoo.com,476681,Low,9265,Existing User,35,,Approved,No,No,desktop,Windows,,0
3014487,2025-01-08 23:32:01,25,visa,credit,sarah.lim59@comcast.net,435528,Low,1856,Existing User,27,,Approved,No,No,mobile,iOS Device,comcast.net,0
3094788,2025-01-25 18:01:02,25,visa,debit,john.koh797@outlook.com,417839,Low,8079,Existing User,20,,Approved,No,No,desktop,Trident/7.0,,0
3286758,2025-03-27 18:42:03,200,mastercard,credit,alex.goh900@yahoo.com,534761,Low,5902,Existing User,20,,Approved,No,No,desktop,Windows,yahoo.com,0
3391718,2025-04-29 03:45:39,14.501,mastercard,debit,jason.lim186@gmail.com,559760,Low,5888,Existing User,34,,Approved,No,No,desktop,0,gmail.com,0
3256493,2025-03-17 17:08:18,41.992,mastercard,debit,sarah.teo130@gmail.com,553598,Medium,1414,New User,61,,Approved,No,No,mobile,0,gmail.com,0
3197053,2025-02-26 02:04:56,100,visa,debit,amy.ong64@icloud.com,473034,Low,4360,Existing User,44,,Approved,No,No,mobile,iOS Device,icloud.com,0
3098181,2025-01-26 01:55:21,50,mastercard,credit,tom.tan257@aol.com,533009,Low,3386,Existing User,20,,Approved,No,No,desktop,MacOS,aol.com,0
3184242,2025-02-21 16:05:52,100,mastercard,credit,anna.tan965@me.com,544519,Low,1338,Existing User,15,,Approved,No,No,desktop,Trident/7.0,me.com,0
3064491,2025-01-20 16:29:33,100,mastercard,debit,tom.chan817@cox.net,556164,Low,2126,Existing User,30,,Approved,No,No,mobile,iOS Device,cox.net,0
3202930,2025-02-28 00:59:42,29.486,mastercard,debit,mike.goh781@hotmail.com,530347,Medium,5731,New User,53,,Approved,No,No,mobile,SM-J700M Build/MMB29K,hotmail.com,0
3491153,2025-06-02 19:55:31,100,visa,debit,alex.chan673@mac.com,478077,Medium,7581,New User,58,,Approved,No,No,mobile,iOS Device,mac.com,0
3034249,2025-01-13 23:19:01,30,visa,credit,david.ng732@gmail.com,417554,Low,3035,Existing User,37,,Approved,No,No,mobile,SM-G920V Build/NRD90M,gmail.com,0
3102798,2025-01-26 21:58:27,100,visa,debit,john.koh466@yahoo.com,472234,Low,5328,Existing User,31,,Approved,No,No,mobile,iOS Device,yahoo.com,0
3194168,2025-02-25 01:30:55,54.86,visa,debit,john.ong993@hotmail.com,413492,Low,8811,Existing User,34,,Approved,No,No,desktop,0,hotmail.com,0
3067360,2025-01-21 00:03:50,200,mastercard,credit,mike.tan682@gmail.com,519039,Low,2676,Existing User,30,,Approved,No,No,mobile,iOS Device,gmail.com,0
3484045,2025-05-31 17:40:57,24.531,visa,debit,lisa.goh996@gmail.com,423539,Low,3461,Existing User,30,,Approved,No,No,desktop,Moto G (5) Plus Build/NPNS25.137-92-8,gmail.com,0
3397990,2025-05-01 02:15:20,35.044,visa,debit,amy.ng616@hotmail.com,415150,Low,5147,Existing User,21,,Approved,No,No,desktop,Windows,hotmail.com,0
3196757,2025-02-26 00:28:08,25,discover,credit,alex.goh554@hotmail.com,654050,Low,8519,New User,41,,Approved,No,No,desktop,MacOS,,0
3445999,2025-05-17 01:27:10,30.371,visa,debit,sarah.chan359@gmail.com,409748,Low,8911,Existing User,40,,Approved,No,No,desktop,0,gmail.com,0
3041640,2025-01-15 19:22:44,75,visa,credit,jason.ng955@gmail.com,485473,Low,7910,Existing User,21,,Approved,No,No,desktop,Windows,gmail.com,0
3202453,2025-02-27 22:55:39,100,mastercard,credit,tom.ng546@gmail.com,532681,Low,3382,New User,32,,Approved,No,No,desktop,Windows,gmail.com,0
3528059,2025-06-15 00:54:19,18.444,visa,debit,lisa.chan775@hotmail.com,480125,Low,5725,New User,47,,Approved,No,No,desktop,0,hotmail.com,0
3235354,2025-03-10 13:46:40,62.958,visa,debit,sarah.teo979@gmail.com,464445,Medium,4919,New User,53,,Approved,No,No,mobile,Moto E (4) Build/NMA26.42-19,gmail.com,0
3429211,2025-05-10 23:10:39,46.11,visa,credit,alex.ong89@gmail.com,462399,Low,3501,Existing User,36,,Approved,Yes,No,desktop,0,gmail.com,1
3387646,2025-04-27 22:02:48,46.221,visa,debit,mike.lee63@yahoo.com.mx,477168,Low,3795,Existing User,39,,Approved,No,No,mobile,F8331 Build/41.2.A.7.76,yahoo.com.mx,0
3509367,2025-06-08 19:56:17,100,mastercard,credit,mike.teo694@gmail.com,541980,Low,7717,New User,43,,Approved,No,No,desktop,MacOS,,0
3180926,2025-02-20 15:08:43,125,mastercard,debit,sarah.tan632@yahoo.com,519202,Low,5342,Existing User,26,,Approved,No,No,desktop,Windows,yahoo.com,0
3357748,2025-04-17 19:11:16,200,mastercard,credit,mike.wong108@gmail.com,512599,Low,4126,Existing User,15,,Approved,No,No,desktop,Windows,gmail.com,0
3004177,2025-01-06 04:55:08,49.303,visa,credit,john.chan295@yahoo.com,479426,Low,7370,Existing User,28,,Approved,No,No,desktop,0,yahoo.com,0
3449544,2025-05-18 18:08:56,62.341,visa,credit,john.wong290@hotmail.com,492777,Medium,7980,New User,65,,Approved,No,No,mobile,0,hotmail.com,0
3435523,2025-05-13 03:46:44,250,american express,credit,alex.lee493@gmail.com,370470,Low,4303,New User,43,,Approved,No,No,desktop,Windows,gmail.com,0
3448179,2025-05-18 01:51:44,18.014,visa,credit,tom.koh998@gmail.com,410339,Low,6372,Existing User,20,,Approved,No,No,mobile,WAS-LX3 Build/HUAWEIWAS-LX3,gmail.com,0
3438042,2025-05-14 01:39:19,25,visa,debit,john.koh600@gmail.com,411069,Medium,7391,New User,50,,Approved,No,No,mobile,iOS Device,gmail.com,0
3389784,2025-04-28 17:20:18,200,mastercard,debit,alex.lim641@aol.com,535091,Low,7853,New User,41,,Approved,No,No,desktop,Windows,aol.com,0
3043662,2025-01-16 02:18:53,100,visa,credit,anna.goh396@outlook.com,457812,Low,5744,New User,43,,Approved,No,No,desktop,Windows,,0
3068886,2025-01-21 08:08:50,75,visa,credit,david.chan998@msn.com,478420,Low,2229,Existing User,19,,Approved,No,No,desktop,Windows,msn.com,0
3203224,2025-02-28 02:36:21,18.247,mastercard,credit,anna.goh131@gmail.com,523664,Low,6106,New User,30,,Approved,No,No,desktop,Windows,gmail.com,0
3406218,2025-05-03 19:12:48,15.709,mastercard,debit,david.ong166@hotmail.com,541608,Medium,7542,New User,68,,Approved,No,No,mobile,0,hotmail.com,0
3352922,2025-04-16 01:40:44,46.161,visa,debit,lisa.wong301@hotmail.com,449249,Medium,4544,New User,67,NEW_USER_RULE,Rejected,No,No,mobile,0,hotmail.com,0
3020310,2025-01-10 16:35:31,20,visa,debit,jason.koh685@yahoo.com,484542,Low,6778,Existing User,26,,Approved,No,No,desktop,Windows,,0
3440663,2025-05-15 02:00:52,19.797,visa,credit,amy.teo815@gmail.com,428052,Low,2169,Existing User,38,,Approved,No,No,0,0,gmail.com,0
3413109,2025-05-05 17:57:26,27.912,visa,credit,mike.ong385@gmail.com,490565,Low,2418,Existing User,19,,Approved,Yes,No,desktop,Windows,gmail.com,1
3074960,2025-01-22 14:04:05,200,visa,credit,john.teo472@anonymous.com,403505,Medium,7149,Existing User,63,ANONYMOUS_EMAIL,Rejected,No,No,0,0,anonymous.com,0
3474076,2025-05-27 20:33:47,112.325,mastercard,credit,tom.ng939@gmail.com,513287,Low,8797,Existing User,31,,Approved,Yes,No,desktop,0,gmail.com,1
3312882,2025-04-03 23:09:04,10.03,visa,debit,anna.lee968@hotmail.com,467238,Low,8325,Existing User,20,,Approved,Yes,No,desktop,Windows,hotmail.com,1
3143644,2025-02-07 18:44:29,40.81,visa,credit,alex.goh559@gmail.com,474189,Low,2087,New User,45,,Approved,No,No,mobile,Moto G (5) Build/NPP25.137-72,gmail.com,0
2993511,2025-01-03 14:39:31,125,visa,debit,amy.lim894@gmail.com,458767,Low,6093,Existing User,32,,Approved,No,No,desktop,MacOS,gmail.com,0
3409308,2025-05-04 18:53:12,17.337,visa,credit,anna.wong793@gmail.com,457803,Medium,1733,New User,53,,Approved,Yes,No,desktop,0,gmail.com,1
3359586,2025-04-18 05:57:26,1.17,visa,debit,lisa.koh377@gmail.com,463295,Medium,6553,New User,52,,Approved,No,No,desktop,0,gmail.com,0
3388113,2025-04-28 00:07:52,15.105,visa,debit,jason.lee600@hotmail.com,417703,Low,2169,New User,42,,Approved,No,No,mobile,Moto G Play Build/MPIS24.241-15.3-7,hotmail.com,0
3036366,2025-01-14 16:25:45,250,visa,credit,john.ong211@anonymous.com,422073,Medium,5084,Existing User,55,,Approved,No,No,desktop,Windows,anonymous.com,0
3163577,2025-02-14 11:39:50,17.257,visa,credit,lisa.lee114@gmail,498282,Low,1929,Existing User,21,,Approved,No,No,mobile,ONE A2003 Build/MMB29M,gmail,0
3035945,2025-01-14 14:43:51,125,visa,credit,john.teo35@aol.com,429501,Low,2188,New User,45,,Approved,No,No,desktop,Windows,aol.com,0
3479505,2025-05-29 18:30:54,106.483,visa,credit,john.wong787@gmail.com,459855,Low,3172,Existing User,27,,Approved,Yes,No,desktop,Windows,gmail.com,1
3234618,2025-03-10 01:58:12,15.649,visa,debit,alex.ng637@hotmail.com,459421,Medium,4512,Existing User,55,,Approved,No,No,mobile,0,hotmail.com,0
2999209,2025-01-05 00:30:31,100,visa,credit,mike.ng318@gmail.com,456840,Low,7024,New User,40,,Approved,No,No,desktop,Windows,gmail.com,0
3398139,2025-05-01 03:42:47,69.845,visa,debit,lisa.goh957@hotmail.com,455614,Low,6099,Existing User,28,,Approved,No,No,mobile,SM-G950F Build/NRD90M,hotmail.com,0
3117450,2025-01-30 22:10:04,40,mastercard,credit,lisa.goh489@gmail.com,514135,Medium,1389,New User,50,,Approved,No,No,mobile,iOS Device,,0
3225910,2025-03-07 03:37:11,125,visa,credit,mike.lee599@gmail.com,484399,Low,2830,Existing User,27,,Approved,No,No,desktop,Windows,gmail.com,0
3390486,2025-04-28 20:52:47,23.866,visa,debit,lisa.tan545@gmail.com,412285,Medium,1527,New User,51,,Approved,No,No,mobile,XT1580 Build/NPKS25.200-17-8,gmail.com,0
3086564,2025-01-24 03:00:18,18.02,visa,credit,sarah.ong312@hotmail.com,406690,Low,7168,Existing User,26,,Approved,No,No,desktop,Windows,hotmail.com,0
3003026,2025-01-05 23:36:30,25,visa,debit,alex.lee507@yahoo.com,447416,Low,3941,New User,35,,Approved,No,No,desktop,MacOS,yahoo.com,0
2987633,2025-01-02 03:11:56,15,visa,credit,amy.ong754@gmail.com,421681,Low,4054,Existing User,33,,Approved,No,No,0,0,gmail.com,0
3254143,2025-03-16 20:53:26,100,american express,credit,amy.koh378@gmail.com,376767,Low,6827,Existing User,39,,Approved,No,No,mobile,iOS Device,gmail.com,0
3274752,2025-03-23 21:21:15,20.785,mastercard,credit,tom.wong198@hotmail.com,548819,Low,9277,Existing User,39,,Approved,No,No,mobile,0,hotmail.com,0
3018090,2025-01-09 22:11:09,200.26,mastercard,debit,amy.chan547@gmail.com,526608,Low,6131,Existing User,46,,Approved,No,No,0,0,gmail.com,0
3021773,2025-01-10 21:28:53,75,visa,credit,sarah.tan496@hotmail.com,430705,Low,5265,Existing User,22,,Approved,No,No,desktop,MacOS,hotmail.com,0
3477594,2025-05-29 00:12:41,250,visa,credit,john.wong138@anonymous.com,431689,Medium,1444,Existing User,54,,Approved,No,No,desktop,Trident/7.0,anonymous.com,0
3013125,2025-01-08 18:24:27,30,visa,debit,anna.lee952@outlook.com,476175,Low,6141,Existing User,22,,Approved,No,No,desktop,Windows,,0
3554417,2025-06-24 00:56:25,10,visa,credit,alex.lee987@outlook.com,448608,Low,8464,New User,36,,Approved,Yes,No,desktop,Trident/7.0,,1
3505659,2025-06-07 13:35:27,31.97,mastercard,credit,lisa.goh406@anonymous.com,559833,Low,7539,Existing User,47,,Approved,No,No,mobile,SM-G935F Build/NRD90M,anonymous.com,0
3214074,2025-03-04 01:05:29,67.067,visa,credit,john.lim269@hotmail.com,451746,Low,9837,New User,47,,Approved,No,No,mobile,Moto G (4) Build/NPJS25.93-14-13,hotmail.com,0
3420594,2025-05-07 21:00:25,100,visa,credit,anna.ng840@yahoo.com,427095,Low,4743,Existing User,31,,Approved,No,No,mobile,Moto Z (2,yahoo.com,0
3003148,2025-01-06 00:04:46,100,visa,credit,sarah.chan817@aol.com,445233,Low,1790,Existing User,37,,Approved,No,No,mobile,BNTV400,aol.com,0
3010784,2025-01-07 23:55:06,50,visa,debit,tom.lim358@yahoo.com,400001,Medium,1791,New User,52,,Approved,No,No,mobile,iOS Device,yahoo.com,0
3548276,2025-06-22 00:04:42,75,mastercard,credit,jason.chan985@hotmail.com,526779,Low,5169,Existing User,21,,Approved,No,No,desktop,Windows,,0
3421839,2025-05-08 04:39:09,18.813,mastercard,credit,jason.tan131@msn.com,527262,Low,7631,New User,31,,Approved,No,No,desktop,Windows,msn.com,0
2994972,2025-01-03 20:24:21,30,visa,credit,john.lim104@gmail.com,461847,Low,4059,Existing User,33,,Approved,No,No,desktop,0,gmail.com,0
3049196,2025-01-17 05:56:33,97.711,visa,debit,sarah.goh850@gmail.com,442528,Low,3890,Existing User,29,,Approved,No,No,desktop,Linux i686,gmail.com,0
3444834,2025-05-16 18:11:52,100,mastercard,credit,alex.ong922@yahoo.com,539649,Low,3976,Existing User,31,,Approved,No,No,mobile,iOS Device,yahoo.com,0
3135355,2025-02-05 04:51:03,22.154,visa,credit,amy.chan601@gmail.com,439892,Low,1286,Existing User,25,,Approved,No,No,desktop,0,gmail.com,0
3056089,2025-01-18 23:29:47,150,mastercard,credit,alex.ng437@anonymous.com,516488,Medium,1133,Existing User,59,,Approved,No,No,mobile,iOS Device,anonymous.com,0
3525088,2025-06-14 01:00:16,12.972,mastercard,debit,mike.lee356@gmail.com,536003,Low,7212,Existing User,31,,Approved,No,No,mobile,SAMSUNG,gmail.com,0
3121641,2025-02-01 01:24:50,10.96,visa,debit,mike.goh195@live.com,421558,Low,3667,Existing User,40,,Approved,No,No,mobile,0,live.com,0
3518297,2025-06-11 21:25:46,48.989,mastercard,credit,amy.goh479@hotmail.com,511660,Low,7265,Existing User,21,,Approved,No,No,desktop,Windows,hotmail.com,0
3471197,2025-05-26 19:57:52,27.544,mastercard,credit,amy.ng150@yahoo.fr,553582,Low,4817,Existing User,24,,Approved,No,No,mobile,SM-A520F Build/NRD90M,yahoo.fr,0
3035354,2025-01-14 04:44:45,15,visa,credit,sarah.chan252@outlook.com,457619,Low,9693,Existing User,28,,Approved,No,No,desktop,Linux x86_64,,0
3217561,2025-03-05 03:50:54,14.863,visa,debit,sarah.ong464@hotmail.com,412945,Low,7053,New User,42,,Approved,No,No,desktop,Windows,hotmail.com,0
3481063,2025-05-30 03:42:50,44.266,mastercard,debit,david.lim659@gmail.com,556331,Low,7250,Existing User,42,,Approved,Yes,No,desktop,0,gmail.com,1
3399190,2025-05-01 15:16:42,200,visa,credit,tom.lim823@gmail.com,498402,Low,7065,Existing User,24,,Approved,Yes,No,desktop,Windows,gmail.com,1
3035227,2025-01-14 03:43:25,27.984,mastercard,debit,sarah.wong907@yahoo.com,530163,Low,7210,Existing User,27,,Approved,No,No,desktop,Windows,yahoo.com,0
2998183,2025-01-04 20:31:43,20,mastercard,credit,lisa.chan154@gmail.com,516496,Low,4529,Existing User,24,,Approved,No,No,desktop,Windows,gmail.com,0
3203322,2025-02-28 03:12:55,12.809,mastercard,credit,amy.koh868@gmail.com,538253,Low,6382,New User,42,,Approved,Yes,No,desktop,Windows,gmail.com,1
3005466,2025-01-06 17:55:57,64.529,mastercard,debit,sarah.lee999@gmail.com,545154,Low,1889,Existing User,27,,Approved,No,No,desktop,Windows,gmail.com,0
2991599,2025-01-02 22:28:03,50,visa,debit,jason.ng835@anonymous.com,414229,Medium,2384,Existing User,60,ANONYMOUS_EMAIL,Rejected,No,No,desktop,Windows,anonymous.com,0
3226567,2025-03-07 15:21:14,200,visa,debit,tom.wong914@gmail.com,466477,Low,8836,Existing User,24,,Approved,No,No,desktop,Windows,gmail.com,0
3563118,2025-06-27 01:51:27,154.684,visa,debit,amy.chan285@gmail.com,407132,Low,5317,Existing User,37,,Approved,No,No,desktop,0,gmail.com,0
3340225,2025-04-11 21:13:36,19.093,visa,credit,tom.ng99@yahoo.com,481089,Low,9481,Existing User,25,,Approved,Yes,No,desktop,0,,1
3168337,2025-02-16 03:39:59,21.571,mastercard,debit,amy.teo249@live.com.mx,523866,Low,3484,Existing User,49,,Approved,No,No,mobile,0,live.com.mx,0
3151993,2025-02-10 17:56:34,77.889,visa,debit,tom.koh534@yahoo.com,411939,Low,9389,New User,41,,Approved,Yes,No,mobile,E6603 Build/32.4.A.1.54,,1
3495130,2025-06-03 23:37:23,14.325,visa,credit,lisa.lee649@outlook.com,466477,Low,2165,Existing User,18,,Approved,Yes,No,desktop,Windows,outlook.com,1
3518233,2025-06-11 20:58:54,40,visa,debit,jason.teo757@hotmail.com,476668,Low,1076,Existing User,21,,Approved,No,No,desktop,Windows,,0
2996796,2025-01-04 12:32:21,85,visa,debit,lisa.ong592@gmail.com,416629,Low,4379,Existing User,36,,Approved,No,Yes,mobile,iOS Device,gmail.com,0
3359638,2025-04-18 07:32:42,29.002,visa,debit,alex.lee341@gmail.com,463727,Medium,2511,New User,68,,Approved,Yes,No,mobile,0,gmail.com,1
3152356,2025-02-10 19:34:42,50,visa,debit,amy.lee828@gmail.com,424575,Low,7545,Existing User,23,,Approved,Yes,No,desktop,Windows,gmail.com,1
3552924,2025-06-23 16:44:42,46.417,mastercard,debit,jason.ong779@gmail.com,517649,Low,5339,Existing User,38,,Approved,Yes,No,mobile,SM-A300H Build/LRX22G,gmail.com,1
3054547,2025-01-18 18:25:01,200,american express,credit,anna.ng747@gmail.com,375325,Low,8551,Existing User,21,,Approved,No,No,desktop,Windows,gmail.com,0
3047125,2025-01-16 21:08:08,200,mastercard,credit,tom.lim37@comcast.net,535118,Low,5921,Existing User,23,,Approved,No,No,desktop,Windows,comcast.net,0
3423535,2025-05-08 19:33:14,150,visa,debit,lisa.wong225@anonymous.com,404995,Medium,8186,Existing User,53,,Approved,No,No,desktop,Windows,anonymous.com,0
3089584,2025-01-24 19:25:36,100,visa,credit,mike.tan267@sbcglobal.net,452876,Low,6190,New User,39,,Approved,No,No,desktop,rv:56.0,sbcglobal.net,0
3193567,2025-02-24 22:24:30,35.796,visa,debit,anna.teo232@yahoo.com.mx,415441,Low,4820,New User,44,,Approved,No,No,desktop,Windows,yahoo.com.mx,0
3346213,2025-04-13 23:16:59,43.382,mastercard,credit,amy.ong139@anonymous.com,527553,Medium,9958,Existing User,53,,Approved,No,No,desktop,Windows,anonymous.com,0
3568085,2025-06-29 14:57:12,150,visa,debit,anna.koh280@hotmail.com,442156,Low,9327,New User,47,,Approved,No,No,mobile,iOS Device,hotmail.com,0
3016146,2025-01-09 15:31:33,300,mastercard,credit,john.wong992@gmail.com,534868,Low,5679,Existing User,30,,Approved,Yes,No,desktop,MacOS,gmail.com,1
3081324,2025-01-23 15:19:47,100,mastercard,credit,david.koh245@hotmail.com,522019,Low,6774,Existing User,29,,Approved,No,No,desktop,WOW64,hotmail.com,0
3191852,2025-02-24 05:22:27,150,visa,credit,tom.teo286@att.net,444739,Low,4714,Existing User,22,,Approved,No,No,desktop,Trident/7.0,att.net,0
3188640,2025-02-23 03:00:41,48.156,mastercard,credit,anna.wong35@gmail.com,521380,Low,1732,Existing User,30,,Approved,No,No,mobile,MotoG3 Build/MPIS24.107-55-2-17,gmail.com,0
3063107,2025-01-20 04:10:12,40,visa,debit,david.tan357@hotmail.com,462502,Low,4406,Existing User,35,,Approved,No,No,desktop,MacOS,,0
3350041,2025-04-15 03:17:30,31.418,mastercard,credit,john.ong76@anonymous.com,517192,Medium,7316,Existing User,70,ANONYMOUS_EMAIL,Rejected,No,No,mobile,0,anonymous.com,0
3306167,2025-04-02 20:53:44,200,visa,credit,lisa.wong122@yahoo.com,459630,Low,5729,Existing User,27,,Approved,Yes,No,mobile,SAMSUNG SM-G891A Build/NRD90M,yahoo.com,1
3094310,2025-01-25 16:57:09,125,visa,credit,alex.ng33@earthlink.net,495681,Low,5711,Existing User,40,,Approved,No,No,desktop,0,earthlink.net,0
3220345,2025-03-05 21:51:37,96.068,visa,credit,mike.teo879@anonymous.com,476889,Medium,3308,New User,67,,Approved,No,No,desktop,0,anonymous.com,0
3456484,2025-05-21 00:36:52,40,visa,credit,lisa.koh687@yahoo.com,438928,Low,2981,Existing User,29,,Approved,No,No,desktop,0,,0
3151161,2025-02-10 05:35:56,125,visa,credit,john.chan268@gmail.com,473615,Low,4970,Existing User,17,,Approved,No,No,desktop,MacOS,gmail.com,0
3307365,2025-04-03 02:00:13,46.403,visa,credit,amy.wong803@gmail.com,435876,Low,7805,New User,31,,Approved,No,No,desktop,Windows,gmail.com,0
3021849,2025-01-10 21:38:35,25,visa,credit,tom.koh131@gmail.com,477794,Low,9536,Existing User,20,,Approved,No,No,desktop,Trident/7.0,gmail.com,0
3340214,2025-04-11 21:09:37,120.417,mastercard,debit,anna.koh66@yahoo.com,557889,Low,6440,New User,44,,Approved,No,No,desktop,Windows,,0
2993988,2025-01-03 16:50:01,150,visa,credit,anna.ong522@comcast.net,418164,Low,4695,Existing User,27,,Approved,No,No,desktop,Windows,comcast.net,0
3472245,2025-05-27 02:41:50,14.14,mastercard,debit,mike.tan132@hotmail.com,555708,Low,5637,New User,45,,Approved,No,No,desktop,Windows,hotmail.com,0
3533756,2025-06-16 23:20:12,20.719,visa,debit,mike.tan882@gmail.com,414506,Low,6086,Existing User,22,,Approved,No,No,desktop,Windows,gmail.com,0
3066298,2025-01-20 21:13:05,100,american express,credit,jason.teo61@gmail.com,378046,Low,3366,Existing User,25,,Approved,No,No,desktop,Windows,gmail.com,0
3231870,2025-03-09 12:12:44,22.355,visa,debit,mike.koh545@gmail.com,412504,Low,4309,Existing User,27,,Approved,No,No,mobile,SM-J701M Build/NRD90M,gmail.com,0
3051210,2025-01-17 19:52:28,100,visa,debit,john.teo132@gmail.com,453160,Low,1580,Existing User,32,,Approved,No,No,desktop,Windows,gmail.com,0
3084228,2025-01-23 20:58:37,250,visa,debit,amy.goh596@gmail.com,494588,Low,9172,Existing User,31,,Approved,Yes,No,desktop,Windows,gmail.com,0
3092978,2025-01-25 06:25:37,300,visa,credit,tom.wong877@gmail.com,416251,Low,2971,Existing User,44,,Approved,No,No,desktop,MacOS,gmail.com,0
3529009,2025-06-15 13:57:25,200,mastercard,credit,amy.goh203@anonymous.com,513972,Low,8370,Existing User,46,,Approved,No,No,desktop,Windows,anonymous.com,0
3163165,2025-02-14 02:07:31,50,visa,credit,sarah.koh485@outlook.com,428597,Low,3311,Existing User,32,,Approved,No,No,desktop,MacOS,,0
3307327,2025-04-03 01:50:26,100,american express,credit,john.goh301@anonymous.com,371573,Low,9900,Existing User,44,,Approved,No,No,desktop,Windows,anonymous.com,0
3050391,2025-01-17 17:24:02,30,american express,credit,anna.teo392@hotmail.com,377990,Low,2363,Existing User,37,,Approved,No,No,mobile,SM-G930P Build/NRD90M,hotmail.com,0
3040407,2025-01-15 15:23:29,100,mastercard,credit,anna.koh719@yahoo.com,515578,Low,9617,Existing User,17,,Approved,No,No,desktop,Windows,yahoo.com,0
3065376,2025-01-20 18:42:46,750,visa,debit,amy.koh689@anonymous.com,460631,High,4401,New User,97,HIGH_RISK_SCORE,Rejected,No,No,mobile,iOS Device,anonymous.com,0
3540412,2025-06-19 04:04:17,15.671,visa,debit,jason.ong362@gmail.com,410346,Low,5884,Existing User,30,,Approved,No,No,desktop,0,gmail.com,0
3176385,2025-02-18 22:43:15,20,visa,debit,anna.lee213@hotmail.com,416958,Low,3769,Existing User,32,,Approved,No,No,desktop,Windows,,0
3500301,2025-06-05 15:04:35,30,visa,credit,tom.wong128@yahoo.com,441732,Low,8256,New User,41,,Approved,No,No,desktop,Windows,,0
3557468,2025-06-25 02:51:49,141.404,mastercard,credit,david.koh404@yahoo.com.mx,526300,Low,9158,Existing User,15,,Approved,No,No,desktop,Windows,yahoo.com.mx,0
3382866,2025-04-26 03:04:49,33.11,visa,debit,jason.wong684@hotmail.com,434265,Low,2975,New User,45,,Approved,No,No,desktop,Windows,hotmail.com,0
3376131,2025-04-23 22:10:56,350,visa,debit,sarah.lim596@gmail.com,446850,Low,6453,Existing User,43,,Approved,No,No,mobile,SAMSUNG SM-N950U Build/NMF26X,gmail.com,0
3113165,2025-01-29 21:46:12,100,mastercard,credit,lisa.koh249@yahoo.com,535785,Low,8898,New User,40,,Approved,No,No,desktop,Windows,yahoo.com,0
3133292,2025-02-04 20:12:08,8,mastercard,debit,alex.ng541@yahoo.com,546441,Medium,8449,New User,53,,Approved,No,No,desktop,0,,0
3440283,2025-05-14 22:59:29,100,visa,credit,sarah.wong89@gmail.com,466699,Low,5041,New User,36,,Approved,No,No,desktop,Windows,gmail.com,0
3358480,2025-04-17 22:22:09,15.709,visa,debit,amy.ng244@gmail.com,436369,Medium,2061,New User,53,,Approved,No,No,desktop,0,gmail.com,0
3040698,2025-01-15 16:19:45,50,visa,credit,amy.wong234@anonymous.com,453988,Medium,6885,Existing User,64,ANONYMOUS_EMAIL,Rejected,No,No,desktop,0,anonymous.com,1
3038745,2025-01-15 00:24:06,100,visa,credit,tom.tan251@gmail.com,409929,Medium,2835,New User,54,,Approved,No,No,0,0,gmail.com,0
3524414,2025-06-13 21:20:07,35.658,mastercard,credit,mike.tan693@anonymous.com,548888,High,4789,New User,89,HIGH_RISK_SCORE,Rejected,No,No,mobile,0,anonymous.com,0
3107199,2025-01-28 02:15:49,100,visa,credit,john.goh955@gmail.com,462599,Medium,7002,New User,54,,Approved,No,No,mobile,iOS Device,gmail.com,0
3518353,2025-06-11 21:42:12,9.96,visa,debit,david.chan464@gmail.com,487756,Medium,2120,New User,55,,Approved,No,No,mobile,Moto E (4) Build/NMA26.42-19,gmail.com,0
3084358,2025-01-23 21:13:32,100,visa,debit,tom.wong659@comcast.net,479389,Low,1838,Existing User,31,,Approved,No,No,mobile,SM-G930T Build/NRD90M,comcast.net,0
2987004,2025-01-02 00:01:46,50,mastercard,credit,jason.ng842@gmail.com,534027,Low,8845,Existing User,25,,Approved,No,No,mobile,SAMSUNG SM-G892A Build/NRD90M,gmail.com,0
3384458,2025-04-26 20:57:18,8.519,visa,credit,tom.wong37@gmail.com,423987,Low,3472,Existing User,41,,Approved,No,No,desktop,0,gmail.com,0
3159786,2025-02-13 04:26:40,14.75,visa,debit,lisa.teo962@gmail.com,442956,Low,7952,Existing User,34,,Approved,Yes,No,mobile,Moto G (5) Plus Build/NPNS25.137-15-11,gmail.com,1
3290992,2025-03-29 00:56:53,6.888,visa,credit,alex.goh312@hotmail.com,446078,Low,6420,New User,43,,Approved,No,No,mobile,SAMSUNG SM-G935F Build/NRD90M,hotmail.com,0
3055633,2025-01-18 21:59:52,50,visa,credit,amy.teo48@aol.com,435507,Medium,4578,New User,55,,Approved,No,No,mobile,iOS Device,aol.com,0
3307832,2025-04-03 06:00:27,11.359,visa,debit,jason.lee363@gmail.com,447236,Low,5773,New User,47,,Approved,No,No,mobile,LG-H320 Build/LRX21Y,gmail.com,0
3242138,2025-03-12 17:32:52,100,discover,credit,sarah.goh472@gmail.com,655877,Low,2598,Existing User,27,,Approved,No,No,mobile,SAMSUNG-SM-G930A Build/NRD90M,gmail.com,0
3328718,2025-04-08 14:39:27,50,visa,debit,lisa.ng436@aol.com,477460,Low,4997,New User,37,,Approved,No,No,desktop,Trident/7.0,aol.com,0
3300300,2025-04-01 03:52:56,19.093,visa,debit,david.lee781@gmail.com,406152,Medium,1263,New User,50,,Approved,No,No,mobile,MYA-L13 Build/HUAWEIMYA-L13,gmail.com,0
3137655,2025-02-05 21:44:17,25,visa,debit,david.koh445@aol.com,497007,Low,3051,New User,39,,Approved,No,No,desktop,Windows,aol.com,0
3090810,2025-01-24 22:19:57,125,mastercard,credit,anna.lee829@verizon.net,532488,Low,5490,Existing User,17,,Approved,No,No,desktop,Windows,verizon.net,0
3185896,2025-02-22 00:15:59,125,visa,credit,alex.teo40@hotmail.com,411392,Low,2563,Existing User,31,,Approved,Yes,No,mobile,iOS Device,hotmail.com,0
3456257,2025-05-20 23:19:55,30.74,visa,debit,anna.teo355@yahoo.com.mx,439177,Low,4123,Existing User,26,,Approved,No,No,mobile,Moto X Play Build/NPD26.48-24-1,yahoo.com.mx,0
3415238,2025-05-06 03:05:02,29.879,visa,credit,amy.ng297@gmail.com,441411,Low,9470,Existing User,26,,Approved,Yes,No,desktop,Windows,gmail.com,1
3126876,2025-02-03 00:59:55,149.015,visa,credit,lisa.chan201@gmail.com,435861,Low,6931,Existing User,36,,Approved,No,No,desktop,0,gmail.com,0
3383622,2025-04-26 16:25:26,9.728,visa,debit,david.wong145@outlook.com,433292,Low,1039,Existing User,36,,Approved,No,No,mobile,LG-X165g Build/LRX21M,outlook.com,0
3067035,2025-01-20 23:10:28,20.522,visa,debit,jason.teo577@hotmail.com,477945,Medium,7247,New User,59,,Approved,No,No,mobile,0,hotmail.com,0
3193849,2025-02-24 23:47:21,8,mastercard,debit,lisa.teo504@hotmail.com,533793,Medium,7447,New User,54,,Approved,No,No,mobile,SM-J727VPP Build/NRD90M,,0
3427736,2025-05-10 14:00:33,23.362,mastercard,credit,tom.goh341@gmail.com,517144,Low,9687,Existing User,44,,Approved,No,No,mobile,0,gmail.com,0
3054383,2025-01-18 17:48:31,35,visa,debit,amy.tan419@gmail.com,423133,Low,4711,Existing User,41,,Approved,No,No,mobile,SM-N950U Build/NMF26X,gmail.com,0
3076779,2025-01-22 18:52:56,100,visa,debit,sarah.teo339@anonymous.com,472662,Medium,6569,Existing User,52,,Approved,No,No,desktop,Windows,anonymous.com,0
3253744,2025-03-16 19:02:23,22.899,visa,credit,lisa.wong879@anonymous.com,435819,Medium,1905,Existing User,51,,Approved,Yes,No,mobile,hi6210sft Build/MRA58K,anonymous.com,1
3077130,2025-01-22 19:39:42,61.215,visa,credit,mike.ng884@hotmail.com,499388,Low,2331,Existing User,40,,Approved,No,No,mobile,0,hotmail.com,0
3361583,2025-04-18 23:31:37,15.709,visa,debit,john.wong53@gmail.com,456726,Low,7737,Existing User,31,,Approved,No,No,desktop,Windows,gmail.com,0
3393212,2025-04-29 18:40:52,100,mastercard,credit,tom.koh880@gmail.com,524696,Low,3418,Existing User,15,,Approved,No,No,desktop,MacOS,gmail.com,0
3011547,2025-01-08 03:39:32,20,visa,credit,sarah.lee449@gmail.com,435475,Low,8013,Existing User,26,,Approved,No,No,mobile,iOS Device,gmail.com,0
3016631,2025-01-09 17:16:22,32.881,visa,credit,anna.goh999@gmail.com,405022,Low,8322,Existing User,15,,Approved,No,No,desktop,Windows,gmail.com,0
3061736,2025-01-19 23:48:57,100,visa,debit,david.teo632@gmail.com,405990,Low,5534,Existing User,36,,Approved,Yes,No,mobile,iOS Device,gmail.com,1
3311384,2025-04-03 19:51:04,10,visa,credit,tom.wong366@yahoo.com,447183,Low,8534,Existing User,18,,Approved,No,No,desktop,Windows,,0
3345109,2025-04-13 18:15:18,33.072,visa,credit,david.teo243@gmail.com,405748,Low,4980,Existing User,41,,Approved,No,No,mobile,0,gmail.com,0
3556448,2025-06-24 20:18:58,35.351,mastercard,debit,mike.koh318@gmail.com,552596,Low,1084,Existing User,26,,Approved,No,No,desktop,rv:60.0,gmail.com,0
3077484,2025-01-22 20:32:27,75,mastercard,credit,anna.lee58@netzero.net,511957,Low,5536,Existing User,40,,Approved,No,No,mobile,iOS Device,netzero.net,0
3062697,2025-01-20 02:34:47,75,discover,credit,lisa.lee660@gmail.com,632296,Low,2357,Existing User,38,,Approved,No,No,mobile,iOS Device,gmail.com,0
3058006,2025-01-19 13:42:45,100,visa,credit,alex.ong56@gmail.com,476473,Low,9330,New User,32,,Approved,No,No,desktop,Windows,gmail.com,0
3223327,2025-03-06 17:51:12,28.156,visa,debit,lisa.koh334@hotmail.com,422053,Low,8371,Existing User,33,,Approved,No,No,desktop,Windows,hotmail.com,0
3083775,2025-01-23 19:56:34,100,visa,credit,anna.ong745@gmail.com,452558,Low,7683,Existing User,29,,Approved,No,No,desktop,Windows,gmail.com,0
3032190,2025-01-13 16:00:12,100,mastercard,debit,alex.wong496@aol.com,520171,Low,4012,New User,45,,Approved,No,No,mobile,iOS Device,aol.com,0
3038832,2025-01-15 00:44:41,50,visa,credit,mike.ng973@gmail.com,456262,Low,8331,New User,42,,Approved,No,No,desktop,MacOS,gmail.com,0
2999944,2025-01-05 04:20:42,37.581,visa,debit,amy.ong202@hotmail.com,418334,Low,4810,Existing User,34,,Approved,No,No,desktop,0,hotmail.com,0
3086940,2025-01-24 04:52:24,50,visa,credit,tom.ng203@comcast.net,449488,Low,8852,Existing User,22,,Approved,No,No,desktop,Windows,comcast.net,0
3060738,2025-01-19 21:11:42,100,american express,credit,john.lim825@yahoo.com,377575,Low,3532,Existing User,20,,Approved,No,No,desktop,Windows,yahoo.com,0
3049425,2025-01-17 13:14:27,250,visa,credit,lisa.wong140@aol.com,448359,Low,9968,Existing User,32,,Approved,No,No,desktop,MacOS,aol.com,0
3098377,2025-01-26 02:33:37,150,visa,credit,lisa.ong881@gmail.com,434965,Low,1493,Existing User,32,,Approved,No,No,desktop,MacOS,gmail.com,0
3112537,2025-01-29 19:16:23,250,american express,credit,john.koh874@anonymous.com,372428,Medium,5577,Existing User,59,,Approved,No,No,desktop,MacOS,anonymous.com,0
3120806,2025-01-31 21:35:47,100,visa,credit,lisa.koh261@gmail.com,437147,Low,4296,Existing User,48,,Approved,No,No,mobile,0,gmail.com,0
3310571,2025-04-03 18:46:48,8.157,mastercard,debit,mike.koh502@hotmail.com,510879,Low,2232,Existing User,33,,Approved,No,No,desktop,0,hotmail.com,0
3190491,2025-02-23 21:15:28,37.418,visa,debit,tom.tan496@hotmail.fr,472093,Low,4476,Existing User,41,,Approved,No,No,mobile,0,hotmail.fr,0
3071523,2025-01-21 19:50:51,100,mastercard,debit,alex.teo353@gmail.com,547008,Low,7582,New User,49,,Approved,No,No,desktop,Trident/7.0,gmail.com,0
3031379,2025-01-13 05:33:11,62.498,visa,credit,sarah.lim70@gmail.com,438832,Low,3370,Existing User,20,,Approved,No,No,mobile,Moto G (4) Build/NPJS25.93-14-10,gmail.com,0
3182158,2025-02-20 20:38:14,10.028,visa,credit,sarah.ng881@gmail.com,423807,Low,9320,Existing User,39,,Approved,No,No,mobile,0,gmail.com,0
3446268,2025-05-17 05:35:22,13.403,visa,debit,jason.lee271@gmail.com,490046,Medium,2367,New User,50,,Approved,No,No,mobile,XT1635-02 Build/NPN26.118-22-2,gmail.com,0
3159818,2025-02-13 04:51:45,75,visa,debit,jason.ng128@hotmail.com,484558,Medium,1908,New User,52,,Approved,No,No,mobile,iOS Device,hotmail.com,0
3034867,2025-01-14 01:53:07,62.615,visa,debit,anna.koh143@hotmail.com,416804,Low,4860,Existing User,26,,Approved,No,No,desktop,Windows,hotmail.com,0
3389938,2025-04-28 18:09:57,150,visa,debit,lisa.goh79@charter.net,434507,Low,8943,Existing User,24,,Approved,No,No,desktop,Windows,charter.net,0
3037777,2025-01-14 20:58:19,32.065,mastercard,credit,sarah.koh755@gmail.com,542800,Low,1572,Existing User,28,,Approved,No,No,desktop,Windows,gmail.com,0
3491347,2025-06-02 20:39:56,15.186,visa,debit,tom.wong758@gmail.com,489670,Low,4690,Existing User,33,,Approved,No,No,mobile,SM-T810 Build/NRD90M,gmail.com,0
3032217,2025-01-13 16:05:13,50,visa,credit,john.ong311@anonymous.com,490222,Low,3797,Existing User,44,,Approved,No,No,desktop,Windows,anonymous.com,0
3468288,2025-05-25 19:24:59,80.108,visa,debit,john.ng515@yahoo.com.mx,441789,Low,6698,Existing User,22,,Approved,No,No,desktop,Windows,yahoo.com.mx,0
3011014,2025-01-08 00:51:14,75,visa,credit,sarah.koh440@gmail.com,470226,Low,3708,Existing User,35,,Approved,No,No,mobile,iOS Device,gmail.com,0
3153069,2025-02-10 23:02:05,150,visa,credit,david.lim803@anonymous.com,443981,Low,9551,Existing User,40,,Approved,No,Yes,desktop,Windows,anonymous.com,0
3216935,2025-03-05 00:07:25,44.711,mastercard,credit,anna.teo177@gmail.com,551627,Low,2351,New User,41,,Approved,Yes,No,mobile,Moto E (4) Plus Build/NMA26.42-69,gmail.com,1
3049693,2025-01-17 14:59:16,30,visa,credit,sarah.chan665@hotmail.com,417614,Low,6734,Existing User,27,,Approved,No,No,mobile,iOS Device,hotmail.com,0
3480881,2025-05-30 01:44:09,100,visa,debit,david.chan880@aol.com,483084,Low,1847,Existing User,31,,Approved,No,No,mobile,iOS Device,aol.com,0
3011083,2025-01-08 01:09:43,50,mastercard,credit,mike.teo928@anonymous.com,519804,Medium,3981,Existing User,51,,Approved,No,No,desktop,MacOS,anonymous.com,0
3080761,2025-01-23 13:48:52,100,mastercard,credit,sarah.goh624@gmail.com,554457,Low,2738,New User,42,,Approved,No,No,mobile,SGH-M919N,gmail.com,0
3495059,2025-06-03 23:13:28,14.325,visa,credit,tom.lim671@outlook.com,400736,Low,1235,Existing User,18,,Approved,Yes,No,desktop,Windows,outlook.com,1
3281652,2025-03-26 02:45:03,60.541,visa,debit,amy.teo455@anonymous.com,488318,Medium,9113,Existing User,64,,Approved,No,No,desktop,0,anonymous.com,0
3082890,2025-01-23 18:17:12,150,visa,credit,alex.tan573@rocketmail.com,489435,Low,3964,Existing User,31,,Approved,No,No,desktop,MacOS,rocketmail.com,0
2999400,2025-01-05 01:20:29,100,visa,credit,mike.chan846@hotmail.com,497027,Low,1614,Existing User,29,,Approved,No,Yes,desktop,Windows,,0
3420734,2025-05-07 21:46:12,32.232,visa,credit,john.lim620@anonymous.com,410278,Medium,4198,Existing User,65,ANONYMOUS_EMAIL,Rejected,No,No,desktop,0,anonymous.com,0
3217617,2025-03-05 04:19:39,44.227,visa,debit,amy.tan922@hotmail.com,479110,Low,4065,Existing User,38,,Approved,No,No,mobile,MOT-A6020l37 Build/LMY47V,hotmail.com,0
3192318,2025-02-24 16:04:44,39.936,visa,credit,david.chan313@gmail.com,467866,Medium,3598,New User,65,,Approved,Yes,No,mobile,0,gmail.com,1
3541432,2025-06-19 16:45:33,95.417,mastercard,credit,sarah.tan950@gmail.com,553583,Low,1296,Existing User,34,,Approved,No,No,desktop,0,gmail.com,0
3339472,2025-04-11 17:55:17,50,visa,debit,john.lee420@gmail.com,418411,Low,3140,Existing User,24,,Approved,No,No,desktop,Trident/7.0,gmail.com,0
3193670,2025-02-24 22:53:59,40,american express,credit,tom.tan925@hotmail.com,372265,Low,6493,Existing User,30,,Approved,No,No,desktop,MacOS,hotmail.com,0
3538132,2025-06-18 15:19:59,7.993,mastercard,debit,lisa.goh775@hotmail.com,519160,Low,2257,Existing User,30,,Approved,No,No,mobile,Gravity Build/NRD90M,hotmail.com,0
3566667,2025-06-28 20:03:01,85,mastercard,credit,sarah.teo989@gmail.com,513321,Low,7494,Existing User,27,,Approved,No,No,desktop,Windows,,0
3016693,2025-01-09 17:28:56,20.522,visa,debit,lisa.teo842@gmail.com,442239,Low,7062,New User,37,,Approved,No,No,desktop,Windows,gmail.com,0
3135602,2025-02-05 12:32:06,375,visa,credit,jason.chan887@gmail.com,480985,Medium,6201,New User,63,,Approved,Yes,No,mobile,iOS Device,gmail.com,1
3373753,2025-04-23 02:09:57,44.227,visa,debit,david.chan129@gmail.com,457274,Low,4604,Existing User,32,,Approved,No,No,desktop,Windows,gmail.com,0
3353873,2025-04-16 15:08:00,70.087,visa,debit,sarah.ng792@gmail.com,407738,Low,3291,Existing User,42,,Approved,No,No,mobile,0,gmail.com,0
3081446,2025-01-23 15:36:21,750,mastercard,credit,tom.koh75@comcast.net,550549,Low,6119,Existing User,40,,Approved,No,No,desktop,Windows,comcast.net,0
3008259,2025-01-07 12:02:26,35,visa,credit,tom.goh598@yahoo.com,442035,Low,8772,New User,37,,Approved,No,No,desktop,Windows,yahoo.com,0
3355022,2025-04-16 21:07:20,75,visa,credit,john.ong174@yahoo.com,451984,Low,7389,New User,32,,Approved,Yes,No,desktop,Windows,yahoo.com,1
3107263,2025-01-28 02:33:05,84.535,visa,credit,alex.lim693@hotmail.com,411147,Low,9441,Existing User,22,,Approved,No,No,desktop,rv:56.0,hotmail.com,0
3096463,2025-01-25 21:28:04,40,visa,debit,amy.ong853@gmail.com,490128,Medium,5693,New User,55,,Approved,Yes,No,desktop,MacOS,gmail.com,0
3455636,2025-05-20 19:54:17,200,american express,credit,jason.koh527@anonymous.com,375520,Medium,9478,Existing User,52,,Approved,No,No,desktop,Trident/7.0,anonymous.com,0
3120787,2025-01-31 21:31:51,100,visa,debit,john.tan141@gmail.com,418501,Low,3129,New User,49,,Approved,No,No,mobile,iOS Device,gmail.com,0
3003224,2025-01-06 00:18:44,50,visa,credit,sarah.tan987@hotmail.com,423475,Low,4301,New User,37,,Approved,No,No,desktop,MacOS,,0
3103948,2025-01-27 04:24:26,25,mastercard,debit,tom.goh507@hotmail.com,553490,Low,3931,Existing User,31,,Approved,No,No,mobile,iOS Device,hotmail.com,0
3435624,2025-05-13 05:26:52,16.969,mastercard,credit,tom.ng687@hotmail.com,511116,Low,3779,Existing User,37,,Approved,No,No,desktop,0,hotmail.com,0
3094491,2025-01-25 17:21:36,35.563,mastercard,debit,alex.teo800@live.com,548130,Low,4348,Existing User,30,,Approved,No,No,mobile,5010G Build/MRA58K,live.com,0
3099675,2025-01-26 11:34:12,100,visa,debit,lisa.koh552@gmail.com,419706,Low,1104,Existing User,30,,Approved,No,No,desktop,MacOS,gmail.com,0
3084495,2025-01-23 21:29:18,100,visa,credit,anna.tan895@gmail.com,482261,Low,4459,New User,45,,Approved,No,No,0,0,gmail.com,0
3339958,2025-04-11 19:55:14,100,visa,credit,mike.chan605@anonymous.com,420199,High,4025,New User,80,HIGH_RISK_SCORE,Rejected,No,No,0,0,anonymous.com,0
3068933,2025-01-21 10:26:16,75,discover,credit,anna.koh18@gmail.com,625964,Low,8880,Existing User,27,,Approved,No,Yes,mobile,iOS Device,gmail.com,0
3275519,2025-03-24 01:21:14,15.951,visa,credit,alex.ong247@hotmail.com,428799,Low,7349,Existing User,18,,Approved,Yes,No,desktop,Windows,hotmail.com,1
3239773,2025-03-11 20:43:21,75,visa,credit,tom.koh437@gmail.com,455950,Medium,4945,New User,53,,Approved,No,No,mobile,iOS Device,gmail.com,0
3201036,2025-02-27 17:16:18,150,visa,debit,mike.koh906@anonymous.com,482585,Medium,8533,Existing User,53,,Approved,No,No,desktop,Trident/7.0,anonymous.com,0
3074898,2025-01-22 13:47:43,150,american express,credit,mike.koh318@hotmail.com,376576,Low,8410,Existing User,24,,Approved,No,No,desktop,Windows,hotmail.com,0
3014163,2025-01-08 22:09:07,25,mastercard,credit,mike.lim575@gmail.com,529727,Low,5896,Existing User,30,,Approved,No,No,mobile,iOS Device,gmail.com,0
3304738,2025-04-02 15:38:47,40.602,mastercard,debit,tom.tan721@gmail.com,520064,Low,6415,Existing User,26,,Approved,No,No,mobile,SAMSUNG SM-G930T Build/NRD90M,gmail.com,0
3387569,2025-04-27 21:44:40,46.221,visa,debit,alex.lim129@yahoo.com.mx,431304,Low,4621,Existing User,39,,Approved,No,No,mobile,F8331 Build/41.2.A.7.76,yahoo.com.mx,0
3243241,2025-03-12 23:07:38,15.347,visa,credit,tom.teo359@gmx.de,415072,Low,3417,Existing User,25,,Approved,No,No,mobile,HUAWEI GRA-L09 Build/HUAWEIGRA-L09,gmx.de,0
3045418,2025-01-16 16:19:55,250,mastercard,credit,sarah.wong703@gmail.com,517093,Low,7837,Existing User,26,,Approved,No,No,desktop,Windows,gmail.com,0
3468896,2025-05-25 22:27:09,25,visa,debit,amy.goh749@gmail.com,443667,Low,4673,Existing User,25,,Approved,No,No,desktop,Windows,gmail.com,0
3417350,2025-05-06 20:36:10,61.357,visa,credit,john.teo629@hotmail.com,420181,Low,5988,Existing User,25,,Approved,No,No,mobile,LG-H840 Build/MMB29M,hotmail.com,0
3079551,2025-01-23 02:33:30,75,visa,credit,anna.lim940@yahoo.com,426030,Low,2712,Existing User,38,,Approved,No,No,mobile,iOS Device,yahoo.com,0
3158093,2025-02-12 19:21:16,150,visa,credit,lisa.teo387@anonymous.com,486335,Low,9728,Existing User,48,,Approved,No,No,desktop,Windows,anonymous.com,0
3031934,2025-01-13 14:54:32,250,visa,credit,lisa.goh577@aol.com,494693,Low,3725,Existing User,38,,Approved,No,No,desktop,MacOS,aol.com,0
3313545,2025-04-04 00:46:30,13.716,visa,debit,mike.ong616@outlook.com,430050,Low,5839,Existing User,22,,Approved,No,No,desktop,Moto G (5) Plus Build/NPN25.137-92,outlook.com,0
3053024,2025-01-18 02:41:29,25,visa,debit,john.lim828@hotmail.com,406462,Low,2967,Existing User,41,,Approved,No,No,mobile,iOS Device,hotmail.com,0
3417258,2025-05-06 20:10:27,13.649,visa,credit,david.wong668@hotmail.com,450654,Medium,2618,New User,51,,Approved,No,No,desktop,0,hotmail.com,0
3375219,2025-04-23 18:15:48,20,visa,debit,amy.ng464@hotmail.com,419149,Medium,4049,New User,67,NEW_USER_RULE,Rejected,No,No,mobile,0,,0
3209646,2025-03-02 18:51:39,25,mastercard,debit,david.lee16@gmail.com,529677,Low,4599,Existing User,34,,Approved,No,No,mobile,SM-G920V Build/NRD90M,gmail.com,0
3287316,2025-03-27 20:55:32,100,american express,credit,jason.goh608@anonymous.com,378871,Low,4559,Existing User,41,,Approved,No,No,desktop,Trident/7.0,anonymous.com,0
3036935,2025-01-14 18:10:09,27.284,mastercard,credit,jason.teo706@hotmail.com,543191,Low,5218,Existing User,43,,Approved,No,No,mobile,0,hotmail.com,0
3491532,2025-06-02 21:16:12,5,mastercard,debit,sarah.teo842@outlook.com,523025,Medium,5590,Existing User,55,,Approved,Yes,No,mobile,0,,1
3511268,2025-06-09 13:50:13,29.264,mastercard,credit,anna.chan423@anonymous.com,543850,Low,9521,Existing User,45,,Approved,No,No,mobile,SM-G935F Build/NRD90M,anonymous.com,0
3365927,2025-04-20 18:58:27,33.593,mastercard,credit,lisa.lee554@hotmail.com,520921,Low,7361,Existing User,29,,Approved,Yes,No,mobile,SM-J700M Build/MMB29K,hotmail.com,1
3161697,2025-02-13 20:07:00,10.785,visa,debit,tom.chan559@icloud.com,454189,Low,8662,Existing User,31,,Approved,No,No,desktop,Windows,icloud.com,0
3319531,2025-04-05 18:57:26,16.857,visa,debit,david.lim421@anonymous.com,472829,Medium,6682,New User,67,,Approved,No,Yes,desktop,Trident/7.0,anonymous.com,0
3262255,2025-03-19 11:53:14,100,american express,credit,david.goh49@aol.com,379944,Medium,7920,New User,55,,Approved,No,No,mobile,iOS Device,aol.com,0
3073206,2025-01-22 00:21:02,20,visa,debit,john.ong441@yahoo.com,402628,Low,2725,Existing User,21,,Approved,No,No,desktop,Windows,,0
3235808,2025-03-10 16:38:39,100,american express,debit,sarah.ong795@yahoo.com,370755,Medium,5414,New User,52,,Approved,No,No,mobile,iOS Device,yahoo.com,0
3103534,2025-01-27 01:13:09,21.574,visa,credit,john.ng956@gmail.com,491829,Low,7355,New User,44,,Approved,No,No,desktop,0,gmail.com,0
3004529,2025-01-06 13:44:15,25,mastercard,debit,david.wong140@gmail.com,512476,Low,3586,Existing User,40,,Approved,No,No,mobile,iOS Device,gmail.com,0
2988093,2025-01-02 08:56:29,100,visa,debit,anna.teo750@yahoo.com,476464,Low,2714,Existing User,36,,Approved,No,No,mobile,SM-G530T,yahoo.com,0
3060324,2025-01-19 20:08:09,69.96,visa,debit,tom.tan866@gmail.com,473925,Low,1392,Existing User,28,,Approved,No,No,desktop,Windows,gmail.com,0
3052621,2025-01-18 00:40:04,11.077,visa,debit,tom.koh395@gmail.com,425340,Low,5185,Existing User,49,,Approved,No,No,mobile,0,gmail.com,0
3081945,2025-01-23 16:37:00,100,visa,credit,jason.ng459@gmail.com,455371,Low,1650,Existing User,29,,Approved,No,No,desktop,Windows,gmail.com,0
3146993,2025-02-08 22:09:09,37.778,mastercard,credit,david.chan481@anonymous.com,549576,Medium,9273,Existing User,66,,Approved,Yes,No,mobile,0,anonymous.com,0
3068814,2025-01-21 06:23:58,150,visa,credit,alex.ong799@yahoo.com,463908,Low,4386,Existing User,30,,Approved,No,No,desktop,Windows,yahoo.com,0
3064084,2025-01-20 15:09:52,25,mastercard,debit,anna.wong61@aol.com,531123,Low,8440,New User,45,,Approved,No,No,desktop,Trident/7.0,aol.com,0
3415203,2025-05-06 02:56:25,29.879,visa,credit,tom.chan569@gmail.com,447491,Low,4261,Existing User,20,,Approved,Yes,No,desktop,Windows,gmail.com,1
3162868,2025-02-14 00:33:22,50,mastercard,credit,sarah.wong229@yahoo.com,557011,Medium,3474,New User,50,,Approved,No,No,mobile,iOS Device,,0
3143732,2025-02-07 19:12:33,75,mastercard,credit,lisa.tan268@live.com,546549,Low,5197,Existing User,34,,Approved,No,No,desktop,MacOS,live.com,0
3089925,2025-01-24 20:12:27,50,visa,debit,amy.ng968@yahoo.com,438802,Medium,7607,New User,55,,Approved,No,No,desktop,MacOS,yahoo.com,0
3341270,2025-04-12 04:21:32,42.234,visa,debit,lisa.lim936@yahoo.com,403495,Low,5790,New User,45,,Approved,No,No,desktop,Windows,,0
3534025,2025-06-17 00:53:45,100,visa,credit,alex.lee242@outlook.com,467583,Low,9591,Existing User,38,,Approved,No,No,desktop,0,,0
3303558,2025-04-02 03:00:58,33.352,visa,debit,sarah.ong811@gmail.com,441268,Low,4238,Existing User,27,,Approved,No,No,desktop,Windows,gmail.com,0
3053285,2025-01-18 04:46:49,18.481,visa,debit,lisa.goh434@hotmail.com,467776,Low,5212,New User,48,,Approved,No,No,desktop,Windows,hotmail.com,0
3560207,2025-06-26 02:50:48,9.915,visa,debit,anna.ng848@outlook.com,443645,Low,1867,Existing User,43,,Approved,No,No,mobile,0,outlook.com,0
3107657,2025-01-28 06:06:44,10.112,visa,debit,lisa.chan651@gmail.com,465931,Low,4476,Existing User,27,,Approved,No,No,desktop,Windows,gmail.com,0
3204556,2025-02-28 19:33:34,24.772,mastercard,debit,anna.lim532@hotmail.com,522658,Low,8656,New User,42,,Approved,No,No,mobile,SM-G570M Build/MMB29K,hotmail.com,0
3478292,2025-05-29 11:33:03,100,mastercard,credit,john.koh12@anonymous.com,534557,Medium,3463,New User,69,ANONYMOUS_EMAIL,Rejected,No,No,desktop,Trident/7.0,anonymous.com,0
3210343,2025-03-02 22:07:41,40.119,mastercard,debit,sarah.teo397@outlook.com,535018,Medium,1108,Existing User,51,,Approved,No,No,mobile,0,outlook.com,0
3451727,2025-05-19 13:07:40,16.231,visa,debit,mike.teo976@gmail.com,416030,Low,5569,Existing User,33,,Approved,No,No,mobile,Alcatel_5098O Build/MMB29M,gmail.com,0
3190310,2025-02-23 20:27:28,150,visa,debit,mike.chan43@yahoo.com,454375,Low,4737,Existing User,30,,Approved,No,No,desktop,Windows,yahoo.com,0
3473449,2025-05-27 17:39:04,40.884,mastercard,debit,david.chan921@gmail.com,517693,Medium,2072,New User,56,,Approved,No,No,desktop,0,gmail.com,0
3076843,2025-01-22 19:00:23,75,visa,debit,lisa.koh789@aol.com,425301,Low,9372,New User,39,,Approved,No,No,desktop,Windows,aol.com,0
3310350,2025-04-03 18:26:49,44.469,visa,debit,david.tan202@gmail.com,459214,Low,7973,Existing User,35,,Approved,No,No,mobile,es-us,gmail.com,0
